date,weight
2016-01-01,0.0002926046901602337
2016-01-02,0.0002921835618099984
2016-01-03,0.00029177379469649264
2016-01-04,0.0002915442701345327
2016-01-05,0.00029121813955864236
2016-01-06,0.00029088604806717873
2016-01-07,0.00029054396878047835
2016-01-08,0.00029030406854208717
2016-01-09,0.00029005177248283344
2016-01-10,0.0002898452041892956
2016-01-11,0.0002897383419534456
2016-01-12,0.0002897300140795309
2016-01-13,0.00028973367090573144
2016-01-14,0.0002899947533209965
2016-01-15,0.00029016481920628455
2016-01-16,0.0002902890427435001
2016-01-17,0.00029041147334021964
2016-01-18,0.0002905276308954297
2016-01-19,0.0002905354671684015
2016-01-20,0.0002904891741889241
2016-01-21,0.0002904551621738641
2016-01-22,0.0002903527820472821
2016-01-23,0.0002901786291051755
2016-01-24,0.00028984457379735846
2016-01-25,0.00028964943564824676
2016-01-26,0.00028958542348435487
2016-01-27,0.000289618922360237
2016-01-28,0.0002895180380319939
2016-01-29,0.00028943532297737737
2016-01-30,0.0002893001597621564
2016-01-31,0.0002892294648447515
2016-02-01,0.0002891744988992473
2016-02-02,0.00028917369537238233
2016-02-03,0.00028915582589615505
2016-02-04,0.00028917532998206264
2016-02-05,0.0002891578763807774
2016-02-06,0.0002892437822497067
2016-02-07,0.0002891949808085995
2016-02-08,0.00028914689447662867
2016-02-09,0.0002889786169937477
2016-02-10,0.0002891822128350553
2016-02-11,0.00028917912869256277
2016-02-12,0.0002890382787775601
2016-02-13,0.00028876167969207233
2016-02-14,0.0002884431939446782
2016-02-15,0.000288091082809207
2016-02-16,0.0002876556670364693
2016-02-17,0.0002871701404900823
2016-02-18,0.00028660669893653177
2016-02-19,0.00028602404415128334
2016-02-20,0.00028538911786401324
2016-02-21,0.00028478054448901973
2016-02-22,0.00028422909354518055
2016-02-23,0.00028327879392044613
2016-02-24,0.00028402289484829137
2016-02-25,0.00028432135471838854
2016-02-26,0.00028434846284305443
2016-02-27,0.0002846006069259341
2016-02-28,0.0002846831590540621
2016-02-29,0.0002845480007313435
2016-03-01,0.0002843127227445077
2016-03-02,0.0002840625000696443
2016-03-03,0.00028404164718229524
2016-03-04,0.00028440798473725715
2016-03-05,0.0002848062671609657
2016-03-06,0.00028493714343838804
2016-03-07,0.0002852626510734034
2016-03-08,0.00028534751487362456
2016-03-09,0.00028550781204469256
2016-03-10,0.00028535161250393487
2016-03-11,0.00028538885583619014
2016-03-12,0.00028515256032707385
2016-03-13,0.00028501578870124446
2016-03-14,0.00028448656361879375
2016-03-15,0.0002843879834145002
2016-03-16,0.00028390153225177963
2016-03-17,0.00028352051594274236
2016-03-18,0.0002829847172723934
2016-03-19,0.0002830832534484206
2016-03-20,0.0002828638667559416
2016-03-21,0.0002828177883209879
2016-03-22,0.0002823862387277805
2016-03-23,0.000282225618344615
2016-03-24,0.00028178704033898685
2016-03-25,0.0002816679289990985
2016-03-26,0.0002813616829574675
2016-03-27,0.0002813766527017994
2016-03-28,0.00028119685094053255
2016-03-29,0.00028122580456049854
2016-03-30,0.00028100799899783
2016-03-31,0.0002810678553735493
2016-04-01,0.0002809082509222584
2016-04-02,0.00028089059401395137
2016-04-03,0.0002807320119924709
2016-04-04,0.00028070548794753667
2016-04-05,0.0002804664990692165
2016-04-06,0.0002801845652371858
2016-04-07,0.00027983517001866677
2016-04-08,0.00027996957277471544
2016-04-09,0.0002798091976401203
2016-04-10,0.0002795031553015499
2016-04-11,0.0002803511479666115
2016-04-12,0.0002815448785244879
2016-04-13,0.0002822011473614812
2016-04-14,0.0002828270436437515
2016-04-15,0.00028321455905812575
2016-04-16,0.00028388765289821176
2016-04-17,0.00028432202703511784
2016-04-18,0.0002849025185516536
2016-04-19,0.0002853310323653847
2016-04-20,0.0002860789057788583
2016-04-21,0.00028563555752630216
2016-04-22,0.00028280505753134
2016-04-23,0.000280899409434531
2016-04-24,0.000279559292374149
2016-04-25,0.0002776925143145907
2016-04-26,0.0002764066513640807
2016-04-27,0.0002754311516807897
2016-04-28,0.00027461545541122026
2016-04-29,0.000273789280917762
2016-04-30,0.00027305851025946154
2016-05-01,0.0002726350162657389
2016-05-02,0.0002721597355886729
2016-05-03,0.00027170491247906713
2016-05-04,0.0002716107386190753
2016-05-05,0.00027150299479575176
2016-05-06,0.0002711221358565576
2016-05-07,0.00027075450782757643
2016-05-08,0.00027022098612911174
2016-05-09,0.0002697429446588945
2016-05-10,0.0002694644406815925
2016-05-11,0.00026921244400082527
2016-05-12,0.0002690728043103808
2016-05-13,0.00027017441745833887
2016-05-14,0.0002737259079677117
2016-05-15,0.00027604713407029
2016-05-16,0.00027750369690373396
2016-05-17,0.00027851526463138393
2016-05-18,0.0002792867077857946
2016-05-19,0.00027991904301180663
2016-05-20,0.00028041138759101483
2016-05-21,0.00028082035632084076
2016-05-22,0.00028123649782429196
2016-05-23,0.00028157062175560976
2016-05-24,0.0002817894000143632
2016-05-25,0.00028195096963702426
2016-05-26,0.0002821666727041881
2016-05-27,0.0002824101660860563
2016-05-28,0.00028239463979147836
2016-05-29,0.00028962548482061465
2016-05-30,0.00029454179817385676
2016-05-31,0.00029814164901408827
2016-06-01,0.00030037526781867405
2016-06-02,0.0003021672031323968
2016-06-03,0.00030321835889999085
2016-06-04,0.00030756406984366067
2016-06-05,0.00031225460087094516
2016-06-06,0.00031530101972888073
2016-06-07,0.00031760199297564185
2016-06-08,0.00031887678823930244
2016-06-09,0.0003193550522191048
2016-06-10,0.00031929365128386376
2016-06-11,0.0003188503396178209
2016-06-12,0.00031887938144911773
2016-06-13,0.0003208811260301118
2016-06-14,0.00032285910483321225
2016-06-15,0.00032388033094741685
2016-06-16,0.00032422893518916615
2016-06-17,0.0003256737917585336
2016-06-18,0.0003269042540171744
2016-06-19,0.00032732793897222645
2016-06-20,0.00032751475215494417
2016-06-21,0.00032715590719104866
2016-06-22,0.000326461018588738
2016-06-23,0.00032551747339735175
2016-06-24,0.00032445812083405437
2016-06-25,0.00032331662063564404
2016-06-26,0.0003221110718970828
2016-06-27,0.00032084406606210276
2016-06-28,0.0003195570407480205
2016-06-29,0.0003187374344959365
2016-06-30,0.00031794813823029285
2016-07-01,0.00031713875709312735
2016-07-02,0.00031619285425908916
2016-07-03,0.00031509035648421267
2016-07-04,0.00031394249425391714
2016-07-05,0.00031261815256168976
2016-07-06,0.00031132562714062626
2016-07-07,0.00030996714723007554
2016-07-08,0.00030869788402899484
2016-07-09,0.0003077207249757507
2016-07-10,0.00030687282781589014
2016-07-11,0.00030606686205649213
2016-07-12,0.0003052224299823249
2016-07-13,0.00030427656534502104
2016-07-14,0.0003037237774513817
2016-07-15,0.0003029923388583127
2016-07-16,0.0003022594734500056
2016-07-17,0.00030133994389073036
2016-07-18,0.0003014907172864193
2016-07-19,0.00030132214083944305
2016-07-20,0.00030105885915915364
2016-07-21,0.00030050490108662523
2016-07-22,0.0002999941185202522
2016-07-23,0.0002994090748310845
2016-07-24,0.0002989420598100745
2016-07-25,0.00029828208695070274
2016-07-26,0.000297725511090945
2016-07-27,0.00029709105054559666
2016-07-28,0.0002965655495659428
2016-07-29,0.000295839978769985
2016-07-30,0.00029524790631983456
2016-07-31,0.00029456763675285457
2016-08-01,0.00029402263959011623
2016-08-02,0.00029326472989776924
2016-08-03,0.00029268729426972065
2016-08-04,0.0002920278938341979
2016-08-05,0.00029155133510101765
2016-08-06,0.00029083800936399636
2016-08-07,0.00029028187660305965
2016-08-08,0.00028956878949020127
2016-08-09,0.0002890082673030552
2016-08-10,0.00028818753131073117
2016-08-11,0.0002875504885204435
2016-08-12,0.0002867696165766689
2016-08-13,0.00028617058171706615
2016-08-14,0.00028532170368394293
2016-08-15,0.00028460191780605977
2016-08-16,0.0002836784451357155
2016-08-17,0.00028285431640313923
2016-08-18,0.0002817629193773054
2016-08-19,0.00028078264792038193
2016-08-20,0.0002795903968072869
2016-08-21,0.0002785465425961534
2016-08-22,0.0002771689989162701
2016-08-23,0.00027596725361128443
2016-08-24,0.0002746088775371127
2016-08-25,0.0002733916877611913
2016-08-26,0.0002752341482932176
2016-08-27,0.0002763467182352928
2016-08-28,0.00027684043197244435
2016-08-29,0.00027712456968498746
2016-08-30,0.0002770869453732257
2016-08-31,0.00027704916265404705
2016-09-01,0.0002768952051110091
2016-09-02,0.00027696023638452847
2016-09-03,0.0002769033763134017
2016-09-04,0.0002770166269484389
2016-09-05,0.00027699984745257415
2016-09-06,0.0002771697477645098
2016-09-07,0.0002772210736649279
2016-09-08,0.0002774354087214375
2016-09-09,0.0002775276315627952
2016-09-10,0.0002777808276392914
2016-09-11,0.0002780339639873348
2016-09-12,0.00027826575307494743
2016-09-13,0.00027826785373162447
2016-09-14,0.0002781579132154011
2016-09-15,0.0002779779980890186
2016-09-16,0.000277668951459649
2016-09-17,0.00027734066660571236
2016-09-18,0.0002759624161503975
2016-09-19,0.00027651903377482953
2016-09-20,0.00027682413239411125
2016-09-21,0.0002769731305561494
2016-09-22,0.0002769796750959698
2016-09-23,0.0002770122285935356
2016-09-24,0.0002768926748212301
2016-09-25,0.0002767813127513133
2016-09-26,0.0002765097557746542
2016-09-27,0.00027643246981890704
2016-09-28,0.0002760722097370154
2016-09-29,0.0002756462275642234
2016-09-30,0.00027500938491278
2016-10-01,0.00027694602525628554
2016-10-02,0.0002778405728620205
2016-10-03,0.0002782205855077424
2016-10-04,0.0002782247529729429
2016-10-05,0.00027813026845852903
2016-10-06,0.00027784274645048355
2016-10-07,0.0002774702570510682
2016-10-08,0.00027707727215210476
2016-10-09,0.0002766655307877264
2016-10-10,0.0002760648123105673
2016-10-11,0.00027539418221150835
2016-10-12,0.00027472020378134157
2016-10-13,0.0002739326719343504
2016-10-14,0.0002730222194489832
2016-10-15,0.00027197589092239986
2016-10-16,0.0002716612248419174
2016-10-17,0.0002710612281574821
2016-10-18,0.00027141930318546714
2016-10-19,0.0002714166902027021
2016-10-20,0.00027242743223462217
2016-10-21,0.0002728618659599445
2016-10-22,0.0002728599858716241
2016-10-23,0.00027370397342293284
2016-10-24,0.0002741992719841738
2016-10-25,0.0002742656494126696
2016-10-26,0.00027417855805857583
2016-10-27,0.00027087740764399185
2016-10-28,0.00026846578536422847
2016-10-29,0.00026687266838599095
2016-10-30,0.0002678800178942966
2016-10-31,0.0002683910429590444
2016-11-01,0.0002798197112227755
2016-11-02,0.000289146209036226
2016-11-03,0.0002960709180527052
2016-11-04,0.0003006554247633458
2016-11-05,0.00030335324864575
2016-11-06,0.0003049376213133886
2016-11-07,0.0003055642383347173
2016-11-08,0.0003057588896943987
2016-11-09,0.0003054223937243247
2016-11-10,0.0003048966552312253
2016-11-11,0.0003040900052938815
2016-11-12,0.000303253603049014
2016-11-13,0.0003022037314627041
2016-11-14,0.00030198138988041495
2016-11-15,0.00030141298388965387
2016-11-16,0.0003007230539101773
2016-11-17,0.00029989553194436155
2016-11-18,0.000299063269586668
2016-11-19,0.0002984385575334888
2016-11-20,0.0002978788513526862
2016-11-21,0.00029713802188678146
2016-11-22,0.00029642528810452045
2016-11-23,0.0002956438821389648
2016-11-24,0.00029498241158444367
2016-11-25,0.0002942156221884847
2016-11-26,0.0002938934848947871
2016-11-27,0.0002934075193762025
2016-11-28,0.00029302509343679376
2016-11-29,0.00029248829963392264
2016-11-30,0.00029205919643263535
2016-12-01,0.00029200961426774873
2016-12-02,0.0002940065816007846
2016-12-03,0.00029537664165287235
2016-12-04,0.0002961870112508086
2016-12-05,0.0002964652911948798
2016-12-06,0.0002966392851816581
2016-12-07,0.0002965835928909785
2016-12-08,0.0002965120417441548
2016-12-09,0.00029624308208491717
2016-12-10,0.0002960743032583787
2016-12-11,0.00029573336549746444
2016-12-12,0.0002954675674814476
2016-12-13,0.0002950408134998724
2016-12-14,0.0002947654973736403
2016-12-15,0.0002944773462951613
2016-12-16,0.00029432165410407364
2016-12-17,0.00029396525698313224
2016-12-18,0.0002934691929519901
2016-12-19,0.00029296408724413975
2016-12-20,0.00029258492405142357
2016-12-21,0.00029171676443719033
2016-12-22,0.00029112278083533866
2016-12-23,0.0002910032505208196
2016-12-24,0.00029307936376497427
2016-12-25,0.00029469934413171064
2016-12-26,0.00029537167173375564
2016-12-27,0.0002954133264219724
2016-12-28,0.0002955108400406535
2016-12-29,0.0002980451824071533
2016-12-30,0.00029954055616765717
2016-12-31,0.00030009549250714575
2017-01-01,0.00030009914499008506
2017-01-02,0.00030027607664603304
2017-01-03,0.0003009432933174633
2017-01-04,0.00030152120213929376
2017-01-05,0.00030520519175873434
2017-01-06,0.000307348586337069
2017-01-07,0.0003084445114137382
2017-01-08,0.0003088536451624888
2017-01-09,0.000309707230328075
2017-01-10,0.0003098436309179247
2017-01-11,0.0003094483559256644
2017-01-12,0.00030875700431509526
2017-01-13,0.0003078290715611195
2017-01-14,0.0003067855104485043
2017-01-15,0.0003056678777446679
2017-01-16,0.0003045280538929507
2017-01-17,0.00030334576443653014
2017-01-18,0.0003021658750582283
2017-01-19,0.00030121087368519065
2017-01-20,0.0003017663158993773
2017-01-21,0.00030183149909474564
2017-01-22,0.00030153695757571076
2017-01-23,0.0003015100623269657
2017-01-24,0.0003028806925581949
2017-01-25,0.0003047147900177909
2017-01-26,0.000306024390088437
2017-01-27,0.00030666292674035646
2017-01-28,0.0003067026527778873
2017-01-29,0.0003064128218253364
2017-01-30,0.00030587540094924835
2017-01-31,0.00030526498903077934
2017-02-01,0.00030441556074918845
2017-02-02,0.0003050816705046094
2017-02-03,0.00030507563175783233
2017-02-04,0.0003047496201656756
2017-02-05,0.0003040231044972884
2017-02-06,0.0003031272273874959
2017-02-07,0.0003020168849801431
2017-02-08,0.00030088427893770303
2017-02-09,0.0002995880326711223
2017-02-10,0.00029829306303488947
2017-02-11,0.00029690985070690817
2017-02-12,0.00029578409362488914
2017-02-13,0.0002951490492220323
2017-02-14,0.00029609253594143817
2017-02-15,0.000296263668734968
2017-02-16,0.00029608855447923554
2017-02-17,0.0002954637398288613
2017-02-18,0.00029469513233144017
2017-02-19,0.00029372146977649726
2017-02-20,0.0002927818490669288
2017-02-21,0.0002916650572112304
2017-02-22,0.00029058808522380955
2017-02-23,0.00028946665434209076
2017-02-24,0.0002892914635589705
2017-02-25,0.0002887106998878272
2017-02-26,0.0002881255402185971
2017-02-27,0.0002874815475150923
2017-02-28,0.00028771907223815
2017-03-01,0.0002884106921817782
2017-03-02,0.0002891972225678714
2017-03-03,0.0002900891719376355
2017-03-04,0.00029103709991632783
2017-03-05,0.0002912685952697386
2017-03-06,0.000291554446908245
2017-03-07,0.0002918372306922531
2017-03-08,0.00029195635169107346
2017-03-09,0.00029189070312694827
2017-03-10,0.0002915432589645661
2017-03-11,0.0002909836927372075
2017-03-12,0.00029075216906090343
2017-03-13,0.00029021513830433405
2017-03-14,0.00028951282129903574
2017-03-15,0.000288722553870395
2017-03-16,0.0002882950386205473
2017-03-17,0.000288033551276066
2017-03-18,0.00028755727278756383
2017-03-19,0.00028697365418093115
2017-03-20,0.0002864136166620537
2017-03-21,0.0002858299168648026
2017-03-22,0.00028528529183027596
2017-03-23,0.00028479068396725863
2017-03-24,0.00028441969161095156
2017-03-25,0.000284031916715212
2017-03-26,0.0002836677171194488
2017-03-27,0.00028331508196782887
2017-03-28,0.0002831152704653868
2017-03-29,0.00028293989053236937
2017-03-30,0.00028280348036391253
2017-03-31,0.0002826409805130825
2017-04-01,0.0002826221191703899
2017-04-02,0.0002826016661677492
2017-04-03,0.0002825959501241239
2017-04-04,0.000282554947560508
2017-04-05,0.0002825492084938347
2017-04-06,0.00028247261499800573
2017-04-07,0.0002823189587544687
2017-04-08,0.0002821774902362668
2017-04-09,0.00028198445480475006
2017-04-10,0.0002817823718131277
2017-04-11,0.000281428073190465
2017-04-12,0.00028133718241265545
2017-04-13,0.00028140647668530174
2017-04-14,0.0002813111310259597
2017-04-15,0.0002810729594845298
2017-04-16,0.00028091457613849157
2017-04-17,0.0002820008869957122
2017-04-18,0.00028263694168482914
2017-04-19,0.00028307089789611533
2017-04-20,0.00028321783848499476
2017-04-21,0.00028320279946458907
2017-04-22,0.0002831560973579903
2017-04-23,0.00028298025910046716
2017-04-24,0.00028276443612969043
2017-04-25,0.00028263540812875003
2017-04-26,0.00028309241372279764
2017-04-27,0.000282881049151091
2017-04-28,0.00028093878733172743
2017-04-29,0.0002793511753194606
2017-04-30,0.0002780978916889659
2017-05-01,0.00027769024449294936
2017-05-02,0.00027802855209141847
2017-05-03,0.00027873257269854106
2017-05-04,0.0002806528439237912
2017-05-05,0.00028236427379480184
2017-05-06,0.0002832521121528512
2017-05-07,0.00028458975248245197
2017-05-08,0.0002853084981352422
2017-05-09,0.0002884850933201223
2017-05-10,0.00029111336246839196
2017-05-11,0.00029401851570713965
2017-05-12,0.0002968277370375103
2017-05-13,0.0002984204613032253
2017-05-14,0.00029911077809786316
2017-05-15,0.0002992798975981142
2017-05-16,0.0002990726661613723
2017-05-17,0.0002986739190894369
2017-05-18,0.00029811249682054906
2017-05-19,0.0002982823670709038
2017-05-20,0.0002991818915099444
2017-05-21,0.0003005704530622277
2017-05-22,0.00030126069645895585
2017-05-23,0.00030180189251248626
2017-05-24,0.00030379021431229866
2017-05-25,0.0003063998655068725
2017-05-26,0.0003079304176796734
2017-05-27,0.0003086116140466529
2017-05-28,0.00030877953925206994
2017-05-29,0.00030852530720211317
2017-05-30,0.0003080830069754711
2017-05-31,0.0003074608721209944
2017-06-01,0.0003068096128345287
2017-06-02,0.0003060811281351882
2017-06-03,0.0003056858094847678
2017-06-04,0.0003055373554795404
2017-06-05,0.0003052005126273332
2017-06-06,0.00030539931522353356
2017-06-07,0.00030640710420659905
2017-06-08,0.0003067753530551606
2017-06-09,0.0003066902555022669
2017-06-10,0.00030635251220911694
2017-06-11,0.00030604208923791504
2017-06-12,0.00030583675072684324
2017-06-13,0.0003054274382641774
2017-06-14,0.00030484631021949647
2017-06-15,0.00030415211098233587
2017-06-16,0.00030337199434617016
2017-06-17,0.00030253110198933737
2017-06-18,0.0003016714475051175
2017-06-19,0.00030076307632438524
2017-06-20,0.0002998673344740857
2017-06-21,0.0002989593542689171
2017-06-22,0.00029807110259914
2017-06-23,0.0002974773490977063
2017-06-24,0.00029681530342566043
2017-06-25,0.00029718077012316784
2017-06-26,0.0002971797482339543
2017-06-27,0.00029682774891029673
2017-06-28,0.00029634534473664954
2017-06-29,0.00029639239763962287
2017-06-30,0.0002963548479504589
2017-07-01,0.00029624603076949845
2017-07-02,0.00029654599350918237
2017-07-03,0.0002964817237336061
2017-07-04,0.00029626758773793846
2017-07-05,0.00029654958314283514
2017-07-06,0.00029662244079846275
2017-07-07,0.0002964211154779154
2017-07-08,0.00029621700563832627
2017-07-09,0.00029577132954404224
2017-07-10,0.00029538459420153925
2017-07-11,0.0002948941119343864
2017-07-12,0.0002944503475523488
2017-07-13,0.00029383523921853587
2017-07-14,0.00029325026390032434
2017-07-15,0.0002926281630176802
2017-07-16,0.0002922351061061451
2017-07-17,0.00029168987206099013
2017-07-18,0.0002911650404680699
2017-07-19,0.0002907094492561947
2017-07-20,0.00029028992820026486
2017-07-21,0.0002895469609608129
2017-07-22,0.0002889053194730398
2017-07-23,0.00028821208498538807
2017-07-24,0.00028774922135622714
2017-07-25,0.0002870909125622224
2017-07-26,0.0002867180747431974
2017-07-27,0.0002862328775617394
2017-07-28,0.00028596734289611323
2017-07-29,0.00028546647689889733
2017-07-30,0.00028515913612177813
2017-07-31,0.0002847768265705725
2017-08-01,0.0002846686021787402
2017-08-02,0.0002843600333380273
2017-08-03,0.0002842314051188624
2017-08-04,0.00028407065627535793
2017-08-05,0.00028423073108804834
2017-08-06,0.00028059249130158565
2017-08-07,0.0002780011154262172
2017-08-08,0.00027599313341755135
2017-08-09,0.000274391064276024
2017-08-10,0.0002727915019295185
2017-08-11,0.00027196160521079064
2017-08-12,0.0002724372482851897
2017-08-13,0.00027445400033846665
2017-08-14,0.0002778048584331197
2017-08-15,0.0002832436052308219
2017-08-16,0.0002884733723926352
2017-08-17,0.0002926077375208534
2017-08-18,0.00029510158796818963
2017-08-19,0.00029646854302390707
2017-08-20,0.0002971404564053831
2017-08-21,0.000297390088422121
2017-08-22,0.0002973145819954101
2017-08-23,0.0002970007713893725
2017-08-24,0.0002966302246210263
2017-08-25,0.00029616653108692644
2017-08-26,0.00029563395943785523
2017-08-27,0.00029509199534815056
2017-08-28,0.00029466506712226006
2017-08-29,0.00029427894809024003
2017-08-30,0.0002942790862347787
2017-08-31,0.0002941217751787483
2017-09-01,0.0002942695255570394
2017-09-02,0.0002946832811989422
2017-09-03,0.00029482177487019564
2017-09-04,0.00029476943124269526
2017-09-05,0.0002946744461591471
2017-09-06,0.0002944713592088426
2017-09-07,0.00029425309366277384
2017-09-08,0.00029403269926719727
2017-09-09,0.00029385657230668143
2017-09-10,0.00029360286621742674
2017-09-11,0.00029331448612916587
2017-09-12,0.0002929882110042916
2017-09-13,0.0002926512017361189
2017-09-14,0.0002922743343926943
2017-09-15,0.00029189077115213515
2017-09-16,0.0002915652623566648
2017-09-17,0.0002912382842481181
2017-09-18,0.00029091892483070234
2017-09-19,0.0002905549410332754
2017-09-20,0.0002902411868763349
2017-09-21,0.0002898974184243429
2017-09-22,0.00028955856061836644
2017-09-23,0.00028915468003668285
2017-09-24,0.00028880054547662673
2017-09-25,0.00028842778070136386
2017-09-26,0.00028810067594909694
2017-09-27,0.0002877203030192243
2017-09-28,0.0002874036523538891
2017-09-29,0.00028710840119911267
2017-09-30,0.000286875569782401
2017-10-01,0.00028664935952346236
2017-10-02,0.0002865109290366257
2017-10-03,0.0002864495018165353
2017-10-04,0.0002864640878963292
2017-10-05,0.0002865141651061538
2017-10-06,0.0002866650061793985
2017-10-07,0.0002868797360665334
2017-10-08,0.0002871500128695074
2017-10-09,0.00028742605214613964
2017-10-10,0.00028778250674710255
2017-10-11,0.0002882228006353491
2017-10-12,0.00028869927662141713
2017-10-13,0.00028458295792643454
2017-10-14,0.0002803353972914376
2017-10-15,0.00027815044428067254
2017-10-16,0.00027666440622391863
2017-10-17,0.0002753436634117467
2017-10-18,0.0002763442532780888
2017-10-19,0.0002768516584373487
2017-10-20,0.0002770786065639583
2017-10-21,0.0002771547700286516
2017-10-22,0.00027701325999552717
2017-10-23,0.0002767564092163858
2017-10-24,0.0002763961215127146
2017-10-25,0.00027690717383325856
2017-10-26,0.0002773003719912818
2017-10-27,0.0002774366763397078
2017-10-28,0.00027746188796570997
2017-10-29,0.00027738300286105083
2017-10-30,0.00027676982215019114
2017-10-31,0.00027616534804192756
2017-11-01,0.00027589870088290055
2017-11-02,0.00027660996059177304
2017-11-03,0.00028186183188835974
2017-11-04,0.0002857657677535316
2017-11-05,0.00028915145226668154
2017-11-06,0.0002911898123805984
2017-11-07,0.0002922881208179732
2017-11-08,0.00029280549632428667
2017-11-09,0.0002930254564142213
2017-11-10,0.00029299802166976845
2017-11-11,0.0002928555411078675
2017-11-12,0.00029267663721807866
2017-11-13,0.0002924255773063716
2017-11-14,0.00029215087704644185
2017-11-15,0.0002918290297534358
2017-11-16,0.0002914524629142426
2017-11-17,0.0002913207476212595
2017-11-18,0.0002910592864813027
2017-11-19,0.000290704032736412
2017-11-20,0.000290503449715367
2017-11-21,0.00029054401625739436
2017-11-22,0.000290432203000448
2017-11-23,0.00029024588764651
2017-11-24,0.0002900579321125484
2017-11-25,0.00028988123915018313
2017-11-26,0.0002900322550943834
2017-11-27,0.0002909265951881431
2017-11-28,0.00029217772040625485
2017-11-29,0.00029326763664851515
2017-11-30,0.0002938483824306195
2017-12-01,0.0002941895070660031
2017-12-02,0.0002955804878776904
2017-12-03,0.00029651580953037965
2017-12-04,0.00029735480711579927
2017-12-05,0.00029825499094618125
2017-12-06,0.00029888164983485116
2017-12-07,0.00030244024214231944
2017-12-08,0.00030744280352607527
2017-12-09,0.0003107562626885698
2017-12-10,0.0003127495319735886
2017-12-11,0.00031381239166985357
2017-12-12,0.0003141701933549815
2017-12-13,0.0003143233576854523
2017-12-14,0.0003153957708862068
2017-12-15,0.0003156968807144397
2017-12-16,0.00031564221634983945
2017-12-17,0.00031630690529590186
2017-12-18,0.0003163262080033824
2017-12-19,0.00031590980124674556
2017-12-20,0.00031521749881159475
2017-12-21,0.00031425640526271174
2017-12-22,0.0003132893535217206
2017-12-23,0.00031217481643765633
2017-12-24,0.0003115468036882754
2017-12-25,0.00031067078126407544
2017-12-26,0.0003104031351090864
2017-12-27,0.0003097927198216277
2017-12-28,0.0003089549824252263
2017-12-29,0.0003081317812121157
2017-12-30,0.00030713772612705375
2017-12-31,0.00030608757851125943
2018-01-01,0.0003050091209348699
2018-01-02,0.0003038753303091911
2018-01-03,0.0003029268704097982
2018-01-04,0.00030201126473336195
2018-01-05,0.00030118908499520667
2018-01-06,0.0003005837239956348
2018-01-07,0.0003001072321241278
2018-01-08,0.00029946742720588654
2018-01-09,0.00029886169868148906
2018-01-10,0.000299550749564095
2018-01-11,0.0003000471447653479
2018-01-12,0.00030009753246322627
2018-01-13,0.00029982506637905013
2018-01-14,0.00029931782117665245
2018-01-15,0.0002985785759260172
2018-01-16,0.00029776053712338174
2018-01-17,0.0002968945635277515
2018-01-18,0.00029602247505067063
2018-01-19,0.00029508917554215596
2018-01-20,0.0002941761642748226
2018-01-21,0.00029326344623580394
2018-01-22,0.00029233813256449546
2018-01-23,0.0002917463911990773
2018-01-24,0.00029112025475503474
2018-01-25,0.0002904107364103814
2018-01-26,0.00028966169754202504
2018-01-27,0.00028889305832359647
2018-01-28,0.0002881552523418781
2018-01-29,0.0002874197003208319
2018-01-30,0.00028675745470224266
2018-01-31,0.0002859982832778155
2018-02-01,0.00028533252314208956
2018-02-02,0.0002847106860236953
2018-02-03,0.0002841661036666739
2018-02-04,0.00028350306660958005
2018-02-05,0.0002829155679292102
2018-02-06,0.000282367125680606
2018-02-07,0.00028189232599681304
2018-02-08,0.0002812847575281755
2018-02-09,0.0002807387846551749
2018-02-10,0.0002802135617519597
2018-02-11,0.0002805617738953261
2018-02-12,0.00028070100904886946
2018-02-13,0.0002811760936784728
2018-02-14,0.00028151418696594556
2018-02-15,0.0002816879386727157
2018-02-16,0.0002816862089098541
2018-02-17,0.00028166895395528564
2018-02-18,0.00028163985797877915
2018-02-19,0.000281500821365296
2018-02-20,0.00028125818400352324
2018-02-21,0.00028099693587274144
2018-02-22,0.0002807712960413661
2018-02-23,0.0002804955682047171
2018-02-24,0.00028020597932404786
2018-02-25,0.0002799738305101699
2018-02-26,0.00027987206239868536
2018-02-27,0.0002797883888489945
2018-02-28,0.00027972470707696644
2018-03-01,0.00027971898144595677
2018-03-02,0.00027985437358252246
2018-03-03,0.0002800139874702562
2018-03-04,0.0002802291984114398
2018-03-05,0.0002804524935452334
2018-03-06,0.0002807486911067238
2018-03-07,0.00028101739060795223
2018-03-08,0.0002812473317495586
2018-03-09,0.0002815118388987091
2018-03-10,0.0002818385631261561
2018-03-11,0.00028216404247977047
2018-03-12,0.0002824383866763285
2018-03-13,0.00028279667558070453
2018-03-14,0.000283137612708595
2018-03-15,0.00028351814420281057
2018-03-16,0.00028379532840826373
2018-03-17,0.0002837215162026563
2018-03-18,0.0002834618572878988
2018-03-19,0.0002825996977969493
2018-03-20,0.0002820487574995574
2018-03-21,0.00028177549624230225
2018-03-22,0.00028183943403201826
2018-03-23,0.0002821131884161228
2018-03-24,0.0002825819677553791
2018-03-25,0.000283100020463344
2018-03-26,0.00028376603556362444
2018-03-27,0.0002844755134305301
2018-03-28,0.00028529814063164675
2018-03-29,0.0002861673680626971
2018-03-30,0.0002871737793491797
2018-03-31,0.0002881114230583447
2018-04-01,0.0002891514563740217
2018-04-02,0.00029007488315133936
2018-04-03,0.00029111926754528394
2018-04-04,0.000292117707858916
2018-04-05,0.00029301254818534997
2018-04-06,0.00029387915348152115
2018-04-07,0.00029244711240716494
2018-04-08,0.00028986093094175643
2018-04-09,0.0002879719273089951
2018-04-10,0.0002868997896918157
2018-04-11,0.00028593662485230833
2018-04-12,0.0002856142892466252
2018-04-13,0.00028560314373708316
2018-04-14,0.00028507183112787927
2018-04-15,0.00028472203590163784
2018-04-16,0.0002840495598009928
2018-04-17,0.0002838742288270447
2018-04-18,0.00028384265577584945
2018-04-19,0.00028393307746003594
2018-04-20,0.0002841342790699175
2018-04-21,0.00028493521155874887
2018-04-22,0.0002854232000433751
2018-04-23,0.0002856635722117614
2018-04-24,0.00028578557162327377
2018-04-25,0.00028580408434753933
2018-04-26,0.0002856745006434877
2018-04-27,0.0002853920178211906
2018-04-28,0.00028512158621876916
2018-04-29,0.0002849297918878111
2018-04-30,0.0002847870061238709
2018-05-01,0.0002846358315427161
2018-05-02,0.00028459797028297456
2018-05-03,0.0002845976397920345
2018-05-04,0.00028450155909434525
2018-05-05,0.0002843162625218198
2018-05-06,0.0002841383008864548
2018-05-07,0.0002839018888106653
2018-05-08,0.00028363154716411383
2018-05-09,0.0002833396994845292
2018-05-10,0.00028324154316745003
2018-05-11,0.00028318020967756726
2018-05-12,0.00028312521377474493
2018-05-13,0.00028300599676018184
2018-05-14,0.00028303483271419414
2018-05-15,0.000283032730652098
2018-05-16,0.0002829963179340078
2018-05-17,0.0002828016231395863
2018-05-18,0.000282684838109668
2018-05-19,0.0002825250245449579
2018-05-20,0.00028231952099275247
2018-05-21,0.0002820358152991195
2018-05-22,0.0002819398717969651
2018-05-23,0.00028196685727034925
2018-05-24,0.00028201940870665456
2018-05-25,0.00028213534542620173
2018-05-26,0.00028239166902341056
2018-05-27,0.0002827221049503781
2018-05-28,0.0002830139657449919
2018-05-29,0.00028333098831631555
2018-05-30,0.0002836702225506768
2018-05-31,0.00028406419640526
2018-06-01,0.00028438923069994056
2018-06-02,0.00028468004590804266
2018-06-03,0.00028507570126035044
2018-06-04,0.00028297306605891014
2018-06-05,0.00028246971316316815
2018-06-06,0.00028257468230538397
2018-06-07,0.0002825380671593239
2018-06-08,0.0002825419864366489
2018-06-09,0.00028252785507418905
2018-06-10,0.00028240075796811024
2018-06-11,0.00028230475810436513
2018-06-12,0.00028238670894089815
2018-06-13,0.0002821545293409197
2018-06-14,0.00028122704228302425
2018-06-15,0.0002807268471928629
2018-06-16,0.0002804653057253809
2018-06-17,0.00028051839077931613
2018-06-18,0.0002805623220770244
2018-06-19,0.00028081542602582054
2018-06-20,0.0002811794809053008
2018-06-21,0.0002817855907354249
2018-06-22,0.00028233307672687996
2018-06-23,0.00028185713833239485
2018-06-24,0.0002817614839460286
2018-06-25,0.0002819660172302475
2018-06-26,0.00028221955679116163
2018-06-27,0.0002825652795743905
2018-06-28,0.0002830038176057642
2018-06-29,0.00028272184410668184
2018-06-30,0.00028263470724589204
2018-07-01,0.00028272018117171443
2018-07-02,0.0002830135715097547
2018-07-03,0.0002833489340082062
2018-07-04,0.000283680556651144
2018-07-05,0.0002839944067501517
2018-07-06,0.00028436263999747003
2018-07-07,0.0002847454710488208
2018-07-08,0.000285089062380229
2018-07-09,0.0002854451199916365
2018-07-10,0.0002858218405899103
2018-07-11,0.0002862271813618136
2018-07-12,0.00028664077909926075
2018-07-13,0.0002870586504782146
2018-07-14,0.0002875523958370314
2018-07-15,0.0002880204085491233
2018-07-16,0.00028853282691781475
2018-07-17,0.0002890087626887089
2018-07-18,0.00028958009152032377
2018-07-19,0.000290073517303472
2018-07-20,0.0002906220052171611
2018-07-21,0.00029104506688703175
2018-07-22,0.000291521442084677
2018-07-23,0.0002918310525201281
2018-07-24,0.00029216203124795886
2018-07-25,0.00029237084173803373
2018-07-26,0.0002926400000184544
2018-07-27,0.00029272127519400416
2018-07-28,0.0002927970775582653
2018-07-29,0.0002927522339964324
2018-07-30,0.0002927470494592495
2018-07-31,0.0002925380605773568
2018-08-01,0.000292299174821269
2018-08-02,0.0002918571908397393
2018-08-03,0.0002914856520643594
2018-08-04,0.0002903426699993197
2018-08-05,0.0002890143600995564
2018-08-06,0.00028773155154367727
2018-08-07,0.0002867206725401743
2018-08-08,0.0002852838385414783
2018-08-09,0.0002847280033708689
2018-08-10,0.00028404852604683913
2018-08-11,0.0002834389755410036
2018-08-12,0.0002827484348937329
2018-08-13,0.0002826379983262499
2018-08-14,0.00028242910912472234
2018-08-15,0.0002823594696671382
2018-08-16,0.0002821396616831082
2018-08-17,0.00028216810915960693
2018-08-18,0.000282149086870886
2018-08-19,0.0002822285242418427
2018-08-20,0.00028227934737390083
2018-08-21,0.00028267368419500653
2018-08-22,0.000283103448152227
2018-08-23,0.00028368905347165647
2018-08-24,0.00028415677630673584
2018-08-25,0.0002848257911509494
2018-08-26,0.00028544404945441294
2018-08-27,0.00028613945204237123
2018-08-28,0.00028666080171675125
2018-08-29,0.00028732799187126777
2018-08-30,0.0002878965720100607
2018-08-31,0.00028850490964420824
2018-09-01,0.0002888751747604624
2018-09-02,0.0002893623093637093
2018-09-03,0.0002897330338779497
2018-09-04,0.00029013679546938326
2018-09-05,0.00029035857924309224
2018-09-06,0.0002906909635325209
2018-09-07,0.0002908888255209571
2018-09-08,0.0002910270687831664
2018-09-09,0.0002909366464742015
2018-09-10,0.0002908977484940047
2018-09-11,0.00029073756013413786
2018-09-12,0.00029056469641981824
2018-09-13,0.0002903721268195913
2018-09-14,0.0002903168941815703
2018-09-15,0.0002903130467406076
2018-09-16,0.00029035796563373236
2018-09-17,0.00029050053872721845
2018-09-18,0.0002907091537684106
2018-09-19,0.00029092638008147833
2018-09-20,0.0002909749321069632
2018-09-21,0.0002909714011282826
2018-09-22,0.0002908509732716972
2018-09-23,0.00029079144901549133
2018-09-24,0.00029056279502984893
2018-09-25,0.00029034104877197474
2018-09-26,0.0002900196455548538
2018-09-27,0.0002943592575007832
2018-09-28,0.00029732443488769526
2018-09-29,0.0002993965557006486
2018-09-30,0.00030085760488674765
2018-10-01,0.0003018146901664671
2018-10-02,0.0003024547475490849
2018-10-03,0.00030295807364105764
2018-10-04,0.00030335213591829
2018-10-05,0.00030365137858638327
2018-10-06,0.0003038372479894356
2018-10-07,0.0003040525699828043
2018-10-08,0.00030414642769835583
2018-10-09,0.00030419182121049694
2018-10-10,0.00030411119971816955
2018-10-11,0.0003040519745740748
2018-10-12,0.00030393739958680955
2018-10-13,0.00030392376089531556
2018-10-14,0.0003040019907574658
2018-10-15,0.0003044649662765044
2018-10-16,0.00030502647610813975
2018-10-17,0.0003058180514861125
2018-10-18,0.0003065690345718211
2018-10-19,0.0003075874165219147
2018-10-20,0.000308571355677754
2018-10-21,0.0003097304818863948
2018-10-22,0.0003108027340355282
2018-10-23,0.00031145260683249803
2018-10-24,0.0003121893891538662
2018-10-25,0.0003130360803263053
2018-10-26,0.0003137961281536614
2018-10-27,0.00031470023921672174
2018-10-28,0.0003152282931369687
2018-10-29,0.00031240616627446126
2018-10-30,0.00030935747518367546
2018-10-31,0.00030711904589884626
2018-11-01,0.00030435593539243654
2018-11-02,0.0003023142448098533
2018-11-03,0.00030108129979048077
2018-11-04,0.0003004900485000991
2018-11-05,0.0003002308322109906
2018-11-06,0.0003000833109345092
2018-11-07,0.00029997801535204045
2018-11-08,0.000299967742297806
2018-11-09,0.0003007735693372255
2018-11-10,0.0003013073977136323
2018-11-11,0.0003015903636842762
2018-11-12,0.0003018364379643122
2018-11-13,0.0003018778447884798
2018-11-14,0.00030197946025771835
2018-11-15,0.0002896290057023001
2018-11-16,0.00028126358273148115
2018-11-17,0.0002756508777317281
2018-11-18,0.0002720931933187916
2018-11-19,0.0002695957026230303
2018-11-20,0.0002744767478549315
2018-11-21,0.00028185612550712426
2018-11-22,0.00028696065171955577
2018-11-23,0.0002901553567229004
2018-11-24,0.0002924129892409766
2018-11-25,0.00029697571748297234
2018-11-26,0.00029998393250279696
2018-11-27,0.0003021062599829262
2018-11-28,0.00030339036013098916
2018-11-29,0.00030381105335251866
2018-11-30,0.00030395271668285593
2018-12-01,0.0003036027337525648
2018-12-02,0.00030315966123213155
2018-12-03,0.0003024502073876801
2018-12-04,0.00030714554508296866
2018-12-05,0.0003107285942196379
2018-12-06,0.0003129990457130262
2018-12-07,0.0003145132934003628
2018-12-08,0.0003155561317951884
2018-12-09,0.0003157903201091305
2018-12-10,0.00031567602237949553
2018-12-11,0.0003152098222577024
2018-12-12,0.0003145818073970009
2018-12-13,0.00031371871864710026
2018-12-14,0.00031297545013886765
2018-12-15,0.00031220778735655084
2018-12-16,0.0003114114518386193
2018-12-17,0.0003105181939013941
2018-12-18,0.00030968446145423914
2018-12-19,0.0003088006382433695
2018-12-20,0.0003079343396267363
2018-12-21,0.00030722767582100146
2018-12-22,0.0003065450004149875
2018-12-23,0.00030596340725954675
2018-12-24,0.0003053729090977625
2018-12-25,0.0003046848383885024
2018-12-26,0.00030405212493969604
2018-12-27,0.00030381125389471604
2018-12-28,0.00030367302058348085
2018-12-29,0.00030330662877439186
2018-12-30,0.0003029514185550722
2018-12-31,0.0003025191409057964
2019-01-01,0.0003020767227135783
2019-01-02,0.0003015638897659146
2019-01-03,0.00030114979279958804
2019-01-04,0.0003007262560867348
2019-01-05,0.0003003367798720462
2019-01-06,0.00029993612920998494
2019-01-07,0.0002997488420876876
2019-01-08,0.00030004834364295494
2019-01-09,0.00030068441422136756
2019-01-10,0.0003011163047142344
2019-01-11,0.0003015172884908267
2019-01-12,0.00030179403743019716
2019-01-13,0.00030202806918366225
2019-01-14,0.00030214577715186915
2019-01-15,0.0003022631391781694
2019-01-16,0.00030236096750076277
2019-01-17,0.0003024841458614693
2019-01-18,0.00030262515735711995
2019-01-19,0.0003027996428250188
2019-01-20,0.0003029984453531292
2019-01-21,0.00030321033011930303
2019-01-22,0.0003034641319947628
2019-01-23,0.0003037832995960012
2019-01-24,0.000304164414173202
2019-01-25,0.00030457770606202134
2019-01-26,0.00030507468188664303
2019-01-27,0.0003056688657069989
2019-01-28,0.000306353122224604
2019-01-29,0.0003070428528877683
2019-01-30,0.00030780508546275924
2019-01-31,0.00030863120591912715
2019-02-01,0.0003094906483435746
2019-02-02,0.00031035407425363996
2019-02-03,0.00031124853783544315
2019-02-04,0.0003121247223775634
2019-02-05,0.0003130012019831024
2019-02-06,0.00031375935296323274
2019-02-07,0.00031458941743272857
2019-02-08,0.000315406710555302
2019-02-09,0.0003162142329988878
2019-02-10,0.0003169227126225447
2019-02-11,0.00031757853573845593
2019-02-12,0.00031629928350481633
2019-02-13,0.00031564378066196373
2019-02-14,0.00031529084336197934
2019-02-15,0.0003153331184600399
2019-02-16,0.0003154999167880537
2019-02-17,0.00030930194647923873
2019-02-18,0.00030191281105469513
2019-02-19,0.00029686098631145365
2019-02-20,0.00029087679746695865
2019-02-21,0.00028653932290199533
2019-02-22,0.00028337916414202235
2019-02-23,0.0002811800301188544
2019-02-24,0.00027971724445984177
2019-02-25,0.00027859475154496207
2019-02-26,0.0002775486042216999
2019-02-27,0.0002766742493737551
2019-02-28,0.0002761040398841668
2019-03-01,0.0002756413209319244
2019-03-02,0.00027529140890428553
2019-03-03,0.00027512852458061514
2019-03-04,0.0002750491950903413
2019-03-05,0.0002750352851779497
2019-03-06,0.00027497691659707414
2019-03-07,0.000274928317638196
2019-03-08,0.00027492602158716136
2019-03-09,0.0002748800035213975
2019-03-10,0.0002748568786275441
2019-03-11,0.0002747710729778482
2019-03-12,0.00027469214543373254
2019-03-13,0.00027440315715059294
2019-03-14,0.0002740833287446147
2019-03-15,0.0002735976284519532
2019-03-16,0.000273208620606235
2019-03-17,0.0002743286082710165
2019-03-18,0.0002751827674891581
2019-03-19,0.00027575028154330506
2019-03-20,0.00027615889058250654
2019-03-21,0.000276441166009326
2019-03-22,0.0002766822340108759
2019-03-23,0.0002768523619769117
2019-03-24,0.00027709354462385454
2019-03-25,0.00027737241147897596
2019-03-26,0.0002777656985510397
2019-03-27,0.00027813009387801964
2019-03-28,0.0002785420874744442
2019-03-29,0.00027890571498002573
2019-03-30,0.00027938021476042773
2019-03-31,0.00027985700084143646
2019-04-01,0.00028037712973678376
2019-04-02,0.0002805088697172951
2019-04-03,0.00028968937701878824
2019-04-04,0.0002965512687411175
2019-04-05,0.0003012778505289511
2019-04-06,0.0003050295255623924
2019-04-07,0.00030768019222136725
2019-04-08,0.00031023881427467417
2019-04-09,0.00031238394479077796
2019-04-10,0.00031360948833447806
2019-04-11,0.00031437878211065936
2019-04-12,0.00031463498004427094
2019-04-13,0.0003145382120411526
2019-04-14,0.0003141721310000576
2019-04-15,0.0003136611738607554
2019-04-16,0.00031294711377014304
2019-04-17,0.00031211780082833284
2019-04-18,0.0003111573919066297
2019-04-19,0.0003102323016792814
2019-04-20,0.00030928676429744796
2019-04-21,0.0003083849857352236
2019-04-22,0.0003074659912891635
2019-04-23,0.00030658936734715575
2019-04-24,0.0003059754117191799
2019-04-25,0.000305243267332531
2019-04-26,0.00030443674433015155
2019-04-27,0.00030362849975937664
2019-04-28,0.00030274747250346904
2019-04-29,0.00030184622202630005
2019-04-30,0.0003009271105457141
2019-05-01,0.000300065248847367
2019-05-02,0.0002991745402482179
2019-05-03,0.00029832546574273474
2019-05-04,0.0002974305716356118
2019-05-05,0.0002966787171575701
2019-05-06,0.00029588898329362996
2019-05-07,0.00029510618987827077
2019-05-08,0.00029435403697353907
2019-05-09,0.00029596140214329536
2019-05-10,0.0002973291621479205
2019-05-11,0.00029859317362778174
2019-05-12,0.00030331959607927597
2019-05-13,0.0003062073364172413
2019-05-14,0.0003091573332933592
2019-05-15,0.0003111883883937876
2019-05-16,0.00031285745983407846
2019-05-17,0.0003138157258479595
2019-05-18,0.00031450131426912794
2019-05-19,0.0003155759746569342
2019-05-20,0.0003159140435283076
2019-05-21,0.00031575054533501955
2019-05-22,0.00031522154237462646
2019-05-23,0.0003144618766890937
2019-05-24,0.00031352679240342993
2019-05-25,0.00031249755871935557
2019-05-26,0.000311405336424817
2019-05-27,0.0003109538887083513
2019-05-28,0.00031035685146232114
2019-05-29,0.00030953384491612276
2019-05-30,0.0003085764029763137
2019-05-31,0.00030755938216736953
2019-06-01,0.0003065133479556145
2019-06-02,0.00030547538785396995
2019-06-03,0.0003058166518488724
2019-06-04,0.0003057236364922047
2019-06-05,0.0003053361958403318
2019-06-06,0.0003047500627829463
2019-06-07,0.0003041988549393864
2019-06-08,0.0003035327911668921
2019-06-09,0.0003027665751795598
2019-06-10,0.00030192082923861816
2019-06-11,0.00030107267595667393
2019-06-12,0.0003002334357180813
2019-06-13,0.0002997392995221415
2019-06-14,0.0002991830642565694
2019-06-15,0.0002985980905280987
2019-06-16,0.00029789349192492194
2019-06-17,0.0002969600665461464
2019-06-18,0.0002958619730913584
2019-06-19,0.0002948727891266267
2019-06-20,0.000293976188011054
2019-06-21,0.0002929477327420841
2019-06-22,0.00029161424392814444
2019-06-23,0.00029067004833767905
2019-06-24,0.00028981591487349794
2019-06-25,0.0002895649713557125
2019-06-26,0.0002900826233181365
2019-06-27,0.0002926130841066697
2019-06-28,0.00029395670749943046
2019-06-29,0.00029447737377597335
2019-06-30,0.00029471718356377855
2019-07-01,0.00029871195492357035
2019-07-02,0.00030111744600609436
2019-07-03,0.0003022967474914941
2019-07-04,0.00030360711486940626
2019-07-05,0.0003040988462152122
2019-07-06,0.00030404568926626686
2019-07-07,0.00030362287508049816
2019-07-08,0.0003029432685833129
2019-07-09,0.00030206456977170264
2019-07-10,0.0003010628315681854
2019-07-11,0.0003000111279956487
2019-07-12,0.0002988934261161446
2019-07-13,0.0002977308050915031
2019-07-14,0.00029656471718050815
2019-07-15,0.0002958438476721825
2019-07-16,0.00029506132833537094
2019-07-17,0.0002941676050631678
2019-07-18,0.00029324451543949844
2019-07-19,0.00029229705973045307
2019-07-20,0.00029138439745803616
2019-07-21,0.00029043551396746057
2019-07-22,0.0002894842593300805
2019-07-23,0.00028852991837279224
2019-07-24,0.0002875933672512231
2019-07-25,0.00028664610909187496
2019-07-26,0.00028561876307458585
2019-07-27,0.0002845880192069733
2019-07-28,0.00028357525827618933
2019-07-29,0.0002827298876670119
2019-07-30,0.0002818904639150933
2019-07-31,0.00028111170562253746
2019-08-01,0.00028077158628555897
2019-08-02,0.0002802340978143679
2019-08-03,0.000279513159035155
2019-08-04,0.0002786842881458147
2019-08-05,0.0002780130038056478
2019-08-06,0.0002773862298562629
2019-08-07,0.00027702793945364194
2019-08-08,0.0002769912437832342
2019-08-09,0.00027840917940801185
2019-08-10,0.0002790978484684981
2019-08-11,0.00028063311009959244
2019-08-12,0.00028151901469754964
2019-08-13,0.0002820448425569823
2019-08-14,0.000282156052503041
2019-08-15,0.00028197978644392926
2019-08-16,0.00028167536680687784
2019-08-17,0.00028260845427836113
2019-08-18,0.0002829995391659108
2019-08-19,0.00028295287770023616
2019-08-20,0.0002826902391593337
2019-08-21,0.000282246992655242
2019-08-22,0.0002817335882804758
2019-08-23,0.000281156812421987
2019-08-24,0.00028070543204542
2019-08-25,0.000280307080230603
2019-08-26,0.0002799467756452783
2019-08-27,0.000279530592700181
2019-08-28,0.00027916060900993897
2019-08-29,0.00027875835616590405
2019-08-30,0.00027840436665593126
2019-08-31,0.000277874803330792
2019-09-01,0.0002773425895206178
2019-09-02,0.00027661776568154155
2019-09-03,0.00027575884486336386
2019-09-04,0.00027476306765109016
2019-09-05,0.0002738370130842356
2019-09-06,0.00027289688853575226
2019-09-07,0.00027189264861603206
2019-09-08,0.0002708871709646099
2019-09-09,0.0002697998720624726
2019-09-10,0.00026893894020782574
2019-09-11,0.00026806873625914187
2019-09-12,0.0002687736421956266
2019-09-13,0.00026985612716740786
2019-09-14,0.0002717187418073994
2019-09-15,0.000272975337560973
2019-09-16,0.00027344774273034106
2019-09-17,0.0002759340613271681
2019-09-18,0.0002796357018417218
2019-09-19,0.0002822858115050733
2019-09-20,0.0002841326228622906
2019-09-21,0.0002857492605138774
2019-09-22,0.0002871369666673861
2019-09-23,0.00028835453584876586
2019-09-24,0.0002893080414596375
2019-09-25,0.0002821902328314091
2019-09-26,0.0002769181041281494
2019-09-27,0.00027317219804688593
2019-09-28,0.00027063074171639826
2019-09-29,0.00026896414440976237
2019-09-30,0.0002681286124942532
2019-10-01,0.00026758603638173773
2019-10-02,0.0002674094782072893
2019-10-03,0.00026747928962205783
2019-10-04,0.0002679696730082376
2019-10-05,0.0002683530558750559
2019-10-06,0.0002688311806163588
2019-10-07,0.00026861367160471494
2019-10-08,0.0002703241024265684
2019-10-09,0.00027226069222977505
2019-10-10,0.0002737631272541067
2019-10-11,0.00027485445957360687
2019-10-12,0.00027588400965852285
2019-10-13,0.0002766872606813718
2019-10-14,0.0002774792308045914
2019-10-15,0.0002781713065399652
2019-10-16,0.00027886949375428675
2019-10-17,0.00027952957047144866
2019-10-18,0.0002801669431099444
2019-10-19,0.0002807966127791041
2019-10-20,0.00028151846832675154
2019-10-21,0.00028228841547868656
2019-10-22,0.00028305347723041866
2019-10-23,0.00028380705518536926
2019-10-24,0.0002829971581311686
2019-10-25,0.00028259362512608245
2019-10-26,0.0002824926553296558
2019-10-27,0.00028260904319553815
2019-10-28,0.00028290318740478194
2019-10-29,0.00028325626714256275
2019-10-30,0.0002835678511788402
2019-10-31,0.00028386819031658763
2019-11-01,0.0002840228690723878
2019-11-02,0.0002841446331781916
2019-11-03,0.0002839619681639552
2019-11-04,0.00028376441310387797
2019-11-05,0.00028330028291051115
2019-11-06,0.0002828078893125219
2019-11-07,0.0002821892973603137
2019-11-08,0.0002821275676023364
2019-11-09,0.0002817649008816198
2019-11-10,0.0002816783814010699
2019-11-11,0.00028349230302934623
2019-11-12,0.0002846817142850197
2019-11-13,0.0002853632675812569
2019-11-14,0.0002857013743742121
2019-11-15,0.0002857543263295794
2019-11-16,0.0002856634844732035
2019-11-17,0.0002853656191295922
2019-11-18,0.00028547727834206507
2019-11-19,0.0002863466784105344
2019-11-20,0.00028690290948099405
2019-11-21,0.00028708043345914867
2019-11-22,0.0002871876491704202
2019-11-23,0.00028657883632053844
2019-11-24,0.0002861326121752835
2019-11-25,0.00028533901557554217
2019-11-26,0.00028474049686025136
2019-11-27,0.0002843800209555536
2019-11-28,0.0002841657128909915
2019-11-29,0.00028407677734634476
2019-11-30,0.0002839015339290267
2019-12-01,0.0002837586447566634
2019-12-02,0.0002834921561960243
2019-12-03,0.00028336311962040453
2019-12-04,0.00028306625533726376
2019-12-05,0.0002832434798582028
2019-12-06,0.00028326729064009714
2019-12-07,0.00028363460864728107
2019-12-08,0.00028381196377950995
2019-12-09,0.0002839542291376648
2019-12-10,0.00028404236499188977
2019-12-11,0.0002840071324567251
2019-12-12,0.00028399247627925643
2019-12-13,0.0002839284498518494
2019-12-14,0.0002839646239518942
2019-12-15,0.00028400594379021714
2019-12-16,0.00028401302518486586
2019-12-17,0.00028355404107927
2019-12-18,0.0002810290561918731
2019-12-19,0.00027924294233273476
2019-12-20,0.00027796589026431656
2019-12-21,0.0002771003163303735
2019-12-22,0.000277112247470826
2019-12-23,0.0002780382021191335
2019-12-24,0.0002787293756642378
2019-12-25,0.0002793653351814221
2019-12-26,0.0002799313286357311
2019-12-27,0.00028045688396978507
2019-12-28,0.0002809429176788608
2019-12-29,0.00028139861782455224
2019-12-30,0.0002818652020859173
2019-12-31,0.0002823288112420708
2020-01-01,0.00028280578196866686
2020-01-02,0.000283273972246188
2020-01-03,0.0002837806536040705
2020-01-04,0.0002843060510717035
2020-01-05,0.00028482740224286556
2020-01-06,0.00028536673976320003
2020-01-07,0.00028592571639992937
2020-01-08,0.0002864858744820411
2020-01-09,0.00028697456873019185
2020-01-10,0.00028741375855356293
2020-01-11,0.00028779605839742876
2020-01-12,0.00028811796404166204
2020-01-13,0.0002883711108780848
2020-01-14,0.00028851234026198123
2020-01-15,0.0002885853934602483
2020-01-16,0.00028863871243096353
2020-01-17,0.0002886574154682411
2020-01-18,0.0002886546900383778
2020-01-19,0.00028865570659729177
2020-01-20,0.00028862273560538676
2020-01-21,0.0002885304614462812
2020-01-22,0.0002883734144522612
2020-01-23,0.0002881803785512962
2020-01-24,0.0002879994748125364
2020-01-25,0.0002876702264369709
2020-01-26,0.00028754976220678636
2020-01-27,0.0002872698953331568
2020-01-28,0.000287010886123679
2020-01-29,0.0002866593794189889
2020-01-30,0.000286286914343379
2020-01-31,0.0002857782559441327
2020-02-01,0.00028537099569214295
2020-02-02,0.0002849886250578668
2020-02-03,0.00028466078337988435
2020-02-04,0.00028442471964045375
2020-02-05,0.0002843499707423875
2020-02-06,0.00028444675110303415
2020-02-07,0.0002847562793962033
2020-02-08,0.0002852184066212283
2020-02-09,0.00028591995624279234
2020-02-10,0.00028721237430302387
2020-02-11,0.0002881763680950088
2020-02-12,0.0002892821522891403
2020-02-13,0.00029036260868038464
2020-02-14,0.00029114665712694823
2020-02-15,0.0002917187600487587
2020-02-16,0.00029214372203405404
2020-02-17,0.00029246321832849815
2020-02-18,0.0002926358677527005
2020-02-19,0.0002927391174518051
2020-02-20,0.00029269188368369965
2020-02-21,0.00029259159333562686
2020-02-22,0.00029233752044486927
2020-02-23,0.00029207271901586637
2020-02-24,0.0002917761694084444
2020-02-25,0.00029155292236610525
2020-02-26,0.00029124206534366775
2020-02-27,0.000291021159265134
2020-02-28,0.0002907631738551121
2020-02-29,0.0002905822232432027
2020-03-01,0.00029027227136151063
2020-03-02,0.0002899841973687037
2020-03-03,0.00028966179930272446
2020-03-04,0.0002894110768924297
2020-03-05,0.0002890859631394348
2020-03-06,0.00028877591404843103
2020-03-07,0.00028846528758402393
2020-03-08,0.00028823774596238485
2020-03-09,0.00028793756051483034
2020-03-10,0.0002876334693849342
2020-03-11,0.0002872960538792074
2020-03-12,0.00028702018907070953
2020-03-13,0.0002893789883167805
2020-03-14,0.0002912343494986813
2020-03-15,0.0002925581586772138
2020-03-16,0.0002937138020551484
2020-03-17,0.00029451564081312985
2020-03-18,0.000295250258147578
2020-03-19,0.0002957094938567178
2020-03-20,0.00029625157809486666
2020-03-21,0.0002965799845363126
2020-03-22,0.0002969713339847114
2020-03-23,0.0002971501550898853
2020-03-24,0.0002974464028142542
2020-03-25,0.0002975518725615112
2020-03-26,0.0002977169900798812
2020-03-27,0.00029770160969289447
2020-03-28,0.00029780182224726603
2020-03-29,0.0002977597419098744
2020-03-30,0.0002978096881260682
2020-03-31,0.00029773142279011674
2020-04-01,0.00029778383561017424
2020-04-02,0.0002977293407799795
2020-04-03,0.00029775751065560537
2020-04-04,0.000297636759602748
2020-04-05,0.000297609185458215
2020-04-06,0.0002974465186008188
2020-04-07,0.00029736621271034
2020-04-08,0.00029711590416979137
2020-04-09,0.00029698839679289274
2020-04-10,0.00029673317477008966
2020-04-11,0.0002965595876850084
2020-04-12,0.00029617122155104896
2020-04-13,0.0002959135381230233
2020-04-14,0.00029549566142919657
2020-04-15,0.0002951435990509186
2020-04-16,0.00029463558671586845
2020-04-17,0.00029427961725647916
2020-04-18,0.00029383072206235877
2020-04-19,0.00029349258448463296
2020-04-20,0.00029303779890815047
2020-04-21,0.0002927689197743244
2020-04-22,0.00029242405183823504
2020-04-23,0.00029218832517718143
2020-04-24,0.00029181986162823406
2020-04-25,0.0002916013048170221
2020-04-26,0.0002912568009492624
2020-04-27,0.00029096836339973143
2020-04-28,0.000290488626151119
2020-04-29,0.000290182611694985
2020-04-30,0.00028974202591841266
2020-05-01,0.0002894187800980858
2020-05-02,0.0002889340818865792
2020-05-03,0.0002887039552523837
2020-05-04,0.00028832516753080333
2020-05-05,0.0002880508192868828
2020-05-06,0.0002875562993736086
2020-05-07,0.00028727281826856514
2020-05-08,0.0002867705837264815
2020-05-09,0.0002863603896992162
2020-05-10,0.0002856988603039384
2020-05-11,0.00028526446271842203
2020-05-12,0.0002846246997898712
2020-05-13,0.0002840578103112901
2020-05-14,0.0002833298679119794
2020-05-15,0.0002833111349636636
2020-05-16,0.0002830967403543786
2020-05-17,0.0002828993373293232
2020-05-18,0.000282525733758462
2020-05-19,0.00028300477915637516
2020-05-20,0.00028329305265713034
2020-05-21,0.0002834577252968985
2020-05-22,0.0002834456501350263
2020-05-23,0.00028351756077512
2020-05-24,0.00028349584233335333
2020-05-25,0.00028357755447018626
2020-05-26,0.00028359478531678905
2020-05-27,0.00028380888366975123
2020-05-28,0.0002839326304735713
2020-05-29,0.0002841821153230539
2020-05-30,0.0002843025051161592
2020-05-31,0.00028456771486730603
2020-06-01,0.0002847529421293138
2020-06-02,0.0002843095315822978
2020-06-03,0.00028398202599552095
2020-06-04,0.0002839356389743775
2020-06-05,0.00028400238651099454
2020-06-06,0.0002842235644217726
2020-06-07,0.0002845697352335616
2020-06-08,0.00028494275312643903
2020-06-09,0.0002853300998169707
2020-06-10,0.000285641529018027
2020-06-11,0.0002860152421782032
2020-06-12,0.00028628059229080183
2020-06-13,0.00028657982518639114
2020-06-14,0.00028685075431251735
2020-06-15,0.0002872347089000762
2020-06-16,0.00028752669157730006
2020-06-17,0.0002882357979405065
2020-06-18,0.00028877576087968485
2020-06-19,0.0002891722209189136
2020-06-20,0.0002894964613773125
2020-06-21,0.00028984662622174657
2020-06-22,0.000290256441389204
2020-06-23,0.0002905990384725945
2020-06-24,0.00029107754209072777
2020-06-25,0.0002914966087773537
2020-06-26,0.00029196225353515554
2020-06-27,0.00029231042496525217
2020-06-28,0.00029260442549419095
2020-06-29,0.00029278336119315835
2020-06-30,0.0002931713722184684
2020-07-01,0.0002934369382171755
2020-07-02,0.0002936687724586665
2020-07-03,0.00029388060271883366
2020-07-04,0.0002941150035699757
2020-07-05,0.0002943749628890906
2020-07-06,0.00029472858216566736
2020-07-07,0.00029510566018339345
2020-07-08,0.00029551403705288076
2020-07-09,0.00029587289657432826
2020-07-10,0.000296267895346266
2020-07-11,0.0002966938766833603
2020-07-12,0.00029714684490697113
2020-07-13,0.0002975486535763106
2020-07-14,0.00029801709125920465
2020-07-15,0.00029786835216307666
2020-07-16,0.00029796709809685074
2020-07-17,0.000298159966402644
2020-07-18,0.0002984449976507183
2020-07-19,0.0002987045213458793
2020-07-20,0.0002988898423331742
2020-07-21,0.0002976189497214533
2020-07-22,0.0002943053998322893
2020-07-23,0.00029179484554766406
2020-07-24,0.0002896414186747822
2020-07-25,0.0002868152804396988
2020-07-26,0.0002839136495834083
2020-07-27,0.0002818721279750844
2020-07-28,0.0002855220296998627
2020-07-29,0.0002877702219962455
2020-07-30,0.0002897094722096616
2020-07-31,0.00029097465590632296
2020-08-01,0.00029329160128138503
2020-08-02,0.0002978290203985516
2020-08-03,0.0003007124966923689
2020-08-04,0.00030248699149935536
2020-08-05,0.0003035972060220752
2020-08-06,0.0003041324650606694
2020-08-07,0.0003042788365409623
2020-08-08,0.00030407027391985715
2020-08-09,0.00030363720193466305
2020-08-10,0.00030588506248602714
2020-08-11,0.0003073786463562521
2020-08-12,0.00030816784352960427
2020-08-13,0.0003084581506651125
2020-08-14,0.00030836388652263175
2020-08-15,0.0003080792962873257
2020-08-16,0.00030770720185178973
2020-08-17,0.00030723525460516995
2020-08-18,0.0003071859699202305
2020-08-19,0.00030681415811464874
2020-08-20,0.00030621452985310835
2020-08-21,0.0003055305068218004
2020-08-22,0.00030469421813222164
2020-08-23,0.000304034574232165
2020-08-24,0.0003032944848660049
2020-08-25,0.0003041321253060382
2020-08-26,0.0003044827920311361
2020-08-27,0.0003044771120336932
2020-08-28,0.0003042553110885494
2020-08-29,0.0003038601018802261
2020-08-30,0.00030342272892737855
2020-08-31,0.00030291614222503543
2020-09-01,0.0003024045433400626
2020-09-02,0.0003018542974575152
2020-09-03,0.0003013615995248357
2020-09-04,0.00030087181880335387
2020-09-05,0.0003004364710636494
2020-09-06,0.00030001688463790786
2020-09-07,0.00029965870815948495
2020-09-08,0.00029928629853064016
2020-09-09,0.00029886870750993626
2020-09-10,0.0002984377321496163
2020-09-11,0.0002980487549496961
2020-09-12,0.00029766907515944423
2020-09-13,0.0002973061828697492
2020-09-14,0.00029694828685264207
2020-09-15,0.00029665489700120555
2020-09-16,0.0002963856958617507
2020-09-17,0.0002961204077554265
2020-09-18,0.0002958113878839452
2020-09-19,0.00029554594305104186
2020-09-20,0.0002953195304773063
2020-09-21,0.00029505399835920177
2020-09-22,0.0002947374359430991
2020-09-23,0.00029437040045482416
2020-09-24,0.0002939633682662723
2020-09-25,0.0002934597774641047
2020-09-26,0.00029349183609719744
2020-09-27,0.00029329785353670776
2020-09-28,0.00029298550909458626
2020-09-29,0.0002925267725909199
2020-09-30,0.0002919745151359608
2020-10-01,0.000291335877758921
2020-10-02,0.0002907324265952652
2020-10-03,0.00029008361834081037
2020-10-04,0.0002897709043080247
2020-10-05,0.00028936586080195763
2020-10-06,0.00028888897855838726
2020-10-07,0.00028834765311532956
2020-10-08,0.0002877055119446555
2020-10-09,0.00028702029797726317
2020-10-10,0.0002863082979540031
2020-10-11,0.0002855937806155575
2020-10-12,0.0002847949603669403
2020-10-13,0.0002839675506535281
2020-10-14,0.0002831007948139305
2020-10-15,0.0002822746925890462
2020-10-16,0.00028142663730170884
2020-10-17,0.0002806346875669083
2020-10-18,0.0002799275553711909
2020-10-19,0.0002788797791141842
2020-10-20,0.00027791487915904063
2020-10-21,0.0002770497182369369
2020-10-22,0.00027370044772813895
2020-10-23,0.00027239452986169626
2020-10-24,0.00027375155762169527
2020-10-25,0.0002778614974619199
2020-10-26,0.00028071906730608477
2020-10-27,0.00028270206338512963
2020-10-28,0.00028702706959787177
2020-10-29,0.0002899481473889282
2020-10-30,0.00029186263566885045
2020-10-31,0.0002931588365461637
2020-11-01,0.0002944700576817762
2020-11-02,0.00029535043284087745
2020-11-03,0.00029589681290296264
2020-11-04,0.00029689996907015717
2020-11-05,0.0002978762206898066
2020-11-06,0.00030279871439059443
2020-11-07,0.0003060600281184167
2020-11-08,0.0003081924921431985
2020-11-09,0.00030938686932608224
2020-11-10,0.00031004573477166994
2020-11-11,0.0003102511241330361
2020-11-12,0.0003104181195434266
2020-11-13,0.000311270243180666
2020-11-14,0.0003117180279188976
2020-11-15,0.00031177711667163693
2020-11-16,0.0003116263982875757
2020-11-17,0.00031178924843594156
2020-11-18,0.0003130781648787575
2020-11-19,0.00031385091221228516
2020-11-20,0.0003141022775731236
2020-11-21,0.0003150799023019284
2020-11-22,0.0003155461083837202
2020-11-23,0.00031552737818413723
2020-11-24,0.00031518343258350105
2020-11-25,0.000315106149508677
2020-11-26,0.0003147225594997235
2020-11-27,0.00031415833371961773
2020-11-28,0.000313462409960793
2020-11-29,0.00031270610894556275
2020-11-30,0.000311879949138389
2020-12-01,0.0003113693171126496
2020-12-02,0.0003106049817051619
2020-12-03,0.0003096864781780812
2020-12-04,0.00030867095723545164
2020-12-05,0.00030760435700224147
2020-12-06,0.0003065041368454388
2020-12-07,0.0003054397048701261
2020-12-08,0.0003049306406994493
2020-12-09,0.0003043449831759058
2020-12-10,0.00030365248443955093
2020-12-11,0.00030294613430294725
2020-12-12,0.000302265314764248
2020-12-13,0.0003016084587105976
2020-12-14,0.00030095323503854344
2020-12-15,0.0003003610606746242
2020-12-16,0.00029984779847114603
2020-12-17,0.00029922873360030855
2020-12-18,0.0002992074963584787
2020-12-19,0.0002990614410750235
2020-12-20,0.0002992089015865422
2020-12-21,0.00029894736774912454
2020-12-22,0.00029839274932494706
2020-12-23,0.00029889278757163257
2020-12-24,0.00029892360599678334
2020-12-25,0.0002986289997976135
2020-12-26,0.0002984246592997209
2020-12-27,0.0002989279590110929
2020-12-28,0.0002988997286227829
2020-12-29,0.0002988065059222369
2020-12-30,0.0002984708998908956
2020-12-31,0.0002988128885039888
2021-01-01,0.00029875841384025583
2021-01-02,0.00029864128610017674
2021-01-03,0.0002998606116209105
2021-01-04,0.0003010656920075238
2021-01-05,0.00030161003634215385
2021-01-06,0.0003024650795984752
2021-01-07,0.0003045003138648038
2021-01-08,0.0003073277936685001
2021-01-09,0.0003095709351717926
2021-01-10,0.0003107207732360521
2021-01-11,0.0003110713645714763
2021-01-12,0.00031078531282378207
2021-01-13,0.00031012914499184934
2021-01-14,0.00030922059633518883
2021-01-15,0.000308229468287024
2021-01-16,0.00030729024640743454
2021-01-17,0.00030657157673079594
2021-01-18,0.0003059023480987615
2021-01-19,0.0003063120267337631
2021-01-20,0.0003063334360553924
2021-01-21,0.0003059276168547603
2021-01-22,0.00030537828258243464
2021-01-23,0.0003046394395352897
2021-01-24,0.0003037987069605727
2021-01-25,0.0003031244395098374
2021-01-26,0.00030228331165685693
2021-01-27,0.00030159226187069304
2021-01-28,0.0003008973983121859
2021-01-29,0.00030007131075935646
2021-01-30,0.0002991583801982985
2021-01-31,0.0002982375161810228
2021-02-01,0.00029765924021271813
2021-02-02,0.00029709202968575726
2021-02-03,0.00029715988839546843
2021-02-04,0.00029693925884379495
2021-02-05,0.0002964824762755926
2021-02-06,0.0002963837672834103
2021-02-07,0.00029603243040929046
2021-02-08,0.00029554075606993507
2021-02-09,0.0002956292592185172
2021-02-10,0.000295874145442328
2021-02-11,0.00029563833715831134
2021-02-12,0.00029551709060449946
2021-02-13,0.00029503805878920193
2021-02-14,0.0002954960184137774
2021-02-15,0.0002962611809496767
2021-02-16,0.0002965580251521331
2021-02-17,0.0002964760737132965
2021-02-18,0.000296894425944157
2021-02-19,0.00029682817203056824
2021-02-20,0.0002973361975274594
2021-02-21,0.0002973097689548781
2021-02-22,0.00029737896198734075
2021-02-23,0.00029705061621577094
2021-02-24,0.00029651661558215836
2021-02-25,0.0002957158963680795
2021-02-26,0.0002954918998819796
2021-02-27,0.00029530853136501794
2021-02-28,0.0002949396500540261
2021-03-01,0.0002942280986277176
2021-03-02,0.0002934728829442477
2021-03-03,0.0002925491371107134
2021-03-04,0.0002917090331730215
2021-03-05,0.000290659893347033
2021-03-06,0.0002896930655056196
2021-03-07,0.00028866905500177074
2021-03-08,0.00028780919736572634
2021-03-09,0.00028676204331111124
2021-03-10,0.0002858235708762134
2021-03-11,0.0002848889224900551
2021-03-12,0.000284410021121408
2021-03-13,0.0002839313580769024
2021-03-14,0.0002829490076716287
2021-03-15,0.00028210040092523217
2021-03-16,0.00028237959759225604
2021-03-17,0.00028326095077388515
2021-03-18,0.0002837590481586433
2021-03-19,0.0002838829979476539
2021-03-20,0.0002838411832726525
2021-03-21,0.0002835967774573657
2021-03-22,0.00028348423093041604
2021-03-23,0.0002832621841006193
2021-03-24,0.00028318035540017187
2021-03-25,0.00028338084692773754
2021-03-26,0.0002842624050227529
2021-03-27,0.00028469248770478353
2021-03-28,0.00028514167678338247
2021-03-29,0.00028533014768939357
2021-03-30,0.00028602133910890824
2021-03-31,0.00028646029655669944
2021-04-01,0.0002868069134648631
2021-04-02,0.00028736931166796535
2021-04-03,0.0002877302979975521
2021-04-04,0.000288005158180299
2021-04-05,0.0002882522756256638
2021-04-06,0.0002884690225390559
2021-04-07,0.0002887545610621939
2021-04-08,0.00028915058830852126
2021-04-09,0.00028962076058454086
2021-04-10,0.0002900481304368071
2021-04-11,0.00029050090003803804
2021-04-12,0.000291028665381232
2021-04-13,0.00029163519243878804
2021-04-14,0.00029069566291070863
2021-04-15,0.00029019161553256413
2021-04-16,0.00029005144667986003
2021-04-17,0.0002901702303892512
2021-04-18,0.000290482955915142
2021-04-19,0.00029086910192075723
2021-04-20,0.0002913833091582454
2021-04-21,0.00029190510516252736
2021-04-22,0.0002924416073373305
2021-04-23,0.0002928567698797562
2021-04-24,0.0002933483295537705
2021-04-25,0.0002938193813366633
2021-04-26,0.0002942608012769884
2021-04-27,0.00029454924919520946
2021-04-28,0.00029419230373391484
2021-04-29,0.000293936177823115
2021-04-30,0.00029371849540072597
2021-05-01,0.0002934655104973699
2021-05-02,0.00029309185122121454
2021-05-03,0.00029191481826215123
2021-05-04,0.000290381941426838
2021-05-05,0.0002891684576762302
2021-05-06,0.0002877745175205595
2021-05-07,0.00028627345712158145
2021-05-08,0.000285235192670219
2021-05-09,0.0002830318953524932
2021-05-10,0.00028140133617691717
2021-05-11,0.0002799011799297844
2021-05-12,0.0002790642803016475
2021-05-13,0.00027823898451340975
2021-05-14,0.0002777336648069522
2021-05-15,0.0002771537625501711
2021-05-16,0.0002769144271751175
2021-05-17,0.00027664163643778376
2021-05-18,0.00027696471153199786
2021-05-19,0.0002775782473699924
2021-05-20,0.0002819058521183278
2021-05-21,0.00028470540131781465
2021-05-22,0.00028696389910784145
2021-05-23,0.0002885518081246227
2021-05-24,0.00029129537635809867
2021-05-25,0.00029317085492394163
2021-05-26,0.00029452195414021904
2021-05-27,0.00029552863586642655
2021-05-28,0.00029626906830327834
2021-05-29,0.0002967850550168735
2021-05-30,0.00029721264588606554
2021-05-31,0.00029755081110379025
2021-06-01,0.0002978169591580159
2021-06-02,0.000298000304871094
2021-06-03,0.00029815849883583557
2021-06-04,0.0002982652697331375
2021-06-05,0.00029830990146167686
2021-06-06,0.00029826119159065016
2021-06-07,0.0002981454937142974
2021-06-08,0.0002979148719610895
2021-06-09,0.00029762852839010064
2021-06-10,0.0002972632832229864
2021-06-11,0.00029690145356915464
2021-06-12,0.00029651255300327866
2021-06-13,0.0002961728945061444
2021-06-14,0.0002958428588878515
2021-06-15,0.00029551666429463927
2021-06-16,0.0002951210689636242
2021-06-17,0.0002947504552403801
2021-06-18,0.00029437281352881457
2021-06-19,0.0002940924411883617
2021-06-20,0.0002937917972681527
2021-06-21,0.0002936106404697613
2021-06-22,0.00029307145402214627
2021-06-23,0.0002927356274568922
2021-06-24,0.0002924251070912591
2021-06-25,0.0002922449371677543
2021-06-26,0.0002920915423775314
2021-06-27,0.0002920398966861368
2021-06-28,0.0002919496419480068
2021-06-29,0.0002919728098648688
2021-06-30,0.00029202613363060606
2021-07-01,0.0002921721482734031
2021-07-02,0.00029230451257480786
2021-07-03,0.0002925395171976415
2021-07-04,0.0002927989173777624
2021-07-05,0.00029315530457246547
2021-07-06,0.00029350917567321367
2021-07-07,0.0002939670701335772
2021-07-08,0.0002944238831703042
2021-07-09,0.00029496553022946825
2021-07-10,0.00029545311104798124
2021-07-11,0.00029604133092714965
2021-07-12,0.0002965675963951189
2021-07-13,0.0002971193819583834
2021-07-14,0.0002975997735817568
2021-07-15,0.0002980870948879183
2021-07-16,0.00029857655658962215
2021-07-17,0.00029914362124915426
2021-07-18,0.00029978214716081474
2021-07-19,0.0003005095559498099
2021-07-20,0.00030072808926799355
2021-07-21,0.00030026813020192294
2021-07-22,0.0003001910792337766
2021-07-23,0.0003004211169342494
2021-07-24,0.00030086043580869286
2021-07-25,0.0003014737832824843
2021-07-26,0.00030218086517408985
2021-07-27,0.0003030026585158637
2021-07-28,0.00030384895208075116
2021-07-29,0.00030473242158293804
2021-07-30,0.00030560586951354816
2021-07-31,0.0003064785999970896
2021-08-01,0.0003073305213788448
2021-08-02,0.0003081706245324384
2021-08-03,0.00030897635805682505
2021-08-04,0.0003096948633125869
2021-08-05,0.0003103107509841763
2021-08-06,0.00031082528164109064
2021-08-07,0.00031110081449218775
2021-08-08,0.00031066590673565694
2021-08-09,0.0003104143489338625
2021-08-10,0.00030611679499128856
2021-08-11,0.00030220673452416053
2021-08-12,0.0002994064597343392
2021-08-13,0.0002945238459628852
2021-08-14,0.00029169267562527033
2021-08-15,0.0002897083515930763
2021-08-16,0.00028854160548497386
2021-08-17,0.00028777021288416084
2021-08-18,0.00028735258287251723
2021-08-19,0.0002870301381605322
2021-08-20,0.00028698403793652784
2021-08-21,0.00028773038172412224
2021-08-22,0.0002883365673133612
2021-08-23,0.0002887676899639506
2021-08-24,0.0002893468662412738
2021-08-25,0.0002896644119939794
2021-08-26,0.0002899576045014514
2021-08-27,0.00029001623107222975
2021-08-28,0.00029022628675969746
2021-08-29,0.0002903237416890954
2021-08-30,0.00029059850721111635
2021-08-31,0.0002907151160032266
2021-09-01,0.0002910552731859835
2021-09-02,0.00029122466285639247
2021-09-03,0.0002915072515129502
2021-09-04,0.00029144106562760706
2021-09-05,0.0002915734990634531
2021-09-06,0.0002911860494407291
2021-09-07,0.00029101065049385845
2021-09-08,0.0002907658998336846
2021-09-09,0.00029070940898830237
2021-09-10,0.00029058254997057706
2021-09-11,0.0002905601446323201
2021-09-12,0.0002905073798453261
2021-09-13,0.0002905894789448041
2021-09-14,0.00029050762375789724
2021-09-15,0.00029050043782934647
2021-09-16,0.0002903631359903848
2021-09-17,0.0002903692891878601
2021-09-18,0.00029015252405535224
2021-09-19,0.0002900328515295157
2021-09-20,0.0002897638894883266
2021-09-21,0.00028973099312779667
2021-09-22,0.00028948405705318516
2021-09-23,0.0002894020079979601
2021-09-24,0.00028916348991577776
2021-09-25,0.00028915499651199783
2021-09-26,0.0002889225370159033
2021-09-27,0.0002888665943600657
2021-09-28,0.0002886453354130685
2021-09-29,0.0002886452773943118
2021-09-30,0.00028838431423912987
2021-10-01,0.0002883092245843664
2021-10-02,0.00028809904009132245
2021-10-03,0.0002881656996891014
2021-10-04,0.0002880014928287577
2021-10-05,0.0002880476731192314
2021-10-06,0.0002879885889536537
2021-10-07,0.00028528936038817155
2021-10-08,0.000283243520566552
2021-10-09,0.00028183770577764163
2021-10-10,0.0002809060095765797
2021-10-11,0.00028042342671322115
2021-10-12,0.00027836032194629553
2021-10-13,0.00027690328478281864
2021-10-14,0.0002757886967799711
2021-10-15,0.0002752041193946003
2021-10-16,0.000272464057809616
2021-10-17,0.00027042319578400353
2021-10-18,0.0002687671761905175
2021-10-19,0.0002684909848752727
2021-10-20,0.00026843683285963444
2021-10-21,0.0002700392363644519
2021-10-22,0.00027164428150872803
2021-10-23,0.0002736890619693184
2021-10-24,0.00027807891639428084
2021-10-25,0.0002821921775190076
2021-10-26,0.0002846432786486306
2021-10-27,0.00028613059274553077
2021-10-28,0.00028674744129028926
2021-10-29,0.00028700940003440877
2021-10-30,0.00028675147393259696
2021-10-31,0.0002863905971328796
2021-11-01,0.0002856758338287912
2021-11-02,0.00028698363915415857
2021-11-03,0.00028859463060365966
2021-11-04,0.00028956752235241725
2021-11-05,0.0002899451390024918
2021-11-06,0.0002900136350502462
2021-11-07,0.0002898717170697385
2021-11-08,0.0002896887092626228
2021-11-09,0.00028959763869568857
2021-11-10,0.00028940841873956175
2021-11-11,0.0002891453125975627
2021-11-12,0.00028896226272920897
2021-11-13,0.00028870746570074687
2021-11-14,0.0002884768804768673
2021-11-15,0.0002882164789331958
2021-11-16,0.00028809172005189764
2021-11-17,0.0002879456960527167
2021-11-18,0.000287927341668975
2021-11-19,0.00028791504742462317
2021-11-20,0.00028803547830535996
2021-11-21,0.0002880741523568545
2021-11-22,0.00028815214245765994
2021-11-23,0.0002881799086178527
2021-11-24,0.00028830065280918455
2021-11-25,0.00028829362491821045
2021-11-26,0.0002883380377081635
2021-11-27,0.0002883070647813259
2021-11-28,0.000288373374656344
2021-11-29,0.00028832668196650577
2021-11-30,0.0002883303690709249
2021-12-01,0.00028827930881002314
2021-12-02,0.00028835888374236526
2021-12-03,0.0002883547773730021
2021-12-04,0.0002884409007913232
2021-12-05,0.0002884178156580122
2021-12-06,0.0002884853926113686
2021-12-07,0.00028840533788198204
2021-12-08,0.00028836327104661514
2021-12-09,0.0002881730054507814
2021-12-10,0.0002880976438189495
2021-12-11,0.0002878929456404159
2021-12-12,0.00028782425955772785
2021-12-13,0.00028763030535204864
2021-12-14,0.00028761598015478363
2021-12-15,0.00028746946840706156
2021-12-16,0.00028745410393610113
2021-12-17,0.00028734863227474513
2021-12-18,0.00028729775644824546
2021-12-19,0.00028702934838597573
2021-12-20,0.0002867814693120735
2021-12-21,0.00028649902260670834
2021-12-22,0.00028634309427341643
2021-12-23,0.0002859322193168408
2021-12-24,0.00028560678736473807
2021-12-25,0.0002850836624189386
2021-12-26,0.00028469310249467955
2021-12-27,0.00028405488722214737
2021-12-28,0.00028342652833310636
2021-12-29,0.0002827082335838148
2021-12-30,0.00028356905581603263
2021-12-31,0.00028400274015983267
2022-01-01,0.0002844350539664689
2022-01-02,0.00028474058120827537
2022-01-03,0.00028525391395188
2022-01-04,0.00028565034890062636
2022-01-05,0.0002858257818794402
2022-01-06,0.0002849800302846388
2022-01-07,0.0002846474876065445
2022-01-08,0.0002841972813705848
2022-01-09,0.0002840955145758163
2022-01-10,0.0002840586191179191
2022-01-11,0.0002843489294376965
2022-01-12,0.0002845025500228447
2022-01-13,0.0002848100485474935
2022-01-14,0.0002850222598726786
2022-01-15,0.00028548346256102996
2022-01-16,0.00028575854968931614
2022-01-17,0.00028616986705742983
2022-01-18,0.0002864662392305489
2022-01-19,0.0002869884019838034
2022-01-20,0.00028743032687336185
2022-01-21,0.0002873715741769853
2022-01-22,0.00028549609749957454
2022-01-23,0.00028404687201995254
2022-01-24,0.00028292298774501757
2022-01-25,0.00028221192449999374
2022-01-26,0.0002817029107444739
2022-01-27,0.0002814944218395191
2022-01-28,0.00028130117378568996
2022-01-29,0.00028136803340807627
2022-01-30,0.0002814975101938806
2022-01-31,0.0002818544872505089
2022-02-01,0.00028211532180571434
2022-02-02,0.0002825637038679713
2022-02-03,0.00028307042801573414
2022-02-04,0.0002836446213385715
2022-02-05,0.0002840611281158903
2022-02-06,0.00028450565582778325
2022-02-07,0.00028483406090756315
2022-02-08,0.0002852739697189371
2022-02-09,0.00028547190884105415
2022-02-10,0.00028557622981905734
2022-02-11,0.0002855688744675451
2022-02-12,0.00028552746701647117
2022-02-13,0.0002851393855211195
2022-02-14,0.00028515634222839895
2022-02-15,0.0002849701861932459
2022-02-16,0.00028489432376513585
2022-02-17,0.00028461229765566043
2022-02-18,0.0002843458485442383
2022-02-19,0.0002840440296381492
2022-02-20,0.00028378915533198014
2022-02-21,0.0002833920582651026
2022-02-22,0.0002831493001137496
2022-02-23,0.00028286739621629606
2022-02-24,0.00028272660810383
2022-02-25,0.00028254258707992644
2022-02-26,0.0002825085560249476
2022-02-27,0.00028240343121008394
2022-02-28,0.0002822003286851339
2022-03-01,0.00028194396003791044
2022-03-02,0.00028165987116022574
2022-03-03,0.00028099937966075274
2022-03-04,0.00028247307088763055
2022-03-05,0.0002832463880432263
2022-03-06,0.00028361044853534006
2022-03-07,0.0002835556401959989
2022-03-08,0.00028335399690335454
2022-03-09,0.0002830577296599104
2022-03-10,0.00028286090301071407
2022-03-11,0.00028254438177905826
2022-03-12,0.00028230385263234615
2022-03-13,0.0002820163051275394
2022-03-14,0.0002819600944550216
2022-03-15,0.00028183970403740377
2022-03-16,0.00028189254420050676
2022-03-17,0.0002818755512339979
2022-03-18,0.0002821416633380587
2022-03-19,0.0002822589571281199
2022-03-20,0.0002824710772167589
2022-03-21,0.00028239179266957706
2022-03-22,0.00028243230227470667
2022-03-23,0.00028205890986116
2022-03-24,0.00028171793552437147
2022-03-25,0.00028099101966181245
2022-03-26,0.00028049751361550537
2022-03-27,0.000279760270690879
2022-03-28,0.00027829190825732786
2022-03-29,0.0002770083513855608
2022-03-30,0.0002760203350480739
2022-03-31,0.00027509153999057687
2022-04-01,0.0002743832361009689
2022-04-02,0.0002737279219976121
2022-04-03,0.0002733955579642792
2022-04-04,0.00027321341023326567
2022-04-05,0.0002734018006149291
2022-04-06,0.0002736709845324136
2022-04-07,0.0002741716316889224
2022-04-08,0.00027462888886377307
2022-04-09,0.0002752241440111692
2022-04-10,0.0002756720591403292
2022-04-11,0.0002761459192609802
2022-04-12,0.00027642365704718606
2022-04-13,0.00027679785659304044
2022-04-14,0.00027700362087576926
2022-04-15,0.0002772520055905763
2022-04-16,0.000277308262761749
2022-04-17,0.000277479943840043
2022-04-18,0.0002775169420680199
2022-04-19,0.0002776430410583856
2022-04-20,0.00027740003534885624
2022-04-21,0.00027724351682848305
2022-04-22,0.00027674065054662697
2022-04-23,0.0002781533673239343
2022-04-24,0.00027949099792558214
2022-04-25,0.000280770643244244
2022-04-26,0.0002811864559172457
2022-04-27,0.00028176229114217066
2022-04-28,0.000281736250123367
2022-04-29,0.00028177837146952815
2022-04-30,0.0002815171196649477
2022-05-01,0.0002814859073303808
2022-05-02,0.0002811436000484655
2022-05-03,0.00028103656711722294
2022-05-04,0.0002809698801029982
2022-05-05,0.0002814959373682515
2022-05-06,0.00028049265270614117
2022-05-07,0.0002792773443723599
2022-05-08,0.00027768783120059234
2022-05-09,0.000275827945605083
2022-05-10,0.0002768424501079561
2022-05-11,0.0002774414272399133
2022-05-12,0.0002795106501375899
2022-05-13,0.00028090908576784154
2022-05-14,0.00028166869309310396
2022-05-15,0.00028218820891383697
2022-05-16,0.0002824445455639694
2022-05-17,0.00028266263143781006
2022-05-18,0.00028277521061814736
2022-05-19,0.0002831299799491757
2022-05-20,0.0002835025597184532
2022-05-21,0.0002839998736804368
2022-05-22,0.0002844620518775733
2022-05-23,0.00028509198407086794
2022-05-24,0.00028571016036251103
2022-05-25,0.0002863224654715626
2022-05-26,0.0002868685149601221
2022-05-27,0.0002875268142023832
2022-05-28,0.00028797435286844847
2022-05-29,0.0002884345360096413
2022-05-30,0.0002887912152886948
2022-05-31,0.00028921991027343086
2022-06-01,0.0002896389389092105
2022-06-02,0.00029011695514199337
2022-06-03,0.00029055701128340015
2022-06-04,0.0002910427442501955
2022-06-05,0.00029150964181643715
2022-06-06,0.00029196731528461067
2022-06-07,0.00029241369011798315
2022-06-08,0.00029284519114736206
2022-06-09,0.0002932744158564988
2022-06-10,0.00029367325667220665
2022-06-11,0.0002941175603878394
2022-06-12,0.0002941359985522776
2022-06-13,0.0002929550783829319
2022-06-14,0.00029123658004571914
2022-06-15,0.0002899461311757608
2022-06-16,0.00028898505981170123
2022-06-17,0.00028841006403055897
2022-06-18,0.00028793811238947756
2022-06-19,0.0002877794527328179
2022-06-20,0.0002875698689976874
2022-06-21,0.00028732005257513975
2022-06-22,0.0002870763977871041
2022-06-23,0.00028680914675837304
2022-06-24,0.00028649177969045835
2022-06-25,0.00028613423789058083
2022-06-26,0.0002857561804701755
2022-06-27,0.0002853722708697278
2022-06-28,0.0002852230259244355
2022-06-29,0.00028535663175501984
2022-06-30,0.00028541617536286885
2022-07-01,0.0002853925591715516
2022-07-02,0.0002853368573595827
2022-07-03,0.0002853417440753047
2022-07-04,0.00028571322293897413
2022-07-05,0.00028714030426953884
2022-07-06,0.000288079078967171
2022-07-07,0.00028941574261755757
2022-07-08,0.0002903245215234498
2022-07-09,0.0002912930661915648
2022-07-10,0.00029264432990744804
2022-07-11,0.0002935710740071507
2022-07-12,0.0002942209948294798
2022-07-13,0.0002946935191291344
2022-07-14,0.0002950884668157877
2022-07-15,0.00029537664861400606
2022-07-16,0.00029567125891040896
2022-07-17,0.0002959405171902334
2022-07-18,0.00029621851192637445
2022-07-19,0.00029647168774172124
2022-07-20,0.000296928315140769
2022-07-21,0.00029734408058607455
2022-07-22,0.00029771445591562435
2022-07-23,0.0002980420865703444
2022-07-24,0.0002983363681160906
2022-07-25,0.00029850557784270957
2022-07-26,0.00029875175246406213
2022-07-27,0.00029897832849623893
2022-07-28,0.0002992559661692031
2022-07-29,0.00029956680862969995
2022-07-30,0.0003000109921825259
2022-07-31,0.00030048541210219126
2022-08-01,0.0003010196728709391
2022-08-02,0.0003015896378636062
2022-08-03,0.00030022927738345085
2022-08-04,0.0002992368350293846
2022-08-05,0.0002983441416074668
2022-08-06,0.0002975669041990776
2022-08-07,0.0002971375048043709
2022-08-08,0.0002970038109317496
2022-08-09,0.00029693705213143203
2022-08-10,0.00029706543012587443
2022-08-11,0.0002970866540815194
2022-08-12,0.0002972789527798874
2022-08-13,0.0002974419453608632
2022-08-14,0.0002976472533414378
2022-08-15,0.000297775470240373
2022-08-16,0.0002980101729770949
2022-08-17,0.00029824493483158776
2022-08-18,0.000298520066542435
2022-08-19,0.00029871989621585107
2022-08-20,0.0002990495079408121
2022-08-21,0.00029939808323316074
2022-08-22,0.00029980166283996763
2022-08-23,0.0003001529728350469
2022-08-24,0.0003006505777741212
2022-08-25,0.0003011935033209461
2022-08-26,0.00030179615917800276
2022-08-27,0.00030234891379759854
2022-08-28,0.0003029881215587146
2022-08-29,0.00030366564739745466
2022-08-30,0.00030415530088966916
2022-08-31,0.0003048215042762216
2022-09-01,0.0003056743068786689
2022-09-02,0.00030670529068622937
2022-09-03,0.000307710784904256
2022-09-04,0.00030878583994381844
2022-09-05,0.00030975134067363187
2022-09-06,0.0003096155449808199
2022-09-07,0.0003086244675085948
2022-09-08,0.00030653978789921775
2022-09-09,0.00030400531695747734
2022-09-10,0.0002993305496327566
2022-09-11,0.0002945265150750437
2022-09-12,0.0002913495660467637
2022-09-13,0.0002892335380190661
2022-09-14,0.0002877994983510144
2022-09-15,0.0002866894244379024
2022-09-16,0.0002858476885451073
2022-09-17,0.0002852892148610596
2022-09-18,0.0002849125232781485
2022-09-19,0.00028466066247846103
2022-09-20,0.00028449410638617037
2022-09-21,0.0002845332634060786
2022-09-22,0.00028373406127483206
2022-09-23,0.0002833277270110819
2022-09-24,0.00028306341530709054
2022-09-25,0.0002830965073645263
2022-09-26,0.00028317103480720473
2022-09-27,0.0002833322486529506
2022-09-28,0.00028339767085123216
2022-09-29,0.00028359913295731193
2022-09-30,0.0002837660141496005
2022-10-01,0.0002840029563006136
2022-10-02,0.00028419437143849545
2022-10-03,0.000284576093490577
2022-10-04,0.00028496232918196314
2022-10-05,0.0002854358427703729
2022-10-06,0.0002858475900142921
2022-10-07,0.00028633727084728216
2022-10-08,0.0002867244624560325
2022-10-09,0.00028711783299986113
2022-10-10,0.0002873675360531704
2022-10-11,0.000287689859415429
2022-10-12,0.0002880047689492744
2022-10-13,0.0002884268186238537
2022-10-14,0.0002887887332828041
2022-10-15,0.00028925589585208054
2022-10-16,0.0002897049523736395
2022-10-17,0.00029026438014234125
2022-10-18,0.0002907079761242296
2022-10-19,0.00029129699138194363
2022-10-20,0.0002918596779299014
2022-10-21,0.00029258399438872025
2022-10-22,0.00029319865500716027
2022-10-23,0.0002939339990737794
2022-10-24,0.0002945442662102693
2022-10-25,0.00029526867221375857
2022-10-26,0.0002958853506807218
2022-10-27,0.0002965807802054375
2022-10-28,0.0002971858013693883
2022-10-29,0.000297907189711579
2022-10-30,0.0002985231739415029
2022-10-31,0.0002992428969392462
2022-11-01,0.0002998243391263633
2022-11-02,0.0003005341646464676
2022-11-03,0.00030111450214499464
2022-11-04,0.00030183474415015253
2022-11-05,0.00030238804447680246
2022-11-06,0.00030306680890634805
2022-11-07,0.0003035980942327593
2022-11-08,0.0003042147465138164
2022-11-09,0.00030458092178555364
2022-11-10,0.00029183877982204694
2022-11-11,0.00028240294423619906
2022-11-12,0.00027541893865631374
2022-11-13,0.00027044809324163686
2022-11-14,0.0002668567212592033
2022-11-15,0.0002651231831361049
2022-11-16,0.0002639251380069473
2022-11-17,0.00026708347272673763
2022-11-18,0.0002692798656439267
2022-11-19,0.0002703670857759635
2022-11-20,0.00027107068479922714
2022-11-21,0.0002712678437753985
2022-11-22,0.0002714964472780599
2022-11-23,0.000271472851821197
2022-11-24,0.000271675158509989
2022-11-25,0.00027188444044451914
2022-11-26,0.00027234906367151063
2022-11-27,0.0002726773837244948
2022-11-28,0.00027320091082471196
2022-11-29,0.00027367109597039744
2022-11-30,0.00027433317883046224
2022-12-01,0.0002748370030673277
2022-12-02,0.00027550954290030084
2022-12-03,0.0002760979958469867
2022-12-04,0.0002767919604899254
2022-12-05,0.00027732948474118945
2022-12-06,0.0002779296897086656
2022-12-07,0.00027834014126170494
2022-12-08,0.00027879477520346
2022-12-09,0.0002790214155944723
2022-12-10,0.0002791934521495271
2022-12-11,0.00027932082151939684
2022-12-12,0.000281543411739251
2022-12-13,0.0002830953439278723
2022-12-14,0.00028417312057548344
2022-12-15,0.0002849386113441833
2022-12-16,0.00028547732050304426
2022-12-17,0.0002858924084179516
2022-12-18,0.00028624508218575047
2022-12-19,0.00028655901270816783
2022-12-20,0.0002868742819722682
2022-12-21,0.00028717270724123274
2022-12-22,0.0002874869993602612
2022-12-23,0.00028778100650961796
2022-12-24,0.0002881444416402057
2022-12-25,0.0002884949305412124
2022-12-26,0.00028890924370789854
2022-12-27,0.0002892664896349911
2022-12-28,0.0002897298176808465
2022-12-29,0.0002901797395457707
2022-12-30,0.0002907202885112289
2022-12-31,0.0002912086236808998
2023-01-01,0.000291793817900461
2023-01-02,0.00029235828968504206
2023-01-03,0.00029291851829610924
2023-01-04,0.00029346213666617613
2023-01-05,0.0002940681137509489
2023-01-06,0.0002946873319505174
2023-01-07,0.0002953173839035317
2023-01-08,0.00029593476713860283
2023-01-09,0.000296596889939808
2023-01-10,0.000297270166200323
2023-01-11,0.0002979396027909071
2023-01-12,0.0002986008763046768
2023-01-13,0.00029927137213646773
2023-01-14,0.00029990763429207804
2023-01-15,0.0003004600317480909
2023-01-16,0.0003009366980147218
2023-01-17,0.0003013497458755362
2023-01-18,0.00030171639379327706
2023-01-19,0.0003019432289351172
2023-01-20,0.0003021774595000714
2023-01-21,0.0003035196861580592
2023-01-22,0.0003047069804699924
2023-01-23,0.00030555594731994167
2023-01-24,0.0003063615374313296
2023-01-25,0.0003069313789460603
2023-01-26,0.00030764467654371193
2023-01-27,0.0003081534082654636
2023-01-28,0.00030856561195729203
2023-01-29,0.00030888258418593727
2023-01-30,0.0003097554641597716
2023-01-31,0.0003102841659162823
2023-02-01,0.00031060507587516155
2023-02-02,0.000310741407249846
2023-02-03,0.00031076289528505585
2023-02-04,0.0003106843112439765
2023-02-05,0.0003103902559305538
2023-02-06,0.00030999224859184766
2023-02-07,0.0003094287218622887
2023-02-08,0.00030886607938688225
2023-02-09,0.0003081680416911801
2023-02-10,0.00030744759370859756
2023-02-11,0.00030668894892617093
2023-02-12,0.00030594478433342253
2023-02-13,0.0003051500617715027
2023-02-14,0.0003043891556829343
2023-02-15,0.00030363648537276366
2023-02-16,0.00030277769082886504
2023-02-17,0.0003019382601608958
2023-02-18,0.0003011931292626768
2023-02-19,0.00030047180008334015
2023-02-20,0.00030101127308445984
2023-02-21,0.000301380089149452
2023-02-22,0.0003013993146056901
2023-02-23,0.00030125140398541006
2023-02-24,0.0003008898306081943
2023-02-25,0.00030048579535659376
2023-02-26,0.0003000358668035606
2023-02-27,0.00030042989575421907
2023-02-28,0.0003005356038700356
2023-03-01,0.00030055409545383393
2023-03-02,0.00030046666731061247
2023-03-03,0.00030041675387693784
2023-03-04,0.0003002576613443922
2023-03-05,0.00030014037233046877
2023-03-06,0.0003000048469599532
2023-03-07,0.0002999767737602234
2023-03-08,0.0002998782613054322
2023-03-09,0.00029985251346454077
2023-03-10,0.0002998169018607768
2023-03-11,0.0002998923459899691
2023-03-12,0.0002998521563647922
2023-03-13,0.00029988110528442365
2023-03-14,0.0002998377930230572
2023-03-15,0.0002998477064144617
2023-03-16,0.0002997436627676313
2023-03-17,0.00029928146021025053
2023-03-18,0.00029641026398943084
2023-03-19,0.0002940731165101687
2023-03-20,0.00029250589656668486
2023-03-21,0.0002910932592902481
2023-03-22,0.0002897462525443393
2023-03-23,0.0002885772910334949
2023-03-24,0.00028741305823936237
2023-03-25,0.00028641518224182145
2023-03-26,0.00028549190870679245
2023-03-27,0.00028471614403419664
2023-03-28,0.00028398374702584615
2023-03-29,0.00028338122372423367
2023-03-30,0.00028283409174454147
2023-03-31,0.0002823732534882425
2023-04-01,0.0002818850271096915
2023-04-02,0.0002816002915629803
2023-04-03,0.000281346903295546
2023-04-04,0.00028133706753599605
2023-04-05,0.0002812760503807268
2023-04-06,0.00028135760058768466
2023-04-07,0.00028145223669413674
2023-04-08,0.00028167093467709747
2023-04-09,0.00028190003983766753
2023-04-10,0.000282205712595282
2023-04-11,0.0002795370493438525
2023-04-12,0.00027859563790923826
2023-04-13,0.00028035881699377144
2023-04-14,0.0002829162795009938
2023-04-15,0.0002844873902483667
2023-04-16,0.0002855052731101494
2023-04-17,0.0002860212758127814
2023-04-18,0.0002863761171171499
2023-04-19,0.0002865308929514013
2023-04-20,0.00028674717302292635
2023-04-21,0.00028692800147481223
2023-04-22,0.0002871466169098771
2023-04-23,0.00028731756728510576
2023-04-24,0.00028747188851905285
2023-04-25,0.0002875905786950589
2023-04-26,0.0002876941700976036
2023-04-27,0.0002878060223828594
2023-04-28,0.0002879165247010322
2023-04-29,0.00028807131521757853
2023-04-30,0.0002882334650517439
2023-05-01,0.00028845449994622694
2023-05-02,0.00028868875688952116
2023-05-03,0.00028899971834611953
2023-05-04,0.0002892892794301297
2023-05-05,0.0002896473492572127
2023-05-06,0.0002900231582184012
2023-05-07,0.00029046745088630625
2023-05-08,0.00029090192918940206
2023-05-09,0.00029139308876871957
2023-05-10,0.0002918795018242069
2023-05-11,0.00029239068211077266
2023-05-12,0.0002928554173674124
2023-05-13,0.0002933981416257102
2023-05-14,0.0002939449972449103
2023-05-15,0.00029451464892418967
2023-05-16,0.00029503979450394986
2023-05-17,0.0002956121393566745
2023-05-18,0.00029613053973007294
2023-05-19,0.00029665838828863057
2023-05-20,0.0002971021408795365
2023-05-21,0.00029761432195527686
2023-05-22,0.000298072398615043
2023-05-23,0.00029856527063670764
2023-05-24,0.00029899137434647344
2023-05-25,0.0002995058271999785
2023-05-26,0.0002999802207942332
2023-05-27,0.0003005005336164997
2023-05-28,0.0003009565153946009
2023-05-29,0.0003014813812136271
2023-05-30,0.00030201086059369653
2023-05-31,0.000302628027662852
2023-06-01,0.0003032167097404719
2023-06-02,0.0003038608185724539
2023-06-03,0.00030449890832568094
2023-06-04,0.0003052203267138929
2023-06-05,0.00030589533523558564
2023-06-06,0.0003065587469330381
2023-06-07,0.00030710832335876717
2023-06-08,0.00030764003362685616
2023-06-09,0.00030734740257716016
2023-06-10,0.0003036877590922076
2023-06-11,0.0002951261747456013
2023-06-12,0.0002886886049692681
2023-06-13,0.0002837880797679361
2023-06-14,0.0002798629037351943
2023-06-15,0.0002771670756654366
2023-06-16,0.0002756459563603483
2023-06-17,0.00027456512872632756
2023-06-18,0.0002742035309553545
2023-06-19,0.0002739435736254769
2023-06-20,0.00027412476115185296
2023-06-21,0.0002742411033248559
2023-06-22,0.0002746355080839082
2023-06-23,0.0002748714265711134
2023-06-24,0.0002748458148227529
2023-06-25,0.0002749542676118235
2023-06-26,0.00027528633247000874
2023-06-27,0.000275624663191267
2023-06-28,0.00027613557895515123
2023-06-29,0.0002766668900404435
2023-06-30,0.00027734790046413696
2023-07-01,0.0002779919004414307
2023-07-02,0.00027884240209129766
2023-07-03,0.0002796836470123169
2023-07-04,0.0002794094547075525
2023-07-05,0.00027936231995872793
2023-07-06,0.00027956461702303184
2023-07-07,0.0002799044562846262
2023-07-08,0.000280315174690832
2023-07-09,0.0002806881637027977
2023-07-10,0.0002810474717050982
2023-07-11,0.00028135772624104184
2023-07-12,0.0002816201879390399
2023-07-13,0.0002817933590975796
2023-07-14,0.00028146473097533087
2023-07-15,0.0002813383529221532
2023-07-16,0.0002812939550724921
2023-07-17,0.00028137939784091104
2023-07-18,0.0002814975019756096
2023-07-19,0.0002817958390630326
2023-07-20,0.0002820448860204478
2023-07-21,0.00028232266654533347
2023-07-22,0.00028257488685025985
2023-07-23,0.0002829435131835314
2023-07-24,0.0002832531076185087
2023-07-25,0.000283513764641665
2023-07-26,0.00028370456968213905
2023-07-27,0.0002839865119542651
2023-07-28,0.00028418981256844543
2023-07-29,0.00028437381085921515
2023-07-30,0.0002845141980153541
2023-07-31,0.0002847548731797716
2023-08-01,0.00028494781895224805
2023-08-02,0.00028511575801370433
2023-08-03,0.0002852818463034213
2023-08-04,0.0002855105889698429
2023-08-05,0.00028574039838638333
2023-08-06,0.0002859415556912502
2023-08-07,0.0002861488792564901
2023-08-08,0.0002863593905774474
2023-08-09,0.00028653981013095157
2023-08-10,0.0002866708071286673
2023-08-11,0.000286789738914421
2023-08-12,0.0002869766905575244
2023-08-13,0.00028716791515830917
2023-08-14,0.00028735668908694913
2023-08-15,0.0002875564729154802
2023-08-16,0.0002878255178815867
2023-08-17,0.0002881074414584993
2023-08-18,0.00028836716031927824
2023-08-19,0.0002886131232207762
2023-08-20,0.0002888395174839002
2023-08-21,0.00028904116658480365
2023-08-22,0.0002891659411839756
2023-08-23,0.0002892733595321416
2023-08-24,0.0002893544388561203
2023-08-25,0.00028948498726699153
2023-08-26,0.0002895774200642485
2023-08-27,0.00028969534469242214
2023-08-28,0.0002898129003370228
2023-08-29,0.0002900008480442306
2023-08-30,0.0002901396656977162
2023-08-31,0.0002903130769963512
2023-09-01,0.00029044850770627373
2023-09-02,0.0002906157217223811
2023-09-03,0.0002907125821227665
2023-09-04,0.0002908369458012054
2023-09-05,0.0002909525642808174
2023-09-06,0.0002911006987530654
2023-09-07,0.0002911843838852295
2023-09-08,0.00029124968908569003
2023-09-09,0.00029132968108986794
2023-09-10,0.0002914209608098518
2023-09-11,0.0002914377521840885
2023-09-12,0.00029143363404673364
2023-09-13,0.0002914766306541201
2023-09-14,0.0002916121520795411
2023-09-15,0.0002917250289519417
2023-09-16,0.0002918524100794301
2023-09-17,0.00029194910803913277
2023-09-18,0.00029206125359299874
2023-09-19,0.0002919800862745929
2023-09-20,0.00029185314745105507
2023-09-21,0.0002916073734070134
2023-09-22,0.000291397663136681
2023-09-23,0.0002910570736161083
2023-09-24,0.00029076939576824887
2023-09-25,0.0002904405284178049
2023-09-26,0.0002902528818260424
2023-09-27,0.00028993744558716015
2023-09-28,0.00028972333226278676
2023-09-29,0.0002894742428756233
2023-09-30,0.0002893652231734682
2023-10-01,0.0002891419403726002
2023-10-02,0.0002889999201685942
2023-10-03,0.00028886600529314394
2023-10-04,0.0002889010499939305
2023-10-05,0.00028883101160010973
2023-10-06,0.00028883292396745603
2023-10-07,0.0002887566517097809
2023-10-08,0.0002888509937450391
2023-10-09,0.0002887702823334135
2023-10-10,0.00028871874358965663
2023-10-11,0.00028856298169453926
2023-10-12,0.0002888248763472626
2023-10-13,0.0002887548028412355
2023-10-14,0.0002886310690277016
2023-10-15,0.0002884694247607657
2023-10-16,0.00028845328112411545
2023-10-17,0.00028815809950420777
2023-10-18,0.00028791643459594955
2023-10-19,0.0002875105638416485
2023-10-20,0.0002871523719304783
2023-10-21,0.00028670586911579046
2023-10-22,0.0002865850032664655
2023-10-23,0.0002863871778759796
2023-10-24,0.00029134468865710434
2023-10-25,0.0002969001573955277
2023-10-26,0.0003017611148760478
2023-10-27,0.00030514321809417034
2023-10-28,0.00030748775698868154
2023-10-29,0.0003090168729148551
2023-10-30,0.0003101054295678051
2023-10-31,0.00031082544606063757
2023-11-01,0.00031134302210382886
2023-11-02,0.0003121696650013664
2023-11-03,0.00031260716537046256
2023-11-04,0.00031279013938820553
2023-11-05,0.00031283359517866936
2023-11-06,0.0003126727225009531
2023-11-07,0.00031241347407258934
2023-11-08,0.00031208146906653585
2023-11-09,0.0003118086825449277
2023-11-10,0.0003118129843932289
2023-11-11,0.00031203104312138775
2023-11-12,0.00031195574360075794
2023-11-13,0.0003116299608259491
2023-11-14,0.00031111738987698413
2023-11-15,0.0003104170694612492
2023-11-16,0.00030986085617330507
2023-11-17,0.0003091644155271634
2023-11-18,0.00030833302837497315
2023-11-19,0.0003074295540068251
2023-11-20,0.0003065272081543617
2023-11-21,0.0003056712672412053
2023-11-22,0.00030479907325262615
2023-11-23,0.0003039411752210663
2023-11-24,0.00030315631543165596
2023-11-25,0.00030246858338865175
2023-11-26,0.00030182916322505276
2023-11-27,0.0003012654380417429
2023-11-28,0.0003007695938600232
2023-11-29,0.00030036085642125846
2023-11-30,0.00029994259019864656
2023-12-01,0.00029957733258476884
2023-12-02,0.00029877933245661773
2023-12-03,0.0002980761842408353
2023-12-04,0.00029741378023171865
2023-12-05,0.00029707804760692664
2023-12-06,0.00029754765863502554
2023-12-07,0.00029757205154438493
2023-12-08,0.0002972327742487145
2023-12-09,0.00029678551921161065
2023-12-10,0.000296180185117544
2023-12-11,0.0002972286629244775
2023-12-12,0.000298593743043305
2023-12-13,0.00029929004225278543
2023-12-14,0.00029952025907970274
2023-12-15,0.00029944360208720067
2023-12-16,0.0002991257176831339
2023-12-17,0.0002987419392472069
2023-12-18,0.0002982775258652025
2023-12-19,0.00029780740587308994
2023-12-20,0.00029724854775436954
2023-12-21,0.00029673506519691174
2023-12-22,0.0002961837147211268
2023-12-23,0.0002956891820766274
2023-12-24,0.00029517922829396984
2023-12-25,0.00029476822502214544
2023-12-26,0.0002945416112235841
2023-12-27,0.0002949392644467966
2023-12-28,0.00029515140194585015
2023-12-29,0.00029530793703801437
2023-12-30,0.0002954339962647789
2023-12-31,0.0002955897035852677
2024-01-01,0.00029572905834745615
2024-01-02,0.0002958856770707051
2024-01-03,0.00029508533499716277
2024-01-04,0.0002945615094894058
2024-01-05,0.00029427805631254667
2024-01-06,0.0002941472266240782
2024-01-07,0.00029415028685236887
2024-01-08,0.0002942100309286069
2024-01-09,0.00029119398257617936
2024-01-10,0.0002889557551534553
2024-01-11,0.00028733710430460714
2024-01-12,0.00028616623342370427
2024-01-13,0.0002853314439881624
2024-01-14,0.0002848075966812477
2024-01-15,0.0002843714447766009
2024-01-16,0.0002840735857009888
2024-01-17,0.0002837816876482714
2024-01-18,0.0002834965048681365
2024-01-19,0.0002831947299153084
2024-01-20,0.0002829624966705548
2024-01-21,0.00028360451834376186
2024-01-22,0.0002847880485211928
2024-01-23,0.00028529857838048594
2024-01-24,0.00028543953406963846
2024-01-25,0.0002852278894575236
2024-01-26,0.0002849978603500826
2024-01-27,0.00028491924230857827
2024-01-28,0.00028462497858683985
2024-01-29,0.00028424722455491384
2024-01-30,0.0002838590296022857
2024-01-31,0.00028318907672549135
2024-02-01,0.0002825041644109495
2024-02-02,0.0002819625548242661
2024-02-03,0.00028138713098633085
2024-02-04,0.00028055533029699786
2024-02-05,0.00028018406426230446
2024-02-06,0.00027982950765838326
2024-02-07,0.00027950221766926347
2024-02-08,0.00027901791498524025
2024-02-09,0.00027871992805651334
2024-02-10,0.0002780075963008685
2024-02-11,0.0002766808206189335
2024-02-12,0.0002751146511172271
2024-02-13,0.00027503612295991204
2024-02-14,0.00027457556090797696
2024-02-15,0.00027543918627346024
2024-02-16,0.0002757802547348994
2024-02-17,0.00027587778586852374
2024-02-18,0.00027570730067626745
2024-02-19,0.0002753047638567039
2024-02-20,0.0002775536501789407
2024-02-21,0.0002789116190220036
2024-02-22,0.0002796920682801121
2024-02-23,0.00028005291037988664
2024-02-24,0.0002801704464526157
2024-02-25,0.000280059063632685
2024-02-26,0.00028096694475926
2024-02-27,0.00028246753081224643
2024-02-28,0.0002856508272774898
2024-02-29,0.00029359058571634016
2024-03-01,0.0003002332450240582
2024-03-02,0.0003048506322999557
2024-03-03,0.00030784694978916644
2024-03-04,0.0003098883350881886
2024-03-05,0.0003130127537901762
2024-03-06,0.0003149546286131156
2024-03-07,0.00031599033141728136
2024-03-08,0.00031639378645352084
2024-03-09,0.0003164135748120527
2024-03-10,0.0003161684802665015
2024-03-11,0.0003157938116322106
2024-03-12,0.00031605361523678643
2024-03-13,0.00031588989982657704
2024-03-14,0.0003156451251696156
2024-03-15,0.0003151163648854025
2024-03-16,0.00031437491870858736
2024-03-17,0.00031348267500019004
2024-03-18,0.00031251652071854656
2024-03-19,0.0003115149584591996
2024-03-20,0.0003105440224089305
2024-03-21,0.0003095299957898007
2024-03-22,0.0003085423168231318
2024-03-23,0.0003075502527457201
2024-03-24,0.0003066138831991741
2024-03-25,0.0003056383434763314
2024-03-26,0.0003047136248907241
2024-03-27,0.000303814130461665
2024-03-28,0.0003030140617345704
2024-03-29,0.00030219854541317957
2024-03-30,0.00030144393601461215
2024-03-31,0.0003007114615738894
2024-04-01,0.00030009323433925923
2024-04-02,0.00029943879453682003
2024-04-03,0.0002988662422527109
2024-04-04,0.0002983068395529474
2024-04-05,0.00029788898457688964
2024-04-06,0.0002974650954886932
2024-04-07,0.00029714410136012705
2024-04-08,0.0002968461412364993
2024-04-09,0.0002966750278075124
2024-04-10,0.00029650333577617834
2024-04-11,0.0002963706022004883
2024-04-12,0.00029621685613965507
2024-04-13,0.0002961603619437685
2024-04-14,0.0002961120806880852
2024-04-15,0.00029613000344071036
2024-04-16,0.0002961236648002505
2024-04-17,0.0002961955464100868
2024-04-18,0.0002962614461372991
2024-04-19,0.00029632740872789483
2024-04-20,0.00029632895773374366
2024-04-21,0.00029634637985286825
2024-04-22,0.0002963574886659157
2024-04-23,0.0002963648704451066
2024-04-24,0.00029635318800759274
2024-04-25,0.0002967314831200468
2024-04-26,0.000297023087239745
2024-04-27,0.00029716311335915293
2024-04-28,0.00029755126421781864
2024-04-29,0.00029780533974732787
2024-04-30,0.0002979571251179609
2024-05-01,0.0002980203192385293
2024-05-02,0.00029805245909814734
2024-05-03,0.0002980398604865231
2024-05-04,0.0002980092115530887
2024-05-05,0.0002978844522966309
2024-05-06,0.0002976928759911623
2024-05-07,0.0002972651786008257
2024-05-08,0.0002966895496106575
2024-05-09,0.0002957217757246569
2024-05-10,0.0002948265803834632
2024-05-11,0.0002940028493460778
2024-05-12,0.000293219908721705
2024-05-13,0.00029242898576928533
2024-05-14,0.00029185003161308874
2024-05-15,0.0002912965653723708
2024-05-16,0.00029088044083874423
2024-05-17,0.0002903462849543224
2024-05-18,0.00028984323409230904
2024-05-19,0.00028936369374028885
2024-05-20,0.00028903895771816506
2024-05-21,0.00028859689715432356
2024-05-22,0.0002882444620553715
2024-05-23,0.00028796633635179837
2024-05-24,0.0002871872211362352
2024-05-25,0.00028643468924203217
2024-05-26,0.0002833265127721424
2024-05-27,0.00027982378441198476
2024-05-28,0.0002775245706153043
2024-05-29,0.000275965422463681
2024-05-30,0.0002748902307034844
2024-05-31,0.0002743128105168273
2024-06-01,0.0002740187309099204
2024-06-02,0.0002738869281987479
2024-06-03,0.00027385927912866993
2024-06-04,0.00027396724981122326
2024-06-05,0.0002740951027448948
2024-06-06,0.00027420285921579387
2024-06-07,0.0002741934907023951
2024-06-08,0.0002741931464832174
2024-06-09,0.0002740752598354062
2024-06-10,0.00027380775769079887
2024-06-11,0.0002734523030554148
2024-06-12,0.00027579578922261354
2024-06-13,0.0002777348037385378
2024-06-14,0.00027914271329607316
2024-06-15,0.00028032684212781026
2024-06-16,0.0002811649123662499
2024-06-17,0.0002820771598377374
2024-06-18,0.00028273297714046896
2024-06-19,0.0002832790038536044
2024-06-20,0.0002836394094298929
2024-06-21,0.0002840451823643335
2024-06-22,0.0002840771284991276
2024-06-23,0.0002839256822868067
2024-06-24,0.0002834416974823207
2024-06-25,0.0002829713664714673
2024-06-26,0.0002822962337662028
2024-06-27,0.00028159325838080526
2024-06-28,0.0002807256072559509
2024-06-29,0.0002800547672673538
2024-06-30,0.00027932982434520173
2024-07-01,0.0002788703246396147
2024-07-02,0.00027839374251500916
2024-07-03,0.0002780876332402921
2024-07-04,0.0002777742977309644
2024-07-05,0.0002774440134186431
2024-07-06,0.0002771704678238655
2024-07-07,0.00027688251979494314
2024-07-08,0.0002777790218134369
2024-07-09,0.00027831629567999364
2024-07-10,0.0002784427049591967
2024-07-11,0.0002787595180838329
2024-07-12,0.0002789839515011606
2024-07-13,0.0002793067700142158
2024-07-14,0.00027959554748102264
2024-07-15,0.00028010421244536386
2024-07-16,0.0002805309534454301
2024-07-17,0.0002809374161337453
2024-07-18,0.0002812279104085024
2024-07-19,0.0002815834783494234
2024-07-20,0.00028177984651811907
2024-07-21,0.0002819053928194178
2024-07-22,0.00028196530291066195
2024-07-23,0.0002821295638053032
2024-07-24,0.00028223896623283374
2024-07-25,0.00028233738203314006
2024-07-26,0.00028245030631596257
2024-07-27,0.00028269021827686354
2024-07-28,0.00028291001054168974
2024-07-29,0.00028313682307912864
2024-07-30,0.00028334695485791574
2024-07-31,0.0002836436341905272
2024-08-01,0.00028393941812497494
2024-08-02,0.0002842788098938187
2024-08-03,0.0002845642899287517
2024-08-04,0.00028493174589349295
2024-08-05,0.0002852292557822866
2024-08-06,0.0002860491696191593
2024-08-07,0.00028663063208418226
2024-08-08,0.00028719750542837043
2024-08-09,0.0002876015836145424
2024-08-10,0.0002879553698037956
2024-08-11,0.0002881495970753175
2024-08-12,0.0002883321822925185
2024-08-13,0.00028830608334951284
2024-08-14,0.00028822130483328656
2024-08-15,0.00028796841927875613
2024-08-16,0.00028766911751616477
2024-08-17,0.00028720965952977007
2024-08-18,0.0002866836945778683
2024-08-19,0.0002861501102724215
2024-08-20,0.0002856269176712754
2024-08-21,0.00028501250665716795
2024-08-22,0.0002844696737584258
2024-08-23,0.00028382249151250727
2024-08-24,0.00028323502730227666
2024-08-25,0.00028261689865431683
2024-08-26,0.00028209299542706603
2024-08-27,0.0002815426998024149
2024-08-28,0.0002810341452987273
2024-08-29,0.00028052487370118756
2024-08-30,0.0002800880035468883
2024-08-31,0.0002795855448779501
2024-09-01,0.0002790194980251601
2024-09-02,0.0002783578239838171
2024-09-03,0.00027760571114111203
2024-09-04,0.00027692911641318365
2024-09-05,0.0002772555831285544
2024-09-06,0.00027718943337809665
2024-09-07,0.000276561227104039
2024-09-08,0.00027604921284469163
2024-09-09,0.0002774135864383713
2024-09-10,0.0002781710753527677
2024-09-11,0.00027868564268848916
2024-09-12,0.0002789374622940216
2024-09-13,0.0002791235160504863
2024-09-14,0.0002792524320539615
2024-09-15,0.0002792879747215696
2024-09-16,0.00027926222162751176
2024-09-17,0.00027929513790036305
2024-09-18,0.0002793650991128933
2024-09-19,0.0002793963621730116
2024-09-20,0.0002793609003325653
2024-09-21,0.0002793953656072758
2024-09-22,0.0002794910311259502
2024-09-23,0.00027953791666475214
2024-09-24,0.0002795284529004258
2024-09-25,0.0002795723269664015
2024-09-26,0.0002796738695761996
2024-09-27,0.00027974046846141316
2024-09-28,0.00027976830800475387
2024-09-29,0.00027986640096612747
2024-09-30,0.0002800123329115498
2024-10-01,0.0002800870877560499
2024-10-02,0.0002801034343543516
2024-10-03,0.000280120293542058
2024-10-04,0.0002801312390632984
2024-10-05,0.00028008898542075406
2024-10-06,0.0002799962047777316
2024-10-07,0.0002799395531041485
2024-10-08,0.00027992552389058054
2024-10-09,0.0002798604259083244
2024-10-10,0.00027978928490598174
2024-10-11,0.0002797699675156744
2024-10-12,0.00027978120380335234
2024-10-13,0.00027969431491233724
2024-10-14,0.0002795134932412531
2024-10-15,0.00027933039023853284
2024-10-16,0.00027913141674253724
2024-10-17,0.0002787908537497832
2024-10-18,0.00027832038212519946
2024-10-19,0.0002775138401027164
2024-10-20,0.0002769647845482314
2024-10-21,0.00027603205057757045
2024-10-22,0.00027541939394642783
2024-10-23,0.0002749892881999898
2024-10-24,0.00027480157612524265
2024-10-25,0.00027464486538773255
2024-10-26,0.00027453846983881836
2024-10-27,0.00027455956539636293
2024-10-28,0.00027485271287922117
2024-10-29,0.00027481152726574313
2024-10-30,0.00027568300157012623
2024-10-31,0.00027629898719376626
2024-11-01,0.00027669309188452235
2024-11-02,0.00027689738758095525
2024-11-03,0.00027683171611280643
2024-11-04,0.000276533911295311
2024-11-05,0.0002763535880683429
2024-11-06,0.0002762969254901274
2024-11-07,0.00027741279498045033
2024-11-08,0.0002781374177469723
2024-11-09,0.0002789743553220916
2024-11-10,0.00027956591769259044
2024-11-11,0.0002824056314507097
2024-11-12,0.00028955057525792297
2024-11-13,0.00029431719766338766
2024-11-14,0.0002980459954511849
2024-11-15,0.0003003654716990462
2024-11-16,0.00030190403431306484
2024-11-17,0.00030278797843932153
2024-11-18,0.0003030986200520142
2024-11-19,0.0003031290276313042
2024-11-20,0.00030317971177341776
2024-11-21,0.00030363062178619154
2024-11-22,0.0003049609319299007
2024-11-23,0.0003057117240022816
2024-11-24,0.000305892552234072
2024-11-25,0.0003057580961721021
2024-11-26,0.0003053579093199102
2024-11-27,0.0003048039460025936
2024-11-28,0.00030411295291009213
2024-11-29,0.0003034240700607211
2024-11-30,0.00030268594331162696
2024-12-01,0.00030197368330537016
2024-12-02,0.0003011824723212821
2024-12-03,0.0003005020044681164
2024-12-04,0.000299802997670734
2024-12-05,0.00029916439532397964
2024-12-06,0.00029857841834073323
2024-12-07,0.00029824017286450425
2024-12-08,0.00029893622146080366
2024-12-09,0.00029928301488179514
2024-12-10,0.0002992690517638884
2024-12-11,0.00029945796202683183
2024-12-12,0.0002993946614940362
2024-12-13,0.0002991785187599446
2024-12-14,0.00029888689153181994
2024-12-15,0.00029858214526447556
2024-12-16,0.00029907658927567254
2024-12-17,0.00029930158040090835
2024-12-18,0.00029924752591641316
2024-12-19,0.0002990776762179199
2024-12-20,0.00029878739800109206
2024-12-21,0.0002984618500489787
2024-12-22,0.00029808229416275744
2024-12-23,0.00029775972058003193
2024-12-24,0.0002974558592240678
2024-12-25,0.0002971454272750994
2024-12-26,0.0002968609359610619
2024-12-27,0.00029663930342072205
2024-12-28,0.00029644893826008995
2024-12-29,0.00029617121004291613
2024-12-30,0.0002958554288699117
2024-12-31,0.0002955529279293804
2025-01-01,0.00029529375397280587
2025-01-02,0.00029497310414626905
2025-01-03,0.0002946969086577219
2025-01-04,0.0002944739422191289
2025-01-05,0.00029435732988461233
2025-01-06,0.0002941803176124219
2025-01-07,0.00029403620702401253
2025-01-08,0.00029392652296766285
2025-01-09,0.00029411927192413796
2025-01-10,0.00029424974462150915
2025-01-11,0.00029434144892157585
2025-01-12,0.00029533883157735854
2025-01-13,0.00029612555677133146
2025-01-14,0.0002966105103656404
2025-01-15,0.00029693394215265926
2025-01-16,0.0002972241432775646
2025-01-17,0.00029751184715227626
2025-01-18,0.00029770252840029683
2025-01-19,0.00029786767395084793
2025-01-20,0.000298083186567889
2025-01-21,0.000298357913225442
2025-01-22,0.00029858320799303165
2025-01-23,0.00029887866132709
2025-01-24,0.00029921279110549945
2025-01-25,0.0002997009627973128
2025-01-26,0.000300253597712246
2025-01-27,0.0003009475670623017
2025-01-28,0.0003017750341841878
2025-01-29,0.0003027161265701657
2025-01-30,0.0003036536704186336
2025-01-31,0.00030465515563406675
2025-02-01,0.0003057058681610744
2025-02-02,0.00030686560049223913
2025-02-03,0.00030717333237179273
2025-02-04,0.00030472652416111215
2025-02-05,0.00030305942793519336
2025-02-06,0.00030188964949945607
2025-02-07,0.00030098314932169016
2025-02-08,0.00029780401597399734
2025-02-09,0.00029133096274424356
2025-02-10,0.00028675531815364967
2025-02-11,0.00028320388982104215
2025-02-12,0.00028056260522377066
2025-02-13,0.0002785499082916618
2025-02-14,0.0002770276542958483
2025-02-15,0.0002755225540311762
2025-02-16,0.0002746013520345286
2025-02-17,0.00027519000728018576
2025-02-18,0.000275589592319868
2025-02-19,0.00027586278602165053
2025-02-20,0.00027611148926883383
2025-02-21,0.0002763788086219751
2025-02-22,0.0002765372591779826
2025-02-23,0.00027645838907013536
2025-02-24,0.00027631325488188544
2025-02-25,0.0002761533289926923
2025-02-26,0.00027487563958756086
2025-02-27,0.00027756338378574205
2025-02-28,0.00027956356645850633
2025-03-01,0.00028083125901070855
2025-03-02,0.00028209093955442724
2025-03-03,0.00028271627013885906
2025-03-04,0.0002832828244224419
2025-03-05,0.00028348037554168024
2025-03-06,0.0002838411853867657
2025-03-07,0.00028373486578075607
2025-03-08,0.0002837161559356802
2025-03-09,0.0002835367397514545
2025-03-10,0.00028541897106821207
2025-03-11,0.00028732262168563365
2025-03-12,0.00028852581720180436
2025-03-13,0.00028889633426830273
2025-03-14,0.00028909871525280767
2025-03-15,0.00028869606921536506
2025-03-16,0.000288198938794768
2025-03-17,0.00028744024487134415
2025-03-18,0.00028707223099362693
2025-03-19,0.0002866509536298613
2025-03-20,0.00028633545889186903
2025-03-21,0.00028603578072975127
2025-03-22,0.000285905181904122
2025-03-23,0.000285658503135721
2025-03-24,0.0002855243103911607
2025-03-25,0.00028535677978084684
2025-03-26,0.00028531712346410227
2025-03-27,0.00028519596913666764
2025-03-28,0.0002851891873906044
2025-03-29,0.0002851812095268381
2025-03-30,0.00028527564484067606
2025-03-31,0.0002852637400598122
2025-04-01,0.0002853525147585706
2025-04-02,0.0002853849938859502
2025-04-03,0.0002854894812847065
2025-04-04,0.0002854687282773379
2025-04-05,0.0002855546363586587
2025-04-06,0.0002856482490124881
2025-04-07,0.00028547684179158246
2025-04-08,0.00028536519346991125
2025-04-09,0.0002850530614910482
2025-04-10,0.0002848751702963346
2025-04-11,0.000284892035270756
2025-04-12,0.00028488933223597054
2025-04-13,0.00028505815643315813
2025-04-14,0.0002851843596269502
2025-04-15,0.00028537625440827505
2025-04-16,0.00028531866806977095
2025-04-17,0.00028535682865347387
2025-04-18,0.00028521366806378955
2025-04-19,0.00028525806251626727
2025-04-20,0.00028498681353333546
2025-04-21,0.00028485251466858996
2025-04-22,0.0002848408112971395
2025-04-23,0.0002848625170547587
2025-04-24,0.00028443500412808165
2025-04-25,0.00028409550051816695
2025-04-26,0.00028355667669210303
2025-04-27,0.00028329036136121223
2025-04-28,0.0002826717101811188
2025-04-29,0.00028221633775555856
2025-04-30,0.0002815477405515723
2025-05-01,0.00028086186399699947
2025-05-02,0.0002800796560691849
2025-05-03,0.00027960682224869964
2025-05-04,0.00027899739504725084
2025-05-05,0.0002803655809281947
2025-05-06,0.0002809973267417816
2025-05-07,0.0002815662570839546
2025-05-08,0.00028174466947028087
2025-05-09,0.0002805695732192587
2025-05-10,0.00027956953874031394
2025-05-11,0.00027929406703572265
2025-05-12,0.00027908895201396005
2025-05-13,0.00027919400501653224
2025-05-14,0.00027921805037057226
2025-05-15,0.0002795138291220714
2025-05-16,0.0002798058820729134
2025-05-17,0.00028036973848231744
2025-05-18,0.0002808190441996693
2025-05-19,0.0002815830662883166
2025-05-20,0.00028225465955459097
2025-05-21,0.0002831990707577411
2025-05-22,0.00028459764270354494
2025-05-23,0.0002863903241537452
2025-05-24,0.000287627843813705
2025-05-25,0.0002885803531139121
2025-05-26,0.0002890357711339406
2025-05-27,0.0002893168365694632
2025-05-28,0.00028938378191643426
2025-05-29,0.0002895002451007087
2025-05-30,0.00028947157508895803
2025-05-31,0.00028954136406343276
2025-06-01,0.0002895801635964638
