window_idx,start,end,n_days,spd_strategy,spd_uniform,pct_strategy,pct_uniform
0,2016-01-01 00:00:00+00:00,2016-12-30 00:00:00+00:00,365,187505.54841693584,186960.8997827439,49.99912526037113,49.68047627494075
1,2016-01-02 00:00:00+00:00,2016-12-31 00:00:00+00:00,365,187147.71085903025,186613.35720198933,49.78977088469245,49.477145019156744
2,2016-01-03 00:00:00+00:00,2017-01-01 00:00:00+00:00,365,186781.2776698554,186257.44917601757,50.09216573749686,49.7888385103468
3,2016-01-04 00:00:00+00:00,2017-01-02 00:00:00+00:00,365,186402.49797470024,185889.87760030743,50.43370063452769,50.140184857038896
4,2016-01-05 00:00:00+00:00,2017-01-03 00:00:00+00:00,365,186024.11511920276,185523.1225503355,50.6350388275275,50.35058943375387
5,2016-01-06 00:00:00+00:00,2017-01-04 00:00:00+00:00,365,185619.65232600656,185131.40074425214,52.73915828140916,52.47498772232778
6,2016-01-07 00:00:00+00:00,2017-01-05 00:00:00+00:00,365,185242.09802455065,184769.09419505467,52.53488094852107,52.27896024953102
7,2016-01-08 00:00:00+00:00,2017-01-06 00:00:00+00:00,365,184939.1380888709,184479.46007981902,52.37096320902251,52.12225250088244
8,2016-01-09 00:00:00+00:00,2017-01-07 00:00:00+00:00,365,184624.4514575975,184179.42525899393,52.20070069185826,51.959917407002266
9,2016-01-10 00:00:00+00:00,2017-01-08 00:00:00+00:00,365,184300.2302622269,183870.63665076566,52.02527945893707,51.7928460398589
10,2016-01-11 00:00:00+00:00,2017-01-09 00:00:00+00:00,365,183976.70460821953,183563.11351491697,51.85023455157764,51.62645936183588
11,2016-01-12 00:00:00+00:00,2017-01-10 00:00:00+00:00,365,183652.67093113594,183255.2060407849,51.67491477620941,51.45986473597818
12,2016-01-13 00:00:00+00:00,2017-01-11 00:00:00+00:00,365,183365.7260394592,182982.57541429295,51.519662043207695,51.31235679598484
13,2016-01-14 00:00:00+00:00,2017-01-12 00:00:00+00:00,365,183056.2946905491,182688.28425971375,51.35224291853192,51.15312933673414
14,2016-01-15 00:00:00+00:00,2017-01-13 00:00:00+00:00,365,182735.05919253235,182382.2629271841,51.17843710964352,50.98755521567405
15,2016-01-16 00:00:00+00:00,2017-01-14 00:00:00+00:00,365,182303.39751061302,181971.5088390832,50.94488475239996,50.765314999454624
16,2016-01-17 00:00:00+00:00,2017-01-15 00:00:00+00:00,365,181911.58831656782,181597.7938675664,50.732894750294435,50.56311495207755
17,2016-01-18 00:00:00+00:00,2017-01-16 00:00:00+00:00,365,181506.8405851474,181211.2466051408,50.513904298462094,50.35397194006841
18,2016-01-19 00:00:00+00:00,2017-01-17 00:00:00+00:00,365,181079.28358907747,180801.76920968777,50.28257279865396,50.13242248374238
19,2016-01-20 00:00:00+00:00,2017-01-18 00:00:00+00:00,365,180647.7471930965,180388.1713650495,50.04908822789101,49.9086436411622
20,2016-01-21 00:00:00+00:00,2017-01-19 00:00:00+00:00,365,180286.83391668147,180040.47189329122,49.853814591156734,49.72051938866795
21,2016-01-22 00:00:00+00:00,2017-01-20 00:00:00+00:00,365,179908.84555686283,179677.1556515356,49.649302409177224,49.52394561749234
22,2016-01-23 00:00:00+00:00,2017-01-21 00:00:00+00:00,365,179468.21890876302,179254.5120904629,49.41089951951034,49.29527255222641
23,2016-01-24 00:00:00+00:00,2017-01-22 00:00:00+00:00,365,179038.85512137332,178842.4191862399,49.178590447706675,49.072307963948184
24,2016-01-25 00:00:00+00:00,2017-01-23 00:00:00+00:00,365,178642.34294384203,178461.42233278547,48.96405587672867,48.866168023912266
25,2016-01-26 00:00:00+00:00,2017-01-24 00:00:00+00:00,365,178234.6255752124,178071.10480010737,48.74345869027194,48.654985091424194
26,2016-01-27 00:00:00+00:00,2017-01-25 00:00:00+00:00,365,177821.29734824202,177676.54247313328,48.519825725457906,48.44150549524006
27,2016-01-28 00:00:00+00:00,2017-01-26 00:00:00+00:00,365,177406.4047527519,177281.16523218426,48.29534635251759,48.22758498644365
28,2016-01-29 00:00:00+00:00,2017-01-27 00:00:00+00:00,365,176959.2216382644,176855.74276466065,48.053396059307204,47.99740838222731
29,2016-01-30 00:00:00+00:00,2017-01-28 00:00:00+00:00,365,176511.38421983604,176429.76067876088,47.811091752214786,47.766928994149474
30,2016-01-31 00:00:00+00:00,2017-01-29 00:00:00+00:00,365,176062.5534563681,176002.76601824234,47.56824999163676,47.535901748341836
31,2016-02-01 00:00:00+00:00,2017-01-30 00:00:00+00:00,365,175589.46035469085,175552.60011877574,47.64808744402057,47.62800250796137
32,2016-02-02 00:00:00+00:00,2017-01-31 00:00:00+00:00,365,175111.7849891534,175097.45766040182,47.38780481327532,47.379997932100224
33,2016-02-03 00:00:00+00:00,2017-02-01 00:00:00+00:00,365,174632.55545748118,174640.23557925236,47.12667532610964,47.130860181438734
34,2016-02-04 00:00:00+00:00,2017-02-02 00:00:00+00:00,365,174136.82927232952,174167.82139250304,47.37018639267343,47.387258941018125
35,2016-02-05 00:00:00+00:00,2017-02-03 00:00:00+00:00,365,173682.74677952795,173734.67182812642,47.12004715510503,47.148650971092266
36,2016-02-06 00:00:00+00:00,2017-02-04 00:00:00+00:00,365,173213.5064165983,173286.9596811735,46.86155794118408,46.9020209493137
37,2016-02-07 00:00:00+00:00,2017-02-05 00:00:00+00:00,365,172730.16833013739,172825.68625842076,46.59530275109918,46.64792046293278
38,2016-02-08 00:00:00+00:00,2017-02-06 00:00:00+00:00,365,172246.07094163424,172363.12221572758,46.328629286280204,46.39310901611404
39,2016-02-09 00:00:00+00:00,2017-02-07 00:00:00+00:00,365,171745.68940983474,171884.31057430088,46.55238895587001,46.62957891135938
40,2016-02-10 00:00:00+00:00,2017-02-08 00:00:00+00:00,365,171251.99094908545,171411.1449115175,47.044039397540786,47.13413085881016
41,2016-02-11 00:00:00+00:00,2017-02-09 00:00:00+00:00,365,170789.28565655262,170967.200623941,46.78211820309267,46.88282960951181
42,2016-02-12 00:00:00+00:00,2017-02-10 00:00:00+00:00,365,170320.4235460845,170516.6062891718,47.38157522843895,47.494692120776186
43,2016-02-13 00:00:00+00:00,2017-02-11 00:00:00+00:00,365,169857.67621391627,170070.84406847518,48.485719578447544,48.61220638816513
44,2016-02-14 00:00:00+00:00,2017-02-12 00:00:00+00:00,365,169411.17164486807,169639.88447737324,49.6905128413799,49.8303598944803
45,2016-02-15 00:00:00+00:00,2017-02-13 00:00:00+00:00,365,168997.1087156001,169239.31087405368,49.43733299212532,49.585428128472884
46,2016-02-16 00:00:00+00:00,2017-02-14 00:00:00+00:00,365,168566.6165690501,168823.78981253927,49.17410745546233,49.33135670048412
47,2016-02-17 00:00:00+00:00,2017-02-15 00:00:00+00:00,365,168149.3394901604,168420.9124175123,48.91896230610676,49.08501627507745
48,2016-02-18 00:00:00+00:00,2017-02-16 00:00:00+00:00,365,167740.31820542173,168025.4991797797,48.66886518344202,48.8432398279577
49,2016-02-19 00:00:00+00:00,2017-02-17 00:00:00+00:00,365,167336.0318825195,167633.96979151643,48.421663265441225,48.60383817064324
50,2016-02-20 00:00:00+00:00,2017-02-18 00:00:00+00:00,365,166928.90493433774,167239.37524833024,48.17272443976473,48.36256231642181
51,2016-02-21 00:00:00+00:00,2017-02-19 00:00:00+00:00,365,166555.19122409684,166875.7481247298,47.94421622486504,48.14022157101678
52,2016-02-22 00:00:00+00:00,2017-02-20 00:00:00+00:00,365,166172.670370191,166502.9182904609,47.71032285918791,47.91225380436668
53,2016-02-23 00:00:00+00:00,2017-02-21 00:00:00+00:00,365,165780.09989419466,166119.44520358622,47.47028462608584,47.6777781933774
54,2016-02-24 00:00:00+00:00,2017-02-22 00:00:00+00:00,365,165360.2063351366,165709.69773114685,47.21353962316267,47.42723704136448
55,2016-02-25 00:00:00+00:00,2017-02-23 00:00:00+00:00,365,164935.54189156689,165293.97798267863,48.22981697274625,48.44371194454147
56,2016-02-26 00:00:00+00:00,2017-02-24 00:00:00+00:00,365,164511.6242066629,164879.05979964903,47.97684618240313,48.196111562612366
57,2016-02-27 00:00:00+00:00,2017-02-25 00:00:00+00:00,365,164106.85195335787,164482.41979562095,47.73530033406059,47.959418593968216
58,2016-02-28 00:00:00+00:00,2017-02-26 00:00:00+00:00,365,163698.22333410848,164081.4564153818,47.491453218336346,47.72014567186609
59,2016-02-29 00:00:00+00:00,2017-02-27 00:00:00+00:00,365,163287.7549771893,163678.30312744074,47.36356444434569,47.596104991049955
60,2016-03-01 00:00:00+00:00,2017-02-28 00:00:00+00:00,365,162885.1994919157,163283.0137194602,47.123874478936685,47.360741400212255
61,2016-03-02 00:00:00+00:00,2017-03-01 00:00:00+00:00,365,162466.91011035163,162873.02289878982,47.60441385603925,47.842901029972886
62,2016-03-03 00:00:00+00:00,2017-03-02 00:00:00+00:00,365,162026.32757894337,162442.38954318012,48.023865870439565,48.26504869677666
63,2016-03-04 00:00:00+00:00,2017-03-03 00:00:00+00:00,365,161574.19374100334,162001.4229811898,48.24871790040704,48.49406561584247
64,2016-03-05 00:00:00+00:00,2017-03-04 00:00:00+00:00,365,161105.25918393998,161545.81185043725,47.97941980130218,48.232418847451086
65,2016-03-06 00:00:00+00:00,2017-03-05 00:00:00+00:00,365,160615.48237601324,161070.91675163264,48.815085475269484,49.08275526241857
66,2016-03-07 00:00:00+00:00,2017-03-06 00:00:00+00:00,365,160135.93805312985,160605.93625038202,49.44807995215158,49.72951607228773
67,2016-03-08 00:00:00+00:00,2017-03-07 00:00:00+00:00,365,159680.90476876782,160164.86678657692,49.17560486005043,49.46540255157727
68,2016-03-09 00:00:00+00:00,2017-03-08 00:00:00+00:00,365,159238.29877739548,159736.75158459664,48.91057126271086,49.209046075911914
69,2016-03-10 00:00:00+00:00,2017-03-09 00:00:00+00:00,365,158789.2870088263,159302.20358270337,48.64170186963575,48.9488376232396
70,2016-03-11 00:00:00+00:00,2017-03-10 00:00:00+00:00,365,158366.54623331287,158893.55414945938,48.38856361425641,48.70413729957789
71,2016-03-12 00:00:00+00:00,2017-03-11 00:00:00+00:00,365,157932.8202522711,158473.28650643537,48.12884738976811,48.45247996224562
72,2016-03-13 00:00:00+00:00,2017-03-12 00:00:00+00:00,365,157473.0491781672,158027.9166984462,47.853535297076796,48.18579138446156
73,2016-03-14 00:00:00+00:00,2017-03-13 00:00:00+00:00,365,157014.77946930414,157583.67446183573,47.579122225723786,47.91977799929706
74,2016-03-15 00:00:00+00:00,2017-03-14 00:00:00+00:00,365,156561.07896664937,157143.32945262856,47.30744520671072,47.65609828384893
75,2016-03-16 00:00:00+00:00,2017-03-15 00:00:00+00:00,365,156106.0618975151,156701.24957392854,47.03497982432933,47.3913797241204
76,2016-03-17 00:00:00+00:00,2017-03-16 00:00:00+00:00,365,155668.79186214923,156276.84920111464,46.77314141106592,47.13724769764159
77,2016-03-18 00:00:00+00:00,2017-03-17 00:00:00+00:00,365,155256.76775663503,155877.91199049744,46.5264203250353,46.898363077678226
78,2016-03-19 00:00:00+00:00,2017-03-18 00:00:00+00:00,365,154856.7956919199,155492.51754627714,46.32386583873078,46.7048415895491
79,2016-03-20 00:00:00+00:00,2017-03-19 00:00:00+00:00,365,154441.519725675,155091.4042141848,46.484820818578136,46.87774810590478
80,2016-03-21 00:00:00+00:00,2017-03-20 00:00:00+00:00,365,154026.99043532964,154690.51882956908,46.23419186458306,46.63536840691066
81,2016-03-22 00:00:00+00:00,2017-03-21 00:00:00+00:00,365,153594.58686162744,154271.311924513,46.16594538964999,46.576820159817245
82,2016-03-23 00:00:00+00:00,2017-03-22 00:00:00+00:00,365,153188.08428161097,153877.76373231385,45.91913665845791,46.337876707168874
83,2016-03-24 00:00:00+00:00,2017-03-23 00:00:00+00:00,365,152785.2631076872,153487.8160944134,45.674563099221466,46.10111933717221
84,2016-03-25 00:00:00+00:00,2017-03-24 00:00:00+00:00,365,152401.76686831328,153118.34175741515,45.44172270678662,45.87679236655649
85,2016-03-26 00:00:00+00:00,2017-03-25 00:00:00+00:00,365,152013.17384360894,152743.214914763,45.20578779249042,45.64903346754207
86,2016-03-27 00:00:00+00:00,2017-03-26 00:00:00+00:00,365,151626.8911668391,152370.43889568135,44.97125560986275,45.42270187504727
87,2016-03-28 00:00:00+00:00,2017-03-27 00:00:00+00:00,365,151233.67320297676,151989.1846470662,44.73251265590938,45.191222711105716
88,2016-03-29 00:00:00+00:00,2017-03-28 00:00:00+00:00,365,150835.65030210261,151603.5027191328,44.490852376296495,44.95705527415342
89,2016-03-30 00:00:00+00:00,2017-03-29 00:00:00+00:00,365,150427.0494487256,151208.21317561588,44.24276967487331,44.71705455709781
90,2016-03-31 00:00:00+00:00,2017-03-30 00:00:00+00:00,365,149951.68092343202,150808.42991062693,44.453894012967616,44.97998486209674
91,2016-04-01 00:00:00+00:00,2017-03-31 00:00:00+00:00,365,149558.412196993,150403.04300466098,44.40785803994978,44.928800489766054
92,2016-04-02 00:00:00+00:00,2017-04-01 00:00:00+00:00,365,149167.78823360114,149997.8110110709,44.393113730651,44.90766802155248
93,2016-04-03 00:00:00+00:00,2017-04-02 00:00:00+00:00,365,148775.6923784546,149592.9398339094,44.15004256418813,44.656677076333054
94,2016-04-04 00:00:00+00:00,2017-04-03 00:00:00+00:00,365,148377.77433976042,149180.08582847385,43.90336206361035,44.40073735301569
95,2016-04-05 00:00:00+00:00,2017-04-04 00:00:00+00:00,365,147977.43699327012,148766.97837720267,43.655181766591696,44.14464051154955
96,2016-04-06 00:00:00+00:00,2017-04-05 00:00:00+00:00,365,147584.06798198386,148359.73766731788,43.41132133509601,43.892180626846425
97,2016-04-07 00:00:00+00:00,2017-04-06 00:00:00+00:00,365,147178.44980328612,147939.71390100254,43.15986730277078,43.63179616860663
98,2016-04-08 00:00:00+00:00,2017-04-07 00:00:00+00:00,365,146776.75223750935,147519.5636157286,42.910843767844185,43.371333277732454
99,2016-04-09 00:00:00+00:00,2017-04-08 00:00:00+00:00,365,146367.08573172585,147096.44835289294,42.67426033831979,43.12659681482321
100,2016-04-10 00:00:00+00:00,2017-04-09 00:00:00+00:00,365,145953.47234836535,146667.944542139,42.898941503560906,43.34706986956907
101,2016-04-11 00:00:00+00:00,2017-04-10 00:00:00+00:00,365,145553.78787610712,146244.76566325006,42.84665509589223,43.282063560363135
102,2016-04-12 00:00:00+00:00,2017-04-11 00:00:00+00:00,365,145147.03605411903,145820.2750120281,42.83038653445606,43.257008129890124
103,2016-04-13 00:00:00+00:00,2017-04-12 00:00:00+00:00,365,144742.17154738674,145404.58019730853,42.573829869444886,42.993588458485306
104,2016-04-14 00:00:00+00:00,2017-04-13 00:00:00+00:00,365,144344.28404468583,144993.39906313372,42.468061382192914,42.88081856830711
105,2016-04-15 00:00:00+00:00,2017-04-14 00:00:00+00:00,365,143945.69131488545,144583.3548790408,42.732289247975345,43.14273712352688
106,2016-04-16 00:00:00+00:00,2017-04-15 00:00:00+00:00,365,143557.0411344344,144180.33754637282,42.482124976616745,42.883325080401704
107,2016-04-17 00:00:00+00:00,2017-04-16 00:00:00+00:00,365,143167.10543469677,143779.8872511968,42.23113324907306,42.625565374252126
108,2016-04-18 00:00:00+00:00,2017-04-17 00:00:00+00:00,365,142770.9636533286,143371.62400878567,42.02262377692351,42.40968171026913
109,2016-04-19 00:00:00+00:00,2017-04-18 00:00:00+00:00,365,142370.6757996167,142961.87537487072,42.92881664783642,43.32039695446064
110,2016-04-20 00:00:00+00:00,2017-04-19 00:00:00+00:00,365,141982.5103035696,142562.2564740866,42.69466847112459,43.07886917654904
111,2016-04-21 00:00:00+00:00,2017-04-20 00:00:00+00:00,365,141587.3032363543,142165.03145586772,42.43276275835817,42.815626157494954
112,2016-04-22 00:00:00+00:00,2017-04-21 00:00:00+00:00,365,141196.40805018367,141778.76434556273,42.17371455086446,42.55964499917337
113,2016-04-23 00:00:00+00:00,2017-04-22 00:00:00+00:00,365,140822.184717555,141387.71663274206,41.9257148646328,42.300495711500915
114,2016-04-24 00:00:00+00:00,2017-04-23 00:00:00+00:00,365,140453.7341638193,141003.31719931966,41.68154082803148,42.0457522720506
115,2016-04-25 00:00:00+00:00,2017-04-24 00:00:00+00:00,365,140090.6859570849,140629.98864745567,41.44094695398132,41.79834556153568
116,2016-04-26 00:00:00+00:00,2017-04-25 00:00:00+00:00,365,139733.9214693735,140255.26410586108,41.20451733215755,41.550013721599406
117,2016-04-27 00:00:00+00:00,2017-04-26 00:00:00+00:00,365,139378.71383178662,139883.17749490283,41.13532682098331,41.46869614468417
118,2016-04-28 00:00:00+00:00,2017-04-27 00:00:00+00:00,365,138986.721291098,139472.0947784618,41.96219821153373,42.27706076923408
119,2016-04-29 00:00:00+00:00,2017-04-28 00:00:00+00:00,365,138602.06803224195,139067.94362229313,41.75630699093951,42.05829499351511
120,2016-04-30 00:00:00+00:00,2017-04-29 00:00:00+00:00,365,138225.6723392055,138670.24372313372,41.71319052008924,42.00037908052005
121,2016-05-01 00:00:00+00:00,2017-04-30 00:00:00+00:00,365,137839.73848878764,138259.53086816747,41.948376577478435,42.217313622306804
122,2016-05-02 00:00:00+00:00,2017-05-01 00:00:00+00:00,365,137451.37910626488,137848.07119605324,42.71573925293369,42.96544769469279
123,2016-05-03 00:00:00+00:00,2017-05-02 00:00:00+00:00,365,137047.64773032576,137419.472687273,42.92071517885214,43.152902745604194
124,2016-05-04 00:00:00+00:00,2017-05-03 00:00:00+00:00,365,136647.8927789504,136993.15573743137,43.55209867036718,43.76438620884504
125,2016-05-05 00:00:00+00:00,2017-05-04 00:00:00+00:00,365,136238.30723782856,136560.03555650584,43.602927383961735,43.799688515799296
126,2016-05-06 00:00:00+00:00,2017-05-05 00:00:00+00:00,365,135828.54581075924,136129.39252774406,43.35232736682613,43.53631782432429
127,2016-05-07 00:00:00+00:00,2017-05-06 00:00:00+00:00,365,135430.64242824682,135710.12544528002,43.585440996784826,43.754934446313705
128,2016-05-08 00:00:00+00:00,2017-05-07 00:00:00+00:00,365,135035.96082365903,135295.7958326011,43.34608496242788,43.503662808987094
129,2016-05-09 00:00:00+00:00,2017-05-08 00:00:00+00:00,365,134626.1336510346,134864.5698704791,44.516526329017445,44.65752088796954
130,2016-05-10 00:00:00+00:00,2017-05-09 00:00:00+00:00,365,134214.72772205886,134432.78447104173,44.65890987777071,44.786961076844605
131,2016-05-11 00:00:00+00:00,2017-05-10 00:00:00+00:00,365,133780.16812919168,133979.11511325577,45.069710191612046,45.185139909251234
132,2016-05-12 00:00:00+00:00,2017-05-11 00:00:00+00:00,365,133343.4278133825,133524.77757853403,45.330036546743294,45.43427676996656
133,2016-05-13 00:00:00+00:00,2017-05-12 00:00:00+00:00,365,132925.79194767837,133084.16218742842,45.08997858013571,45.181010124233225
134,2016-05-14 00:00:00+00:00,2017-05-13 00:00:00+00:00,365,132509.2248851684,132638.9079465351,44.85053496383316,44.925077057967364
135,2016-05-15 00:00:00+00:00,2017-05-14 00:00:00+00:00,365,132066.0201092304,132193.5361065063,44.59577993429787,44.66907639547317
136,2016-05-16 00:00:00+00:00,2017-05-15 00:00:00+00:00,365,131631.85032768687,131756.79007449327,44.34621823838348,44.418033865416
137,2016-05-17 00:00:00+00:00,2017-05-16 00:00:00+00:00,365,131190.54336951592,131310.87853257405,44.09255407845869,44.161722981149616
138,2016-05-18 00:00:00+00:00,2017-05-17 00:00:00+00:00,365,130743.46967877242,130858.28130021376,43.83557518862439,43.90156914807435
139,2016-05-19 00:00:00+00:00,2017-05-18 00:00:00+00:00,365,130291.20124520667,130400.09699287002,44.118458413045715,44.18044971601026
140,2016-05-20 00:00:00+00:00,2017-05-19 00:00:00+00:00,365,129810.69288561602,129913.44050632037,44.83767422893933,44.8960006078258
141,2016-05-21 00:00:00+00:00,2017-05-20 00:00:00+00:00,365,129330.37808326495,129427.91694766241,45.187145141185695,45.24189328869284
142,2016-05-22 00:00:00+00:00,2017-05-21 00:00:00+00:00,365,128851.86917355904,128944.92756502032,44.91856013628638,44.97079341349309
143,2016-05-23 00:00:00+00:00,2017-05-22 00:00:00+00:00,365,128365.05255606418,128454.83669034383,45.34162393497599,45.39234373224904
144,2016-05-24 00:00:00+00:00,2017-05-23 00:00:00+00:00,365,127871.69376494244,127959.43857128765,46.40806378827295,46.4567897655425
145,2016-05-25 00:00:00+00:00,2017-05-24 00:00:00+00:00,365,127370.89143716518,127458.14738728212,47.613554233126806,47.6618838489787
146,2016-05-26 00:00:00+00:00,2017-05-25 00:00:00+00:00,365,126879.98575556115,126968.17389084268,47.84438254120156,47.8937471860607
147,2016-05-27 00:00:00+00:00,2017-05-26 00:00:00+00:00,365,126394.90837501624,126485.48004108602,49.83490208790747,49.888011638293605
148,2016-05-28 00:00:00+00:00,2017-05-27 00:00:00+00:00,365,125944.02422948716,126038.82608743027,56.98343977762411,57.047342943481425
149,2016-05-29 00:00:00+00:00,2017-05-28 00:00:00+00:00,365,125576.83078049074,125645.87824582179,56.735925389382714,56.78246827076511
150,2016-05-30 00:00:00+00:00,2017-05-29 00:00:00+00:00,365,125157.06191354405,125246.46324404051,56.4529714461981,56.51323427410605
151,2016-05-31 00:00:00+00:00,2017-05-30 00:00:00+00:00,365,124752.07829313984,124859.33251418457,56.1799838062331,56.2522807466626
152,2016-06-01 00:00:00+00:00,2017-05-31 00:00:00+00:00,365,124335.2569125033,124462.46977477324,55.8990166775543,55.984767155585004
153,2016-06-02 00:00:00+00:00,2017-06-01 00:00:00+00:00,365,123922.96603254258,124067.02168065899,55.62110342716845,55.71820713561887
154,2016-06-03 00:00:00+00:00,2017-06-02 00:00:00+00:00,365,123506.5310525374,123669.00639078837,55.66191932100012,55.77065072705562
155,2016-06-04 00:00:00+00:00,2017-06-03 00:00:00+00:00,365,123130.15065988388,123295.96017593055,55.73864026410664,55.84878523269611
156,2016-06-05 00:00:00+00:00,2017-06-04 00:00:00+00:00,365,122745.91122293464,122927.38151084573,55.48339531965061,55.603943522422426
157,2016-06-06 00:00:00+00:00,2017-06-05 00:00:00+00:00,365,122346.84754300372,122553.0475406196,55.800548766607186,55.93574363153674
158,2016-06-07 00:00:00+00:00,2017-06-06 00:00:00+00:00,365,121951.91130210478,122180.81973452283,56.23390961290548,56.38165616163321
159,2016-06-08 00:00:00+00:00,2017-06-07 00:00:00+00:00,365,121553.65790482247,121808.42110459613,55.97686113135325,56.141295368710885
160,2016-06-09 00:00:00+00:00,2017-06-08 00:00:00+00:00,365,121155.8610426935,121436.3217534668,55.72010731563123,55.90112774215187
161,2016-06-10 00:00:00+00:00,2017-06-09 00:00:00+00:00,365,120753.42319205994,121059.26028410924,55.46035802251682,55.65775736838579
162,2016-06-11 00:00:00+00:00,2017-06-10 00:00:00+00:00,365,120350.48146135225,120680.68738230251,55.35508866685658,55.56748015554872
163,2016-06-12 00:00:00+00:00,2017-06-11 00:00:00+00:00,365,119969.57679128178,120320.29230319159,55.30195896038337,55.52657820187509
164,2016-06-13 00:00:00+00:00,2017-06-12 00:00:00+00:00,365,119649.66699291428,120014.40457203302,55.097069544846036,55.33066935889202
165,2016-06-14 00:00:00+00:00,2017-06-13 00:00:00+00:00,365,119346.23498217705,119726.62052640128,54.90273349245711,55.146355201553455
166,2016-06-15 00:00:00+00:00,2017-06-14 00:00:00+00:00,365,119040.37634239884,119438.73848019497,54.706843281338266,54.96197827877116
167,2016-06-16 00:00:00+00:00,2017-06-15 00:00:00+00:00,365,118743.3337994743,119158.22104886992,54.51659942722655,54.78231809691516
168,2016-06-17 00:00:00+00:00,2017-06-16 00:00:00+00:00,365,118487.37169762806,118911.85153865346,54.352665950619695,54.62452829112596
169,2016-06-18 00:00:00+00:00,2017-06-17 00:00:00+00:00,365,118213.17715728589,118649.84036549254,54.17705532724736,54.4567206265682
170,2016-06-19 00:00:00+00:00,2017-06-18 00:00:00+00:00,365,117948.81679463029,118397.76673076501,54.00774310088809,54.29527755744294
171,2016-06-20 00:00:00+00:00,2017-06-19 00:00:00+00:00,365,117686.70099195582,118146.25352710528,53.83986842531665,54.13419342197494
172,2016-06-21 00:00:00+00:00,2017-06-20 00:00:00+00:00,365,117393.79498053128,117867.28915056316,53.65227385398937,53.95552790951762
173,2016-06-22 00:00:00+00:00,2017-06-21 00:00:00+00:00,365,117071.9769508033,117561.93966022102,53.44616229267798,53.75996378822443
174,2016-06-23 00:00:00+00:00,2017-06-22 00:00:00+00:00,365,116692.14012939343,117203.32785171758,53.20289201857145,53.530287284960046
175,2016-06-24 00:00:00+00:00,2017-06-23 00:00:00+00:00,365,116340.19529160098,116868.84698524252,52.97748544307843,53.316065683776806
176,2016-06-25 00:00:00+00:00,2017-06-24 00:00:00+00:00,365,116020.48066220849,116563.24564652206,52.77272102545434,53.120340263682195
177,2016-06-26 00:00:00+00:00,2017-06-25 00:00:00+00:00,365,115706.73370845595,116263.33081602695,52.57177866511085,52.92825682439807
178,2016-06-27 00:00:00+00:00,2017-06-26 00:00:00+00:00,365,115369.2453449268,115941.6680437857,52.35563088249524,52.72224469928985
179,2016-06-28 00:00:00+00:00,2017-06-27 00:00:00+00:00,365,115043.60242435426,115629.89715933573,52.147069631760026,52.52256793220587
180,2016-06-29 00:00:00+00:00,2017-06-28 00:00:00+00:00,365,114714.99820581313,115313.4935362377,51.93661178825673,52.31992408152899
181,2016-06-30 00:00:00+00:00,2017-06-29 00:00:00+00:00,365,114380.13680199043,114992.30810734045,51.72214646814037,52.11421767571811
182,2016-07-01 00:00:00+00:00,2017-06-30 00:00:00+00:00,365,114073.88600923208,114697.69416664628,51.52600509874093,51.92552924408515
183,2016-07-02 00:00:00+00:00,2017-07-01 00:00:00+00:00,365,113771.54739149165,114406.88402507994,51.332369320783165,51.739276993476025
184,2016-07-03 00:00:00+00:00,2017-07-02 00:00:00+00:00,365,113479.806470938,114125.78821560426,51.145520943504344,51.559246383574845
185,2016-07-04 00:00:00+00:00,2017-07-03 00:00:00+00:00,365,113161.79494037022,113819.6350148012,50.941847292479395,51.36316751791483
186,2016-07-05 00:00:00+00:00,2017-07-04 00:00:00+00:00,365,112853.05788519888,113522.02518409141,50.74411357156314,51.172560338692875
187,2016-07-06 00:00:00+00:00,2017-07-05 00:00:00+00:00,365,112537.17545177456,113217.03506085159,50.54180352200201,50.977226377638374
188,2016-07-07 00:00:00+00:00,2017-07-06 00:00:00+00:00,365,112227.54314170057,112917.98249241864,50.34349642616978,50.78569518267706
189,2016-07-08 00:00:00+00:00,2017-07-07 00:00:00+00:00,365,111898.5069246951,112599.71020578736,50.13276190494883,50.58185452783503
190,2016-07-09 00:00:00+00:00,2017-07-08 00:00:00+00:00,365,111585.00978107167,112295.04657895623,49.93197953798973,50.386729674656216
191,2016-07-10 00:00:00+00:00,2017-07-09 00:00:00+00:00,365,111265.01214557647,111984.12486275545,49.72703386628943,50.187596765832154
192,2016-07-11 00:00:00+00:00,2017-07-10 00:00:00+00:00,365,110952.87891351219,111680.72605743792,49.527125030068156,49.99328198018491
193,2016-07-12 00:00:00+00:00,2017-07-11 00:00:00+00:00,365,110641.32232752861,111377.54046995408,49.32758551257063,49.799103752022155
194,2016-07-13 00:00:00+00:00,2017-07-12 00:00:00+00:00,365,110340.26412379503,111084.00266231247,49.13476978851195,49.611104540517196
195,2016-07-14 00:00:00+00:00,2017-07-13 00:00:00+00:00,365,110035.35847694936,110784.73748209572,48.93948993120519,49.41943717622206
196,2016-07-15 00:00:00+00:00,2017-07-14 00:00:00+00:00,365,109737.8445288068,110493.895927128,48.74894416092806,49.23316480658727
197,2016-07-16 00:00:00+00:00,2017-07-15 00:00:00+00:00,365,109459.2985402343,110220.69378678616,48.57054660921155,49.05818977567593
198,2016-07-17 00:00:00+00:00,2017-07-16 00:00:00+00:00,365,109185.42694126898,109952.26048123695,48.395142816859355,48.88626899248832
199,2016-07-18 00:00:00+00:00,2017-07-17 00:00:00+00:00,365,108905.93523490506,109673.65215476937,48.21613957076731,48.70783151584624
200,2016-07-19 00:00:00+00:00,2017-07-18 00:00:00+00:00,365,108614.14407306,109386.76215661396,48.02925901595318,48.52408996011544
201,2016-07-20 00:00:00+00:00,2017-07-19 00:00:00+00:00,365,108325.46400845266,109102.05692846837,47.84437099434051,48.34174766209004
202,2016-07-21 00:00:00+00:00,2017-07-20 00:00:00+00:00,365,108007.49268215614,108788.51066653195,47.640723092541364,48.140933836818355
203,2016-07-22 00:00:00+00:00,2017-07-21 00:00:00+00:00,365,107696.6609608051,108480.42584863982,47.44164782181484,47.94361784776155
204,2016-07-23 00:00:00+00:00,2017-07-22 00:00:00+00:00,365,107369.53906546549,108156.11276535894,47.23213934696468,47.73590830456026
205,2016-07-24 00:00:00+00:00,2017-07-23 00:00:00+00:00,365,107050.85791978808,107838.85605000216,47.02803683427577,47.53271808245249
206,2016-07-25 00:00:00+00:00,2017-07-24 00:00:00+00:00,365,106734.05749389324,107524.06078085539,46.82513884729692,47.331104318077244
207,2016-07-26 00:00:00+00:00,2017-07-25 00:00:00+00:00,365,106422.40916173991,107212.93356065865,46.625540570051506,47.13183979217286
208,2016-07-27 00:00:00+00:00,2017-07-26 00:00:00+00:00,365,106111.71225237922,106903.0351122473,46.426551641006455,46.93336224539266
209,2016-07-28 00:00:00+00:00,2017-07-27 00:00:00+00:00,365,105797.5464511153,106588.36733496479,46.225341025604045,46.73183013445124
210,2016-07-29 00:00:00+00:00,2017-07-28 00:00:00+00:00,365,105477.76892551128,106268.91453208393,46.020536325475064,46.527233406223395
211,2016-07-30 00:00:00+00:00,2017-07-29 00:00:00+00:00,365,105163.85156586728,105953.49212258236,45.81948482698174,46.32521798356381
212,2016-07-31 00:00:00+00:00,2017-07-30 00:00:00+00:00,365,104846.34568619082,105635.09291400659,45.61613502510463,46.12129604029872
213,2016-08-01 00:00:00+00:00,2017-07-31 00:00:00+00:00,365,104505.86949193265,105292.30681181634,45.39807365655038,45.901755268210835
214,2016-08-02 00:00:00+00:00,2017-08-01 00:00:00+00:00,365,104155.1833421257,104941.03873910854,45.17347322030978,45.67678213365449
215,2016-08-03 00:00:00+00:00,2017-08-02 00:00:00+00:00,365,103740.11706328731,104522.9910663765,49.074567856841966,49.62249158184987
216,2016-08-04 00:00:00+00:00,2017-08-03 00:00:00+00:00,365,103360.2542286673,104140.83683747533,48.80870660903484,49.355026615838995
217,2016-08-05 00:00:00+00:00,2017-08-04 00:00:00+00:00,365,102990.69179992785,103767.12307070954,48.55005448649807,49.0934690237296
218,2016-08-06 00:00:00+00:00,2017-08-05 00:00:00+00:00,365,102606.48241947126,103380.42327067698,49.25205300277566,49.783555895515484
219,2016-08-07 00:00:00+00:00,2017-08-06 00:00:00+00:00,365,102234.82207866281,103001.50628179297,48.99681573761694,49.52333513654358
220,2016-08-08 00:00:00+00:00,2017-08-07 00:00:00+00:00,365,101862.77774832743,102621.59771859278,49.233769795956164,49.74988192562335
221,2016-08-09 00:00:00+00:00,2017-08-08 00:00:00+00:00,365,101490.86524828106,102238.49237508261,49.07949517605337,49.587010936061155
222,2016-08-10 00:00:00+00:00,2017-08-09 00:00:00+00:00,365,101117.0876097992,101854.34969577486,48.82576168315618,49.32624128652428
223,2016-08-11 00:00:00+00:00,2017-08-10 00:00:00+00:00,365,100746.65600115331,101469.67673165814,48.607945966181745,49.09843690893678
224,2016-08-12 00:00:00+00:00,2017-08-11 00:00:00+00:00,365,100370.51889217834,101079.83548670282,48.96774721785536,49.44321176049814
225,2016-08-13 00:00:00+00:00,2017-08-12 00:00:00+00:00,365,99990.48926622765,100684.0284148742,49.21881574407291,49.679119580077675
226,2016-08-14 00:00:00+00:00,2017-08-13 00:00:00+00:00,365,99602.39701618071,100283.40788730586,49.372876129015474,49.821219528912195
227,2016-08-15 00:00:00+00:00,2017-08-14 00:00:00+00:00,365,99199.70793068275,99867.56741604269,49.56483947862896,50.0005757624754
228,2016-08-16 00:00:00+00:00,2017-08-15 00:00:00+00:00,365,98789.96900292742,99449.85743294426,49.66224570663759,50.09596676183431
229,2016-08-17 00:00:00+00:00,2017-08-16 00:00:00+00:00,365,98385.43896615412,99038.96680935367,49.502487101761815,49.93112675071318
230,2016-08-18 00:00:00+00:00,2017-08-17 00:00:00+00:00,365,97973.61117883112,98624.97146041457,49.2323750934925,49.65959306950387
231,2016-08-19 00:00:00+00:00,2017-08-18 00:00:00+00:00,365,97565.8265492308,98213.73802312778,48.96491493506391,49.38987088699871
232,2016-08-20 00:00:00+00:00,2017-08-19 00:00:00+00:00,365,97155.86068598309,97802.25282663622,48.69602413640381,49.1199835791997
233,2016-08-21 00:00:00+00:00,2017-08-20 00:00:00+00:00,365,96755.77556522333,97398.39998257332,48.433613976687376,48.85510222317417
234,2016-08-22 00:00:00+00:00,2017-08-21 00:00:00+00:00,365,96354.55124669545,96995.29737802965,48.17045663330235,48.59071293861506
235,2016-08-23 00:00:00+00:00,2017-08-22 00:00:00+00:00,365,95959.10199201532,96594.18923279643,47.91108707243665,48.32763179164732
236,2016-08-24 00:00:00+00:00,2017-08-23 00:00:00+00:00,365,95560.00876954912,96190.01972886016,47.64932748475135,48.06254274289933
237,2016-08-25 00:00:00+00:00,2017-08-24 00:00:00+00:00,365,95158.21953809581,95779.92785080233,47.38579962298587,47.793569292911464
238,2016-08-26 00:00:00+00:00,2017-08-25 00:00:00+00:00,365,94772.19294246951,95367.24547682017,47.132610250632496,47.5228967733657
239,2016-08-27 00:00:00+00:00,2017-08-26 00:00:00+00:00,365,94365.93677618957,94957.05918773107,46.8661525896306,47.25386140052065
240,2016-08-28 00:00:00+00:00,2017-08-27 00:00:00+00:00,365,93953.02963467034,94539.63101278232,46.78537469005826,47.17168742027521
241,2016-08-29 00:00:00+00:00,2017-08-28 00:00:00+00:00,365,93545.95762925717,94125.79830029949,46.54507322440203,46.926735269576795
242,2016-08-30 00:00:00+00:00,2017-08-29 00:00:00+00:00,365,93134.05126637282,93707.57240206902,46.65851579120201,47.033316065018795
243,2016-08-31 00:00:00+00:00,2017-08-30 00:00:00+00:00,365,92726.14069683026,93291.40694532727,46.391943238524036,46.761348882936566
244,2016-09-01 00:00:00+00:00,2017-08-31 00:00:00+00:00,365,92313.17581479967,92870.45793690145,46.34699816661858,46.7096657076956
245,2016-09-02 00:00:00+00:00,2017-09-01 00:00:00+00:00,365,91900.08755078855,92447.37667979891,46.768839163458004,47.126489586386576
246,2016-09-03 00:00:00+00:00,2017-09-02 00:00:00+00:00,365,91492.5412436709,92032.05182414548,48.21935928271599,48.58494307104458
247,2016-09-04 00:00:00+00:00,2017-09-03 00:00:00+00:00,365,91103.95129519246,91634.94910309152,47.95604250893521,48.31585786238974
248,2016-09-05 00:00:00+00:00,2017-09-04 00:00:00+00:00,365,90724.52335801808,91248.8359714655,47.698934107932416,48.05421943213117
249,2016-09-06 00:00:00+00:00,2017-09-05 00:00:00+00:00,365,90343.71492158112,90859.38313963571,47.44089025141037,47.79031795032819
250,2016-09-07 00:00:00+00:00,2017-09-06 00:00:00+00:00,365,89963.19762469814,90471.90456523193,47.1830436772122,47.527754267143166
251,2016-09-08 00:00:00+00:00,2017-09-07 00:00:00+00:00,365,89585.86759964359,90086.0061838203,46.927356865865114,47.266261356175164
252,2016-09-09 00:00:00+00:00,2017-09-08 00:00:00+00:00,365,89221.14979420404,89714.55652199664,46.6802163614728,47.01455920341402
253,2016-09-10 00:00:00+00:00,2017-09-09 00:00:00+00:00,365,88853.22112457486,89337.96899123592,46.430900107546115,46.75937552191567
254,2016-09-11 00:00:00+00:00,2017-09-10 00:00:00+00:00,365,88486.83103511072,88963.72426574457,46.182626428104044,46.50577937485445
255,2016-09-12 00:00:00+00:00,2017-09-11 00:00:00+00:00,365,88109.81730452487,88578.33145151765,45.927153944583466,46.24462904691137
256,2016-09-13 00:00:00+00:00,2017-09-12 00:00:00+00:00,365,87732.14602325542,88193.29212276977,45.671235890802315,45.98371824821059
257,2016-09-14 00:00:00+00:00,2017-09-13 00:00:00+00:00,365,87360.83522611749,87813.67545561113,45.41962783569135,45.726481959775896
258,2016-09-15 00:00:00+00:00,2017-09-14 00:00:00+00:00,365,87004.57244693178,87448.47245884965,45.1782166360433,45.479012679474536
259,2016-09-16 00:00:00+00:00,2017-09-15 00:00:00+00:00,365,86636.43139419905,87071.23170851513,44.92875646683047,45.22338636256728
260,2016-09-17 00:00:00+00:00,2017-09-16 00:00:00+00:00,365,86269.69706745728,86694.29787427947,44.68024952492313,44.967968018504635
261,2016-09-18 00:00:00+00:00,2017-09-17 00:00:00+00:00,365,85897.22249155247,86317.0362755835,44.4278528686878,44.71232757430639
262,2016-09-19 00:00:00+00:00,2017-09-18 00:00:00+00:00,365,85539.55917406405,85936.17019480275,44.18549263464278,44.45424465675693
263,2016-09-20 00:00:00+00:00,2017-09-19 00:00:00+00:00,365,85169.92740381716,85555.99104390573,43.93502232369059,44.19662721743587
264,2016-09-21 00:00:00+00:00,2017-09-20 00:00:00+00:00,365,84801.0617992208,85175.97909352867,43.685071182799476,43.93912307672602
265,2016-09-22 00:00:00+00:00,2017-09-21 00:00:00+00:00,365,84429.62375402614,84792.76252421243,43.43337690171201,43.67944741839569
266,2016-09-23 00:00:00+00:00,2017-09-22 00:00:00+00:00,365,84058.40526970892,84408.4404581042,43.59853533179662,43.83801547563018
267,2016-09-24 00:00:00+00:00,2017-09-23 00:00:00+00:00,365,83688.2316028583,84026.18662227513,43.34527724255367,43.576492615585884
268,2016-09-25 00:00:00+00:00,2017-09-24 00:00:00+00:00,365,83321.52600739774,83646.11358007397,43.09439186971996,43.31646176774208
269,2016-09-26 00:00:00+00:00,2017-09-25 00:00:00+00:00,365,82948.15038055825,83259.86985372819,43.170457675809395,43.38537411852332
270,2016-09-27 00:00:00+00:00,2017-09-26 00:00:00+00:00,365,82582.25411669121,82878.77845562685,42.91818879240297,43.12262887904267
271,2016-09-28 00:00:00+00:00,2017-09-27 00:00:00+00:00,365,82207.45965940946,82491.15547996375,42.659785008100485,42.855380412989085
272,2016-09-29 00:00:00+00:00,2017-09-28 00:00:00+00:00,365,81834.48030904953,82103.49549773471,42.443899051574284,42.6295533301823
273,2016-09-30 00:00:00+00:00,2017-09-29 00:00:00+00:00,365,81462.08620675895,81716.7376795567,42.478336379295364,42.655291948901514
274,2016-10-01 00:00:00+00:00,2017-09-30 00:00:00+00:00,365,81106.87473106143,81329.97242120365,42.32193141075465,42.47729243137303
275,2016-10-02 00:00:00+00:00,2017-10-01 00:00:00+00:00,365,80732.69193629136,80947.30523903915,42.061357574888156,42.210810228261316
276,2016-10-03 00:00:00+00:00,2017-10-02 00:00:00+00:00,365,80358.45893967833,80561.90638549827,41.80074877940574,41.942425740761266
277,2016-10-04 00:00:00+00:00,2017-10-03 00:00:00+00:00,365,79986.5724915489,80178.28758347488,41.54177407599801,41.67528084754092
278,2016-10-05 00:00:00+00:00,2017-10-04 00:00:00+00:00,365,79615.92484207111,79794.13143205497,41.41915240176665,41.543659394861066
279,2016-10-06 00:00:00+00:00,2017-10-05 00:00:00+00:00,365,79244.80053187357,79409.99994001523,41.159860240174204,41.275279549698936
280,2016-10-07 00:00:00+00:00,2017-10-06 00:00:00+00:00,365,78873.61165081928,79024.90990454526,41.30877666348629,41.41553882870499
281,2016-10-08 00:00:00+00:00,2017-10-07 00:00:00+00:00,365,78506.26280406862,78643.24233338443,41.04956046433094,41.14621875866182
282,2016-10-09 00:00:00+00:00,2017-10-08 00:00:00+00:00,365,78137.97345337074,78260.40196515268,40.78968060756335,40.8760711155861
283,2016-10-10 00:00:00+00:00,2017-10-09 00:00:00+00:00,365,77765.29471674358,77873.78081643849,40.60062593003676,40.67731774293628
284,2016-10-11 00:00:00+00:00,2017-10-10 00:00:00+00:00,365,77394.81241819402,77488.30754837274,41.12543986168345,41.19282316887765
285,2016-10-12 00:00:00+00:00,2017-10-11 00:00:00+00:00,365,77040.29376196007,77119.11049775868,40.86993308316542,40.926737456935584
286,2016-10-13 00:00:00+00:00,2017-10-12 00:00:00+00:00,365,76675.45118821292,76739.53579529701,41.364497692760246,41.4100953301612
287,2016-10-14 00:00:00+00:00,2017-10-13 00:00:00+00:00,365,76310.80785905285,76357.18540986082,41.40849704426368,41.44132569053854
288,2016-10-15 00:00:00+00:00,2017-10-14 00:00:00+00:00,365,75950.36193795847,75976.17927633798,41.372673575289944,41.39088043305333
289,2016-10-16 00:00:00+00:00,2017-10-15 00:00:00+00:00,365,75596.3767632109,75594.4234902573,41.1230367757006,41.12165929199889
290,2016-10-17 00:00:00+00:00,2017-10-16 00:00:00+00:00,365,75240.45791056543,75215.8774526873,40.8720363112001,40.85470172411884
291,2016-10-18 00:00:00+00:00,2017-10-17 00:00:00+00:00,365,74892.11565516167,74836.22514834444,40.62637900122168,40.586963996739556
292,2016-10-19 00:00:00+00:00,2017-10-18 00:00:00+00:00,365,74532.99873865477,74454.22858612143,40.37312320377448,40.317573055959365
293,2016-10-20 00:00:00+00:00,2017-10-19 00:00:00+00:00,365,74176.97924933667,74067.09865642698,40.1220517684575,40.044561970839524
294,2016-10-21 00:00:00+00:00,2017-10-20 00:00:00+00:00,365,73807.78187494887,73676.90758182424,40.28792505513328,40.195654762976496
295,2016-10-22 00:00:00+00:00,2017-10-21 00:00:00+00:00,365,73440.41495675046,73288.08843072873,41.42406293969964,41.31308351581035
296,2016-10-23 00:00:00+00:00,2017-10-22 00:00:00+00:00,365,73095.27752660678,72915.18363175058,41.172608684421,41.04139899153883
297,2016-10-24 00:00:00+00:00,2017-10-23 00:00:00+00:00,365,72742.18324097752,72541.4844309451,40.91535736108848,40.76913569573332
298,2016-10-25 00:00:00+00:00,2017-10-24 00:00:00+00:00,365,72390.30388941088,72169.65846371885,41.06361451801969,40.9012607277299
299,2016-10-26 00:00:00+00:00,2017-10-25 00:00:00+00:00,365,72041.38518963,71799.64871313528,42.160442156174454,41.976669241042075
300,2016-10-27 00:00:00+00:00,2017-10-26 00:00:00+00:00,365,71686.4148538029,71440.26296449274,42.68977778711706,42.49907811658967
301,2016-10-28 00:00:00+00:00,2017-10-27 00:00:00+00:00,365,71362.44486522507,71088.65668481332,42.677230796369045,42.46392890955726
302,2016-10-29 00:00:00+00:00,2017-10-28 00:00:00+00:00,365,71041.86306351474,70739.36458945769,42.42747310748892,42.19180371088817
303,2016-10-30 00:00:00+00:00,2017-10-29 00:00:00+00:00,365,70741.06338268438,70400.79468985317,42.36739969779391,42.10310361076796
304,2016-10-31 00:00:00+00:00,2017-10-30 00:00:00+00:00,365,70416.49464895905,70053.80439892871,42.11529820241149,41.8335866729496
305,2016-11-01 00:00:00+00:00,2017-10-31 00:00:00+00:00,365,70146.96929940087,69704.41602047285,42.19302041417803,41.850975662882746
306,2016-11-02 00:00:00+00:00,2017-11-01 00:00:00+00:00,365,69819.8405759033,69370.13912527065,42.24769591624073,41.90196729667341
307,2016-11-03 00:00:00+00:00,2017-11-02 00:00:00+00:00,365,69488.25569770044,69038.98512067915,42.289964572403534,41.94633678890716
308,2016-11-04 00:00:00+00:00,2017-11-03 00:00:00+00:00,365,69119.83957583696,68679.94737202977,43.06994902642713,42.72689789419101
309,2016-11-05 00:00:00+00:00,2017-11-04 00:00:00+00:00,365,68756.69256168709,68328.4927966478,42.97146721174284,42.63861259887306
310,2016-11-06 00:00:00+00:00,2017-11-05 00:00:00+00:00,365,68394.92295623278,67978.04773803263,42.69025107898645,42.366199431372195
311,2016-11-07 00:00:00+00:00,2017-11-06 00:00:00+00:00,365,68038.93885662925,67634.57083188074,42.41353222172491,42.09920285182852
312,2016-11-08 00:00:00+00:00,2017-11-07 00:00:00+00:00,365,67678.36375039324,67285.09625282725,42.13324461487474,41.82754407194104
313,2016-11-09 00:00:00+00:00,2017-11-08 00:00:00+00:00,365,67318.28801516499,66936.98339638484,41.87844276183698,41.58216931622108
314,2016-11-10 00:00:00+00:00,2017-11-09 00:00:00+00:00,365,66967.12554845739,66595.74931043794,41.60558974915836,41.31703064906173
315,2016-11-11 00:00:00+00:00,2017-11-10 00:00:00+00:00,365,66614.16737054163,66253.09760234183,41.33134147001622,41.05079049039653
316,2016-11-12 00:00:00+00:00,2017-11-11 00:00:00+00:00,365,66266.15268078327,65913.46326005987,41.06093427801967,40.78689482304459
317,2016-11-13 00:00:00+00:00,2017-11-12 00:00:00+00:00,365,65914.95247443068,65571.21419898828,40.78805194166097,40.520967520860644
318,2016-11-14 00:00:00+00:00,2017-11-13 00:00:00+00:00,365,65564.99670979154,65223.86587077481,40.644438170904486,40.378540371296
319,2016-11-15 00:00:00+00:00,2017-11-14 00:00:00+00:00,365,65209.731231032885,64877.1657034535,40.79154942480657,40.5296050409054
320,2016-11-16 00:00:00+00:00,2017-11-15 00:00:00+00:00,365,64856.13847211366,64530.311177793104,41.48330047078767,41.22051717153981
321,2016-11-17 00:00:00+00:00,2017-11-16 00:00:00+00:00,365,64516.06246281453,64196.07437107275,41.51809738141421,41.261380192153965
322,2016-11-18 00:00:00+00:00,2017-11-17 00:00:00+00:00,365,64174.250706867955,63858.93097579002,41.2438716976862,40.990899799138354
323,2016-11-19 00:00:00+00:00,2017-11-18 00:00:00+00:00,365,63841.06662556612,63528.57089001406,40.97656774774082,40.72586145910971
324,2016-11-20 00:00:00+00:00,2017-11-19 00:00:00+00:00,365,63507.51856191504,63198.03266381553,40.84845006923193,40.60074257590434
325,2016-11-21 00:00:00+00:00,2017-11-20 00:00:00+00:00,365,63161.49611192015,62856.03699349842,40.751396574104994,40.50765213415626
326,2016-11-22 00:00:00+00:00,2017-11-21 00:00:00+00:00,365,62820.92102991541,62517.905074536,40.479630967457986,40.23783607614453
327,2016-11-23 00:00:00+00:00,2017-11-22 00:00:00+00:00,365,62485.44857194656,62184.84082570803,40.21193705539428,39.97206382086866
328,2016-11-24 00:00:00+00:00,2017-11-23 00:00:00+00:00,365,62148.91869714973,61849.16958409749,39.94339936602296,39.70421128722684
329,2016-11-25 00:00:00+00:00,2017-11-24 00:00:00+00:00,365,61809.077927669045,61510.88795130661,39.672219712075105,39.43427576343043
330,2016-11-26 00:00:00+00:00,2017-11-25 00:00:00+00:00,365,61471.969880914025,61171.77195880741,39.72870867072336,39.490449152293685
331,2016-11-27 00:00:00+00:00,2017-11-26 00:00:00+00:00,365,61127.30031381914,60828.240525133544,39.78281357329806,39.54674190205676
332,2016-11-28 00:00:00+00:00,2017-11-27 00:00:00+00:00,365,60779.20183656701,60479.9260607271,39.8617443428473,39.62552515745349
333,2016-11-29 00:00:00+00:00,2017-11-28 00:00:00+00:00,365,60430.035317318296,60132.24782478933,39.77715663276635,39.54195559566407
334,2016-11-30 00:00:00+00:00,2017-11-29 00:00:00+00:00,365,60083.325469908625,59785.743753683535,40.11940617826252,39.880702025540046
335,2016-12-01 00:00:00+00:00,2017-11-30 00:00:00+00:00,365,59742.82589921291,59444.016414715166,40.48574002987231,40.24252259845845
336,2016-12-02 00:00:00+00:00,2017-12-01 00:00:00+00:00,365,59414.355312691194,59105.84760307208,40.58192957629275,40.33234531007443
337,2016-12-03 00:00:00+00:00,2017-12-02 00:00:00+00:00,365,59078.62806955604,58776.154733509946,40.36171836511767,40.11722662984613
338,2016-12-04 00:00:00+00:00,2017-12-03 00:00:00+00:00,365,58738.30721229024,58442.97114883284,40.196652198636734,39.958367943533354
339,2016-12-05 00:00:00+00:00,2017-12-04 00:00:00+00:00,365,58396.54568570698,58109.1776640413,40.050801239430626,39.819447062014454
340,2016-12-06 00:00:00+00:00,2017-12-05 00:00:00+00:00,365,58049.449503692274,57768.52018730738,40.198460444816284,39.9704550541774
341,2016-12-07 00:00:00+00:00,2017-12-06 00:00:00+00:00,365,57700.59142188412,57427.191230854296,40.90960861436131,40.688364850837964
342,2016-12-08 00:00:00+00:00,2017-12-07 00:00:00+00:00,365,57350.43147797405,57085.13680724312,41.38370393499763,41.17043586974208
343,2016-12-09 00:00:00+00:00,2017-12-08 00:00:00+00:00,365,56999.03755001786,56745.0529824733,41.260309945492665,41.0553436791701
344,2016-12-10 00:00:00+00:00,2017-12-09 00:00:00+00:00,365,56651.36098175796,56408.325415985484,40.9797339688772,40.78360357803667
345,2016-12-11 00:00:00+00:00,2017-12-10 00:00:00+00:00,365,56302.65912671531,56072.732924379015,40.69833058292028,40.512779485551626
346,2016-12-12 00:00:00+00:00,2017-12-11 00:00:00+00:00,365,55951.22688956061,55733.39032637906,40.72691599585843,40.54976330742194
347,2016-12-13 00:00:00+00:00,2017-12-12 00:00:00+00:00,365,55601.82798108982,55397.18451368938,40.50821143199115,40.341970713826896
348,2016-12-14 00:00:00+00:00,2017-12-13 00:00:00+00:00,365,55255.54008326128,55062.044565818665,40.226906831566446,40.06972207414499
349,2016-12-15 00:00:00+00:00,2017-12-14 00:00:00+00:00,365,54907.2338848007,54725.92661645096,39.943962678456266,39.79667896165
350,2016-12-16 00:00:00+00:00,2017-12-15 00:00:00+00:00,365,54558.41248838652,54388.42647846956,40.027108742516646,39.88799320055831
351,2016-12-17 00:00:00+00:00,2017-12-16 00:00:00+00:00,365,54209.26705069467,54052.1303518945,40.33935002155495,40.21029703725214
352,2016-12-18 00:00:00+00:00,2017-12-17 00:00:00+00:00,365,53864.12863216165,53719.387190412206,40.05589527642325,39.93702224960848
353,2016-12-19 00:00:00+00:00,2017-12-18 00:00:00+00:00,365,53520.814745075506,53387.29733518156,39.77393897964877,39.664284008310034
354,2016-12-20 00:00:00+00:00,2017-12-19 00:00:00+00:00,365,53179.86209463705,53056.13862305934,39.49392191564648,39.39231049477965
355,2016-12-21 00:00:00+00:00,2017-12-20 00:00:00+00:00,365,52842.17823324666,52730.22880157808,39.216589437644345,39.12464778201489
356,2016-12-22 00:00:00+00:00,2017-12-21 00:00:00+00:00,365,52521.830457203825,52417.06152951067,38.95349471293162,38.86745025047158
357,2016-12-23 00:00:00+00:00,2017-12-22 00:00:00+00:00,365,52216.35676163374,52117.083912577975,38.702615749962824,38.62108509844277
358,2016-12-24 00:00:00+00:00,2017-12-23 00:00:00+00:00,365,51937.54054932066,51836.21827493433,38.47363000350288,38.39041620312558
359,2016-12-25 00:00:00+00:00,2017-12-24 00:00:00+00:00,365,51639.88810853382,51548.3156714991,38.22917446853325,38.15396799945603
360,2016-12-26 00:00:00+00:00,2017-12-25 00:00:00+00:00,365,51341.46307099346,51262.00077582499,37.98408441650003,37.918823745954306
361,2016-12-27 00:00:00+00:00,2017-12-26 00:00:00+00:00,365,51044.57282288106,50976.08608184062,37.740254853948066,37.684008169475696
362,2016-12-28 00:00:00+00:00,2017-12-27 00:00:00+00:00,365,50758.62141350102,50698.00676742889,37.50540912390623,37.45562762138138
363,2016-12-29 00:00:00+00:00,2017-12-28 00:00:00+00:00,365,50499.869164800344,50437.604819187894,37.292901478366666,37.2417651131617
364,2016-12-30 00:00:00+00:00,2017-12-29 00:00:00+00:00,365,50224.94621205413,50174.96511541511,37.06711318208612,37.02606478454917
365,2016-12-31 00:00:00+00:00,2017-12-30 00:00:00+00:00,365,49948.87017465007,49911.0864183455,36.84037788222598,36.80934689744327
366,2017-01-01 00:00:00+00:00,2017-12-31 00:00:00+00:00,365,49675.27584788886,49648.020221223196,36.61568075783397,36.59329629903406
367,2017-01-02 00:00:00+00:00,2018-01-01 00:00:00+00:00,365,49413.72289039464,49393.64168503847,36.40087295051978,36.384380689326825
368,2017-01-03 00:00:00+00:00,2018-01-02 00:00:00+00:00,365,49157.408953201244,49142.838364104704,36.19036783767358,36.17840132685646
369,2017-01-04 00:00:00+00:00,2018-01-03 00:00:00+00:00,365,48902.89715563834,48895.769943394305,35.98134278326833,35.97548935744944
370,2017-01-05 00:00:00+00:00,2018-01-04 00:00:00+00:00,365,48687.038405799285,48672.45688686933,35.804062643954545,35.79208715670079
371,2017-01-06 00:00:00+00:00,2018-01-05 00:00:00+00:00,365,48414.38959257959,48414.73935416862,35.5801420494576,35.58042930111303
372,2017-01-07 00:00:00+00:00,2018-01-06 00:00:00+00:00,365,48107.335998530456,48123.773279808025,35.32796554991604,35.34146513479272
373,2017-01-08 00:00:00+00:00,2018-01-07 00:00:00+00:00,365,47806.22528190116,47837.401709045356,35.08066980752562,35.10627433526216
374,2017-01-09 00:00:00+00:00,2018-01-08 00:00:00+00:00,365,47515.22378917746,47555.49419064536,34.84167655286698,34.87474976573315
375,2017-01-10 00:00:00+00:00,2018-01-09 00:00:00+00:00,365,47215.63346256912,47271.316552722936,34.59562947403515,34.641360795963266
376,2017-01-11 00:00:00+00:00,2018-01-10 00:00:00+00:00,365,46916.99998538729,46987.76184625191,34.35036823501643,34.40848342636974
377,2017-01-12 00:00:00+00:00,2018-01-11 00:00:00+00:00,365,46574.01668515958,46660.99600272641,34.91576690970719,34.98897728908857
378,2017-01-13 00:00:00+00:00,2018-01-12 00:00:00+00:00,365,46239.424205675896,46341.415316844264,35.21339812206793,35.30067968267424
379,2017-01-14 00:00:00+00:00,2018-01-13 00:00:00+00:00,365,45914.01241902981,46029.28053213954,34.93491847562823,35.03356217785983
380,2017-01-15 00:00:00+00:00,2018-01-14 00:00:00+00:00,365,45587.719265314256,45715.211677855455,34.85427560571039,34.964005787260355
381,2017-01-16 00:00:00+00:00,2018-01-15 00:00:00+00:00,365,45264.79631478493,45403.09860598102,34.8517985702222,34.971780897124525
382,2017-01-17 00:00:00+00:00,2018-01-16 00:00:00+00:00,365,44949.37517458955,45097.31150517107,36.775214259284205,36.91170905431997
383,2017-01-18 00:00:00+00:00,2018-01-17 00:00:00+00:00,365,44663.92086971612,44819.4728205452,36.511837259985825,36.655358676005584
384,2017-01-19 00:00:00+00:00,2018-01-18 00:00:00+00:00,365,44371.663647326815,44532.94708263121,36.52143733334886,36.671393565677164
385,2017-01-20 00:00:00+00:00,2018-01-19 00:00:00+00:00,365,44093.39954311954,44253.24500375643,36.26271617838101,36.411335427386035
386,2017-01-21 00:00:00+00:00,2018-01-20 00:00:00+00:00,365,43800.519476986185,43968.64711558209,35.99040556471796,36.146725320596886
387,2017-01-22 00:00:00+00:00,2018-01-21 00:00:00+00:00,365,43521.010402723485,43696.27572285979,35.73052687600512,35.89348302221971
388,2017-01-23 00:00:00+00:00,2018-01-22 00:00:00+00:00,365,43245.792537447756,43424.79169989028,35.47463801755975,35.64106577214685
389,2017-01-24 00:00:00+00:00,2018-01-23 00:00:00+00:00,365,42974.87465595879,43151.961237432944,35.22274714791291,35.38739664526301
390,2017-01-25 00:00:00+00:00,2018-01-24 00:00:00+00:00,365,42686.855918665235,42867.74969115874,35.28281561470873,35.4525824452536
391,2017-01-26 00:00:00+00:00,2018-01-25 00:00:00+00:00,365,42396.099941433204,42586.485539094545,35.82753498099419,36.01038239614061
392,2017-01-27 00:00:00+00:00,2018-01-26 00:00:00+00:00,365,42111.58857900932,42312.4329531392,35.554288643886636,35.74718072767584
393,2017-01-28 00:00:00+00:00,2018-01-27 00:00:00+00:00,365,41827.873974274575,42038.9841318413,35.28180751741342,35.484558918235734
394,2017-01-29 00:00:00+00:00,2018-01-28 00:00:00+00:00,365,41545.742712956504,41765.669230559215,35.0108470429989,35.22206572634353
395,2017-01-30 00:00:00+00:00,2018-01-29 00:00:00+00:00,365,41262.944453507,41491.062340436474,34.925584417834315,35.145845296717546
396,2017-01-31 00:00:00+00:00,2018-01-30 00:00:00+00:00,365,40985.86603372034,41220.87593985114,35.24129573891423,35.472029927029475
397,2017-02-01 00:00:00+00:00,2018-01-31 00:00:00+00:00,365,40723.76315655501,40965.25294346678,34.9839615032597,35.22105767864475
398,2017-02-02 00:00:00+00:00,2018-02-01 00:00:00+00:00,365,40478.29030247618,40718.12864534129,34.74295472774665,34.97842950509108
399,2017-02-03 00:00:00+00:00,2018-02-02 00:00:00+00:00,365,40229.920832568154,40477.43327464884,34.49910403678919,34.74211329249318
400,2017-02-04 00:00:00+00:00,2018-02-03 00:00:00+00:00,365,39984.067953406644,40237.59087746861,34.25772415028538,34.506634534596934
401,2017-02-05 00:00:00+00:00,2018-02-04 00:00:00+00:00,365,39746.24930544935,40005.77886853051,34.02423232196836,34.2790400618434
402,2017-02-06 00:00:00+00:00,2018-02-05 00:00:00+00:00,365,39511.226946930445,39775.73882769611,33.79348590802099,34.0531853183996
403,2017-02-07 00:00:00+00:00,2018-02-06 00:00:00+00:00,365,39274.48601926209,39543.412189643466,33.561052192189436,33.825085579579294
404,2017-02-08 00:00:00+00:00,2018-02-07 00:00:00+00:00,365,39047.5693899301,39319.31622536501,33.338264033593155,33.60506676748329
405,2017-02-09 00:00:00+00:00,2018-02-08 00:00:00+00:00,365,38817.82360269758,39092.31273171251,33.11269819016659,33.38219332495665
406,2017-02-10 00:00:00+00:00,2018-02-09 00:00:00+00:00,365,38569.18964764505,38845.16659949643,32.86858782604858,33.13954371455699
407,2017-02-11 00:00:00+00:00,2018-02-10 00:00:00+00:00,365,38325.39187269784,38602.390754051135,32.629225653649605,32.90118487890163
408,2017-02-12 00:00:00+00:00,2018-02-11 00:00:00+00:00,365,38089.43397088437,38365.33706994799,32.39756071747452,32.668444096856376
409,2017-02-13 00:00:00+00:00,2018-02-12 00:00:00+00:00,365,37850.699344863315,38123.83566390467,32.1631695761951,32.43133651373567
410,2017-02-14 00:00:00+00:00,2018-02-13 00:00:00+00:00,365,37616.362468018255,37881.99167817245,31.933096172420317,32.193892583744834
411,2017-02-15 00:00:00+00:00,2018-02-14 00:00:00+00:00,365,37371.50342585133,37640.26368349836,31.692692041261626,31.95656253449656
412,2017-02-16 00:00:00+00:00,2018-02-15 00:00:00+00:00,365,37126.997287204664,37397.156043914336,31.45263439297495,31.717877941291317
413,2017-02-17 00:00:00+00:00,2018-02-16 00:00:00+00:00,365,36888.00917226242,37159.797748898214,31.21799437469546,31.484838090356345
414,2017-02-18 00:00:00+00:00,2018-02-17 00:00:00+00:00,365,36654.00359486772,36925.72258413521,30.988246242782445,31.255021637132142
415,2017-02-19 00:00:00+00:00,2018-02-18 00:00:00+00:00,365,36422.10122916477,36693.633066080176,30.76056305719497,31.027154704200893
416,2017-02-20 00:00:00+00:00,2018-02-19 00:00:00+00:00,365,36189.6761970167,36459.467103028735,30.532366714439547,30.797249104652135
417,2017-02-21 00:00:00+00:00,2018-02-20 00:00:00+00:00,365,35963.88120486585,36232.175211181144,30.310679786206755,30.574092510983093
418,2017-02-22 00:00:00+00:00,2018-02-21 00:00:00+00:00,365,35750.175014697554,36015.67097386673,30.100861718979242,30.36152730365754
419,2017-02-23 00:00:00+00:00,2018-02-22 00:00:00+00:00,365,35538.40728010737,35800.888530962024,29.892946839499757,30.150652564796776
420,2017-02-24 00:00:00+00:00,2018-02-23 00:00:00+00:00,365,35341.89832619496,35597.40731961091,29.700013125832726,29.95087344539372
421,2017-02-25 00:00:00+00:00,2018-02-24 00:00:00+00:00,365,35141.31187860611,35394.58582258307,29.50307610350323,29.751742037618122
422,2017-02-26 00:00:00+00:00,2018-02-25 00:00:00+00:00,365,34935.992975970636,35185.209976401755,29.301492727362728,29.54617552906125
423,2017-02-27 00:00:00+00:00,2018-02-26 00:00:00+00:00,365,34734.852001381536,34979.933338289666,29.104011266974016,29.344633648492785
424,2017-02-28 00:00:00+00:00,2018-02-27 00:00:00+00:00,365,34538.78435206909,34776.22005017618,28.91151082890911,29.144626674680413
425,2017-03-01 00:00:00+00:00,2018-02-28 00:00:00+00:00,365,34340.78931428367,34572.26214480911,28.717118068848862,28.944379534126412
426,2017-03-02 00:00:00+00:00,2018-03-01 00:00:00+00:00,365,34147.236019114855,34374.32162508962,28.52708623932696,28.750040300242517
427,2017-03-03 00:00:00+00:00,2018-03-02 00:00:00+00:00,365,33959.18765580563,34182.26257063048,28.34245918615753,28.561475525546825
428,2017-03-04 00:00:00+00:00,2018-03-03 00:00:00+00:00,365,33774.14553762177,33993.75448204725,28.160783683157607,28.376397111242873
429,2017-03-05 00:00:00+00:00,2018-03-04 00:00:00+00:00,365,33582.4405576349,33801.74940193096,27.97256654098191,28.187885328892825
430,2017-03-06 00:00:00+00:00,2018-03-05 00:00:00+00:00,365,33394.28382685184,33610.82313772045,27.78783309195238,28.000432734711673
431,2017-03-07 00:00:00+00:00,2018-03-06 00:00:00+00:00,365,33208.56554881984,33422.818390325745,27.60549373100636,27.8158485039185
432,2017-03-08 00:00:00+00:00,2018-03-07 00:00:00+00:00,365,33015.647108931065,33228.549523546215,27.41608520634859,27.625114121736775
433,2017-03-09 00:00:00+00:00,2018-03-08 00:00:00+00:00,365,32808.2097314166,33020.11805474518,27.212421898390343,27.42047480876796
434,2017-03-10 00:00:00+00:00,2018-03-09 00:00:00+00:00,365,32608.726618528362,32820.0844120766,27.016568136935064,27.224080533748836
435,2017-03-11 00:00:00+00:00,2018-03-10 00:00:00+00:00,365,32391.3953727338,32601.86602578372,26.803190967537905,27.00983236429047
436,2017-03-12 00:00:00+00:00,2018-03-11 00:00:00+00:00,365,32190.545664129248,32397.857225519845,26.605995473905132,26.809535254810115
437,2017-03-13 00:00:00+00:00,2018-03-12 00:00:00+00:00,365,31998.760637600928,32205.38070105307,26.41769974153697,26.620560605463346
438,2017-03-14 00:00:00+00:00,2018-03-13 00:00:00+00:00,365,31808.916124406882,32014.23533225535,26.23130921723464,26.432892893035152
439,2017-03-15 00:00:00+00:00,2018-03-14 00:00:00+00:00,365,31624.1017308964,31827.769652647457,26.049857295735983,26.24981972857145
440,2017-03-16 00:00:00+00:00,2018-03-15 00:00:00+00:00,365,31443.390621752813,31643.232239769335,25.872434004360155,26.068639748381074
441,2017-03-17 00:00:00+00:00,2018-03-16 00:00:00+00:00,365,31246.915459227876,31443.36768005014,25.6795334672876,25.872411480053724
442,2017-03-18 00:00:00+00:00,2018-03-17 00:00:00+00:00,365,31028.042486308263,31222.57666398983,25.46464262060615,25.65563748668231
443,2017-03-19 00:00:00+00:00,2018-03-18 00:00:00+00:00,365,30780.127062329484,30971.406329941936,25.22123771476719,25.409036889884828
444,2017-03-20 00:00:00+00:00,2018-03-19 00:00:00+00:00,365,30547.86044982136,30734.95604268455,24.993196909399984,25.17688852661718
445,2017-03-21 00:00:00+00:00,2018-03-20 00:00:00+00:00,365,30318.99243536774,30501.75014222566,24.768492868749405,24.94792552249548
446,2017-03-22 00:00:00+00:00,2018-03-21 00:00:00+00:00,365,30108.041625966333,30286.185810038052,24.561380051503324,24.7362831198717
447,2017-03-23 00:00:00+00:00,2018-03-22 00:00:00+00:00,365,29880.72683288362,30053.518118550313,24.33820097325914,24.507848532666713
448,2017-03-24 00:00:00+00:00,2018-03-23 00:00:00+00:00,365,29651.54641188433,29818.28614036979,24.11319020991817,24.27689631283128
449,2017-03-25 00:00:00+00:00,2018-03-24 00:00:00+00:00,365,29396.516255930987,29557.103837766077,24.6113703162157,24.773982144244076
450,2017-03-26 00:00:00+00:00,2018-03-25 00:00:00+00:00,365,29152.377848259024,29306.69192153003,24.364154483522967,24.52041372385994
451,2017-03-27 00:00:00+00:00,2018-03-26 00:00:00+00:00,365,28907.78979772523,29055.70957858683,26.100385276114096,26.262491379701686
452,2017-03-28 00:00:00+00:00,2018-03-27 00:00:00+00:00,365,28686.5950855134,28827.969434341903,25.857976771166502,26.01290969969256
453,2017-03-29 00:00:00+00:00,2018-03-28 00:00:00+00:00,365,28464.9269118944,28600.36858050972,25.61504939725176,25.763480668814914
454,2017-03-30 00:00:00+00:00,2018-03-29 00:00:00+00:00,365,28245.922822859175,28375.395652662497,25.37504160832415,25.51693159651655
455,2017-03-31 00:00:00+00:00,2018-03-30 00:00:00+00:00,365,28027.710174853557,28151.550239297783,26.257253876348415,26.3990254385623
456,2017-04-01 00:00:00+00:00,2018-03-31 00:00:00+00:00,365,27820.10946741157,27937.85914563665,26.21775114095362,26.353577048063702
457,2017-04-02 00:00:00+00:00,2018-04-01 00:00:00+00:00,365,27614.192800683646,27726.66179633368,26.38547276265708,26.517230977282928
458,2017-04-03 00:00:00+00:00,2018-04-02 00:00:00+00:00,365,27410.51088449119,27517.80289950972,26.906157830273997,27.035501287105173
459,2017-04-04 00:00:00+00:00,2018-04-03 00:00:00+00:00,365,27212.701744660386,27315.37499017237,26.667693505281147,26.79146890922246
460,2017-04-05 00:00:00+00:00,2018-04-04 00:00:00+00:00,365,27018.062963121065,27115.858328077797,26.433051133867437,26.550946119467113
461,2017-04-06 00:00:00+00:00,2018-04-05 00:00:00+00:00,365,26821.556340496365,26914.944704407775,27.09748653874657,27.213942373597348
462,2017-04-07 00:00:00+00:00,2018-04-06 00:00:00+00:00,365,26637.680667200628,26727.046593986073,26.868192500972025,26.97963233325012
463,2017-04-08 00:00:00+00:00,2018-04-07 00:00:00+00:00,365,26452.248874796205,26536.936201838005,26.6369579735868,26.742563564678317
464,2017-04-09 00:00:00+00:00,2018-04-08 00:00:00+00:00,365,26264.880866778105,26344.70516309405,26.403308974030757,26.502850337424473
465,2017-04-10 00:00:00+00:00,2018-04-09 00:00:00+00:00,365,26084.982223677485,26159.627035755784,26.178974316121135,26.272056832440878
466,2017-04-11 00:00:00+00:00,2018-04-10 00:00:00+00:00,365,25903.896901501706,25973.702986644443,25.95315986247883,26.04020845806911
467,2017-04-12 00:00:00+00:00,2018-04-11 00:00:00+00:00,365,25727.349230475065,25790.372194958814,25.733003886303113,25.81159389084253
468,2017-04-13 00:00:00+00:00,2018-04-12 00:00:00+00:00,365,25543.372214261013,25599.74804418182,25.50358347331796,25.573884462261947
469,2017-04-14 00:00:00+00:00,2018-04-13 00:00:00+00:00,365,25349.832846567777,25400.690923181995,25.28820106454266,25.351686560747734
470,2017-04-15 00:00:00+00:00,2018-04-14 00:00:00+00:00,365,25156.49616030237,25201.609485005138,25.046861315198438,25.103175709978657
471,2017-04-16 00:00:00+00:00,2018-04-15 00:00:00+00:00,365,24963.192963960097,25001.39430923292,24.80556337090328,24.853249628854854
472,2017-04-17 00:00:00+00:00,2018-04-16 00:00:00+00:00,365,24775.769035404395,24802.012790714314,24.97746273525909,25.01076358924123
473,2017-04-18 00:00:00+00:00,2018-04-17 00:00:00+00:00,365,24584.740230017538,24606.88494006393,24.961211403222563,24.98956786164404
474,2017-04-19 00:00:00+00:00,2018-04-18 00:00:00+00:00,365,24395.179497492507,24412.542660913146,24.881268964761517,24.903649045610823
475,2017-04-20 00:00:00+00:00,2018-04-19 00:00:00+00:00,365,24205.96994635804,24219.153433111587,25.207803526822616,25.225189676228705
476,2017-04-21 00:00:00+00:00,2018-04-20 00:00:00+00:00,365,24019.796331669542,24028.451554574305,25.12934897989789,25.14083972911076
477,2017-04-22 00:00:00+00:00,2018-04-21 00:00:00+00:00,365,23835.979056337306,23839.715437485116,24.88531156629498,24.89027201840645
478,2017-04-23 00:00:00+00:00,2018-04-22 00:00:00+00:00,365,23651.32138289228,23650.530457480327,24.7766708851577,24.775615028228
479,2017-04-24 00:00:00+00:00,2018-04-23 00:00:00+00:00,365,23467.761871032937,23462.02996260373,24.68338714952088,24.67568792088038
480,2017-04-25 00:00:00+00:00,2018-04-24 00:00:00+00:00,365,23283.7780957887,23272.498384377104,24.906664702687557,24.891221873427725
481,2017-04-26 00:00:00+00:00,2018-04-25 00:00:00+00:00,365,23107.942771498492,23089.37276212972,25.008890847653888,24.983113519249176
482,2017-04-27 00:00:00+00:00,2018-04-26 00:00:00+00:00,365,22928.596479844888,22907.62488247852,25.772863439928688,25.742561500661115
483,2017-04-28 00:00:00+00:00,2018-04-27 00:00:00+00:00,365,22754.17430758873,22734.567150535964,25.563497159482402,25.535119351999896
484,2017-04-29 00:00:00+00:00,2018-04-28 00:00:00+00:00,365,22587.39180431976,22560.648667383044,25.51846478995075,25.479458807945417
485,2017-04-30 00:00:00+00:00,2018-04-29 00:00:00+00:00,365,22422.547414215165,22388.014559669806,25.76351489993451,25.712179943826108
486,2017-05-01 00:00:00+00:00,2018-04-30 00:00:00+00:00,365,22263.833156597164,22219.45167411929,26.623441511611656,26.554633800642602
487,2017-05-02 00:00:00+00:00,2018-05-01 00:00:00+00:00,365,22112.57951094957,22058.987198966064,26.9222908323518,26.837523634998327
488,2017-05-03 00:00:00+00:00,2018-05-02 00:00:00+00:00,365,21962.82136685594,21901.590587972685,27.783792313487577,27.682957004392396
489,2017-05-04 00:00:00+00:00,2018-05-03 00:00:00+00:00,365,21820.2344624639,21749.373075020478,27.68381742532054,27.566551194048643
490,2017-05-05 00:00:00+00:00,2018-05-04 00:00:00+00:00,365,21674.987497555026,21599.703529357757,27.443452894042576,27.318867876105468
491,2017-05-06 00:00:00+00:00,2018-05-05 00:00:00+00:00,365,21525.859854938142,21448.586978676307,27.19666635402307,27.068789956090562
492,2017-05-07 00:00:00+00:00,2018-05-06 00:00:00+00:00,365,21385.485244798954,21302.999982702106,26.96436492596499,26.827862718337535
493,2017-05-08 00:00:00+00:00,2018-05-07 00:00:00+00:00,365,21237.068719526753,21152.82983547012,29.75995035186838,29.604678796635262
494,2017-05-09 00:00:00+00:00,2018-05-08 00:00:00+00:00,365,21113.51629334128,21019.982810110578,29.907887633233106,29.733290895123375
495,2017-05-10 00:00:00+00:00,2018-05-09 00:00:00+00:00,365,20983.931890964323,20890.10636465888,29.665995498102088,29.49085361010083
496,2017-05-11 00:00:00+00:00,2018-05-10 00:00:00+00:00,365,20862.118661889916,20766.71994362266,29.43860962813992,29.260531099959486
497,2017-05-12 00:00:00+00:00,2018-05-11 00:00:00+00:00,365,20745.14700582594,20649.99497831137,29.220261407859375,29.042643371464916
498,2017-05-13 00:00:00+00:00,2018-05-12 00:00:00+00:00,365,20612.19537076044,20521.561441437814,29.572835495324927,29.400143160149124
499,2017-05-14 00:00:00+00:00,2018-05-13 00:00:00+00:00,365,20485.809888618773,20399.13662839454,29.332022764303716,29.16687702012945
500,2017-05-15 00:00:00+00:00,2018-05-14 00:00:00+00:00,365,20361.527035985113,20278.06723812849,29.095216347501268,28.936193479433214
501,2017-05-16 00:00:00+00:00,2018-05-15 00:00:00+00:00,365,20232.992021909933,20152.605013759247,29.217783523227688,29.0626645458973
502,2017-05-17 00:00:00+00:00,2018-05-16 00:00:00+00:00,365,20107.4604148347,20029.574090562863,29.914977701244617,29.759811455083696
503,2017-05-18 00:00:00+00:00,2018-05-17 00:00:00+00:00,365,19987.826514364988,19912.13475659116,31.22922568304345,31.070542426619614
504,2017-05-19 00:00:00+00:00,2018-05-18 00:00:00+00:00,365,19876.49068647196,19800.77775586916,31.29494689891988,31.13468742813792
505,2017-05-20 00:00:00+00:00,2018-05-19 00:00:00+00:00,365,19770.491452000206,19694.823473942175,31.07058124453973,30.91041692356874
506,2017-05-21 00:00:00+00:00,2018-05-20 00:00:00+00:00,365,19668.236352597494,19593.24419056187,30.85414069753455,30.695406857687914
507,2017-05-22 00:00:00+00:00,2018-05-21 00:00:00+00:00,365,19563.49879467189,19491.907965141298,30.63244559908156,30.480911265882867
508,2017-05-23 00:00:00+00:00,2018-05-22 00:00:00+00:00,365,19463.417068225463,19394.33781588146,30.42060537063508,30.274387223556065
509,2017-05-24 00:00:00+00:00,2018-05-23 00:00:00+00:00,365,19378.964853413374,19309.393696873274,30.241847698142486,30.094588351026513
510,2017-05-25 00:00:00+00:00,2018-05-24 00:00:00+00:00,365,19300.766980452652,19232.112842937684,30.076328418447655,29.931010100195504
511,2017-05-26 00:00:00+00:00,2018-05-25 00:00:00+00:00,365,19214.599238428804,19150.897710097066,29.893939536848773,29.75910426977923
512,2017-05-27 00:00:00+00:00,2018-05-26 00:00:00+00:00,365,19126.654844455625,19068.099387540104,29.70779006509843,29.583847345381137
513,2017-05-28 00:00:00+00:00,2018-05-27 00:00:00+00:00,365,19024.321771513023,18971.416772177537,29.49118447365317,29.379201921561716
514,2017-05-29 00:00:00+00:00,2018-05-28 00:00:00+00:00,365,18934.899893930393,18886.85074610061,29.30190765312033,29.200203347905646
515,2017-05-30 00:00:00+00:00,2018-05-29 00:00:00+00:00,365,18847.558966301665,18803.69226660797,29.11703552192762,29.02418408926094
516,2017-05-31 00:00:00+00:00,2018-05-30 00:00:00+00:00,365,18753.831389513216,18714.428746898004,28.918644946708795,28.83524246046702
517,2017-06-01 00:00:00+00:00,2018-05-31 00:00:00+00:00,365,18667.638219910732,18631.9143462761,28.73620224325593,28.66058650579356
518,2017-06-02 00:00:00+00:00,2018-06-01 00:00:00+00:00,365,18586.54062902781,18554.187072921974,28.564545210657748,28.49606333129903
519,2017-06-03 00:00:00+00:00,2018-06-02 00:00:00+00:00,365,18509.4479547585,18479.560849955807,28.40136527453322,28.33810406458202
520,2017-06-04 00:00:00+00:00,2018-06-03 00:00:00+00:00,365,18435.139336422457,18407.67262117204,28.244078272771954,28.18594023459136
521,2017-06-05 00:00:00+00:00,2018-06-04 00:00:00+00:00,365,18360.242008634494,18335.76315860604,28.085545165960234,28.03373145963983
522,2017-06-06 00:00:00+00:00,2018-06-05 00:00:00+00:00,365,18292.575011251953,18269.733280800756,27.94231629998461,27.893967839494326
523,2017-06-07 00:00:00+00:00,2018-06-06 00:00:00+00:00,365,18231.99844520568,18210.126829669854,27.814095554346153,27.76780050932529
524,2017-06-08 00:00:00+00:00,2018-06-07 00:00:00+00:00,365,18163.104361077923,18144.647822817584,27.668269347720436,27.629202902523826
525,2017-06-09 00:00:00+00:00,2018-06-08 00:00:00+00:00,365,18098.23312444338,18082.832102235472,27.530958191366405,27.4983592726759
526,2017-06-10 00:00:00+00:00,2018-06-09 00:00:00+00:00,365,18033.994498805583,18021.41283507259,27.39498606525122,27.368354804839655
527,2017-06-11 00:00:00+00:00,2018-06-10 00:00:00+00:00,365,17978.345429989527,17968.08867116071,27.27719521701743,27.255485018656888
528,2017-06-12 00:00:00+00:00,2018-06-11 00:00:00+00:00,365,17924.157435213856,17915.971916435683,27.16249698388414,27.145170922179464
529,2017-06-13 00:00:00+00:00,2018-06-12 00:00:00+00:00,365,17860.178842746434,17855.161852674246,27.02707526280464,27.016455938371074
530,2017-06-14 00:00:00+00:00,2018-06-13 00:00:00+00:00,365,17799.368604048464,17797.40086653895,26.89835990871292,26.894194853029536
531,2017-06-15 00:00:00+00:00,2018-06-14 00:00:00+00:00,365,17725.251709511736,17726.617331679478,26.741478723426727,26.74436929818256
532,2017-06-16 00:00:00+00:00,2018-06-15 00:00:00+00:00,365,17651.12010719379,17655.740811628006,26.584566406585918,26.59434692414575
533,2017-06-17 00:00:00+00:00,2018-06-16 00:00:00+00:00,365,17579.763999187267,17587.285594846777,26.43352890195969,26.44944965592116
534,2017-06-18 00:00:00+00:00,2018-06-17 00:00:00+00:00,365,17516.547561544197,17526.47889471404,26.29972041296396,26.320741791812814
535,2017-06-19 00:00:00+00:00,2018-06-18 00:00:00+00:00,365,17445.710426698424,17458.116926731385,26.149781404505156,26.1760419007468
536,2017-06-20 00:00:00+00:00,2018-06-19 00:00:00+00:00,365,17378.51097842399,17393.01536782369,26.007542186823862,26.03824322759331
537,2017-06-21 00:00:00+00:00,2018-06-20 00:00:00+00:00,365,17317.014255212118,17333.346832885585,25.877373769906253,25.911944486342875
538,2017-06-22 00:00:00+00:00,2018-06-21 00:00:00+00:00,365,17252.221681222552,17270.307754525118,25.740229116602016,25.778511408846107
539,2017-06-23 00:00:00+00:00,2018-06-22 00:00:00+00:00,365,17194.22207529202,17213.545278336143,25.61746295132501,25.658363841952394
540,2017-06-24 00:00:00+00:00,2018-06-23 00:00:00+00:00,365,17134.886931003944,17155.913731252862,25.491869888863018,25.53637673668017
541,2017-06-25 00:00:00+00:00,2018-06-24 00:00:00+00:00,365,17072.673914733303,17093.55847299253,25.360185314195217,25.404391082318195
542,2017-06-26 00:00:00+00:00,2018-06-25 00:00:00+00:00,365,17004.501666377095,17027.750791975996,25.21588699742687,25.265097779983552
543,2017-06-27 00:00:00+00:00,2018-06-26 00:00:00+00:00,365,16934.05946749818,16959.778022669583,25.066783939030202,25.121221695014956
544,2017-06-28 00:00:00+00:00,2018-06-27 00:00:00+00:00,365,16868.5033068563,16896.1300786782,24.92802302293146,24.98649984843989
545,2017-06-29 00:00:00+00:00,2018-06-28 00:00:00+00:00,365,16807.648455015616,16835.990024505074,24.799213237431733,24.859203055437042
546,2017-06-30 00:00:00+00:00,2018-06-29 00:00:00+00:00,365,16742.09626588454,16772.186178209813,24.660460727720306,24.724151214757743
547,2017-07-01 00:00:00+00:00,2018-06-30 00:00:00+00:00,365,16671.55294632767,16703.456722396513,24.5111436299752,24.57867347234205
548,2017-07-02 00:00:00+00:00,2018-07-01 00:00:00+00:00,365,16600.00674976151,16632.95460683453,24.3597037701406,24.429443589955827
549,2017-07-03 00:00:00+00:00,2018-07-02 00:00:00+00:00,365,16530.41895774148,16565.64508293814,24.212409211163344,24.286971378243255
550,2017-07-04 00:00:00+00:00,2018-07-03 00:00:00+00:00,365,16463.31994837893,16500.446601370546,24.070382589755052,24.148967551570305
551,2017-07-05 00:00:00+00:00,2018-07-04 00:00:00+00:00,365,16398.864911166354,16436.70356985926,23.93395239123178,24.014044435865962
552,2017-07-06 00:00:00+00:00,2018-07-05 00:00:00+00:00,365,16333.751921353618,16373.578923053337,23.79612952259705,23.880430238002102
553,2017-07-07 00:00:00+00:00,2018-07-06 00:00:00+00:00,365,16267.864091648342,16309.854888097123,23.65666657174478,23.745547331781637
554,2017-07-08 00:00:00+00:00,2018-07-07 00:00:00+00:00,365,16196.981636126553,16240.74227662749,23.50663163426176,23.599258574362004
555,2017-07-09 00:00:00+00:00,2018-07-08 00:00:00+00:00,365,16128.397030459542,16174.310487318126,23.361460492153327,23.458644239227237
556,2017-07-10 00:00:00+00:00,2018-07-09 00:00:00+00:00,365,16058.63032587419,16106.103572990045,23.213787233886443,23.3142725459529
557,2017-07-11 00:00:00+00:00,2018-07-10 00:00:00+00:00,365,15981.903982164558,16031.404798998803,23.051382699548085,23.156159712483273
558,2017-07-12 00:00:00+00:00,2018-07-11 00:00:00+00:00,365,15905.11989307702,15956.226804307082,22.888855937161892,22.997032525781844
559,2017-07-13 00:00:00+00:00,2018-07-12 00:00:00+00:00,365,15832.298659445336,15885.344317369854,22.73471724155747,22.846997521802624
560,2017-07-14 00:00:00+00:00,2018-07-13 00:00:00+00:00,365,15758.125741498923,15812.57393854322,22.57771747306606,22.692966469160638
561,2017-07-15 00:00:00+00:00,2018-07-14 00:00:00+00:00,365,15676.726209094557,15732.674304427333,22.40542132918202,22.523845118591616
562,2017-07-16 00:00:00+00:00,2018-07-15 00:00:00+00:00,365,15581.314588765745,15638.135823669518,22.2034661854753,22.323738125319085
563,2017-07-17 00:00:00+00:00,2018-07-16 00:00:00+00:00,365,15477.15354003327,15535.576518485126,25.938151722877308,26.084063241794002
564,2017-07-18 00:00:00+00:00,2018-07-17 00:00:00+00:00,365,15390.036683543636,15449.35342637934,26.262486667281614,26.41375161954756
565,2017-07-19 00:00:00+00:00,2018-07-18 00:00:00+00:00,365,15307.621647170308,15367.572975641966,26.05231824017264,26.20520146345858
566,2017-07-20 00:00:00+00:00,2018-07-19 00:00:00+00:00,365,15222.343811619186,15282.879487062786,29.31844421544193,29.493633443767823
567,2017-07-21 00:00:00+00:00,2018-07-20 00:00:00+00:00,365,15161.75056289593,15223.251069859916,29.143088371011373,29.32106980555753
568,2017-07-22 00:00:00+00:00,2018-07-21 00:00:00+00:00,365,15095.810173082114,15157.461576527712,28.952257990044465,29.130676116474817
569,2017-07-23 00:00:00+00:00,2018-07-22 00:00:00+00:00,365,15035.728739940576,15097.66896317348,28.7783833313139,28.95763729735937
570,2017-07-24 00:00:00+00:00,2018-07-23 00:00:00+00:00,365,14972.025012169142,15033.666288362198,28.594025812743578,28.77241463107511
571,2017-07-25 00:00:00+00:00,2018-07-24 00:00:00+00:00,365,14904.8508557101,14966.851498760938,28.399624931820615,28.57905375180471
572,2017-07-26 00:00:00+00:00,2018-07-25 00:00:00+00:00,365,14831.839210596154,14893.176496167123,28.18833045674312,28.365839531318414
573,2017-07-27 00:00:00+00:00,2018-07-26 00:00:00+00:00,365,14757.966130801608,14819.176437617307,29.80725218796095,29.995998947793375
574,2017-07-28 00:00:00+00:00,2018-07-27 00:00:00+00:00,365,14689.388616896715,14749.896642950316,29.917442698440432,30.106051733375388
575,2017-07-29 00:00:00+00:00,2018-07-28 00:00:00+00:00,365,14624.774638664592,14685.283934993717,29.716035036143325,29.904648030642917
576,2017-07-30 00:00:00+00:00,2018-07-29 00:00:00+00:00,365,14557.656575049636,14617.345551897517,29.50682191136042,29.692877895232055
577,2017-07-31 00:00:00+00:00,2018-07-30 00:00:00+00:00,365,14491.999310036801,14551.223278361726,29.30216222903052,29.486768738931985
578,2017-08-01 00:00:00+00:00,2018-07-31 00:00:00+00:00,365,14432.809982982373,14490.981144763486,29.117663699128133,29.298988515027126
579,2017-08-02 00:00:00+00:00,2018-08-01 00:00:00+00:00,365,14368.881148072376,14426.593508860808,28.918391691044302,29.098286382411047
580,2017-08-03 00:00:00+00:00,2018-08-02 00:00:00+00:00,365,14304.480264765367,14361.073380574047,29.956925191190503,30.14094368677623
581,2017-08-04 00:00:00+00:00,2018-08-03 00:00:00+00:00,365,14244.052078114326,14299.833039928108,30.641042797550703,30.827787423542897
582,2017-08-05 00:00:00+00:00,2018-08-04 00:00:00+00:00,365,14188.645094041454,14243.174159447663,35.168699087891994,35.37950365853882
583,2017-08-06 00:00:00+00:00,2018-08-05 00:00:00+00:00,365,14139.426386202822,14197.510534809688,34.978423892518244,35.20297210212432
584,2017-08-07 00:00:00+00:00,2018-08-06 00:00:00+00:00,365,14096.704344584712,14152.226698345883,35.037327180474925,35.25335319820721
585,2017-08-08 00:00:00+00:00,2018-08-07 00:00:00+00:00,365,14058.903524883297,14112.223958954477,34.89025199374495,35.09771079647691
586,2017-08-09 00:00:00+00:00,2018-08-08 00:00:00+00:00,365,14024.861182170383,14075.961753529857,34.757800265164036,34.95662204030194
587,2017-08-10 00:00:00+00:00,2018-08-09 00:00:00+00:00,365,13986.99607737123,14035.887087175315,34.610474958388274,34.80069978560504
588,2017-08-11 00:00:00+00:00,2018-08-10 00:00:00+00:00,365,13954.880482465976,14000.82695633404,34.48551980781366,34.66428805350534
589,2017-08-12 00:00:00+00:00,2018-08-11 00:00:00+00:00,365,13926.518011259319,13969.374711174893,34.37516728684208,34.541913859866206
590,2017-08-13 00:00:00+00:00,2018-08-12 00:00:00+00:00,365,13901.973922742636,13941.987088843478,34.279671304738464,34.43535427464292
591,2017-08-14 00:00:00+00:00,2018-08-13 00:00:00+00:00,365,13880.521876676412,13918.294014282714,34.196205821559744,34.34316941217811
592,2017-08-15 00:00:00+00:00,2018-08-14 00:00:00+00:00,365,13863.566025247055,13898.945122595927,34.1302341036225,34.26788686856317
593,2017-08-16 00:00:00+00:00,2018-08-15 00:00:00+00:00,365,13841.60917610124,13876.7811004668,34.044804535860976,34.1816512334876
594,2017-08-17 00:00:00+00:00,2018-08-16 00:00:00+00:00,365,13821.58824042821,13857.562360887247,33.9669072078168,34.106875084856306
595,2017-08-18 00:00:00+00:00,2018-08-17 00:00:00+00:00,365,13798.143346075289,13835.718277471513,33.87568796331213,34.02188426527379
596,2017-08-19 00:00:00+00:00,2018-08-18 00:00:00+00:00,365,13772.642820398803,13811.847041526547,33.77647068164452,33.929006213638566
597,2017-08-20 00:00:00+00:00,2018-08-19 00:00:00+00:00,365,13747.603979592193,13788.203424759464,33.67904972050603,33.83701378124005
598,2017-08-21 00:00:00+00:00,2018-08-20 00:00:00+00:00,365,13722.891401112707,13764.823992606489,33.58289817873633,33.74604923664286
599,2017-08-22 00:00:00+00:00,2018-08-21 00:00:00+00:00,365,13695.300107635998,13738.52928957803,33.47554615112786,33.64374197483035
600,2017-08-23 00:00:00+00:00,2018-08-22 00:00:00+00:00,365,13669.919927699873,13714.329248093349,33.3767971098946,33.54958460871113
601,2017-08-24 00:00:00+00:00,2018-08-23 00:00:00+00:00,365,13644.940966747989,13690.30614063621,33.279609128910636,33.4561156563709
602,2017-08-25 00:00:00+00:00,2018-08-24 00:00:00+00:00,365,13621.659890153134,13667.877110419588,33.189027265487844,33.36884892952903
603,2017-08-26 00:00:00+00:00,2018-08-25 00:00:00+00:00,365,13598.563608139033,13645.556192639899,33.09916439963403,33.28200284586303
604,2017-08-27 00:00:00+00:00,2018-08-26 00:00:00+00:00,365,13575.728711552087,13623.410989414233,33.01031853052292,33.19584043125629
605,2017-08-28 00:00:00+00:00,2018-08-27 00:00:00+00:00,365,13552.185066244656,13600.414303793526,32.918715066438104,33.1063650744108
606,2017-08-29 00:00:00+00:00,2018-08-28 00:00:00+00:00,365,13527.720861214912,13576.48602452213,32.82352989449286,33.01326507896716
607,2017-08-30 00:00:00+00:00,2018-08-29 00:00:00+00:00,365,13506.876421320918,13555.885603318397,32.7424284815101,32.93311309233862
608,2017-08-31 00:00:00+00:00,2018-08-30 00:00:00+00:00,365,13485.896825689339,13535.47729660799,32.66080120545084,32.85370858354794
609,2017-09-01 00:00:00+00:00,2018-08-31 00:00:00+00:00,365,13466.858296303217,13516.680390102338,32.58672621748376,32.78057370033372
610,2017-09-02 00:00:00+00:00,2018-09-01 00:00:00+00:00,365,13449.030693452485,13499.066349092307,32.517362694710165,32.71204110259952
611,2017-09-03 00:00:00+00:00,2018-09-02 00:00:00+00:00,365,13426.321020523908,13477.041700605732,32.429004045005485,32.626347741598046
612,2017-09-04 00:00:00+00:00,2018-09-03 00:00:00+00:00,365,13404.198620686282,13455.558603511417,32.34293035367459,32.54276144527849
613,2017-09-05 00:00:00+00:00,2018-09-04 00:00:00+00:00,365,13378.185153779057,13430.16331629282,32.241717323557914,32.44395362472752
614,2017-09-06 00:00:00+00:00,2018-09-05 00:00:00+00:00,365,13356.408986395654,13408.996550523774,32.156990751238176,32.361598108298445
615,2017-09-07 00:00:00+00:00,2018-09-06 00:00:00+00:00,365,13338.704109467712,13391.7615473894,32.088104729697456,32.294540268698604
616,2017-09-08 00:00:00+00:00,2018-09-07 00:00:00+00:00,365,13321.913956559081,13375.403874060561,32.02277771050138,32.2308959382764
617,2017-09-09 00:00:00+00:00,2018-09-08 00:00:00+00:00,365,13302.706457349697,13356.632152374828,31.948045295830212,32.157859043997924
618,2017-09-10 00:00:00+00:00,2018-09-09 00:00:00+00:00,365,13282.82252627364,13337.281567305794,31.870681024392795,32.082569911782194
619,2017-09-11 00:00:00+00:00,2018-09-10 00:00:00+00:00,365,13261.552152709235,13316.51613883158,31.787922391418384,32.001775915924505
620,2017-09-12 00:00:00+00:00,2018-09-11 00:00:00+00:00,365,13239.647791685664,13295.11602390017,31.70269704410609,31.918512486071883
621,2017-09-13 00:00:00+00:00,2018-09-12 00:00:00+00:00,365,13216.6812528585,13272.624000681886,31.61333898221146,31.831000666463378
622,2017-09-14 00:00:00+00:00,2018-09-13 00:00:00+00:00,365,13187.854625437853,13244.350461209862,31.501180525220946,31.72099416051425
623,2017-09-15 00:00:00+00:00,2018-09-14 00:00:00+00:00,365,13145.04903794386,13202.169547974063,35.708026169887376,35.96128902700797
624,2017-09-16 00:00:00+00:00,2018-09-15 00:00:00+00:00,365,13112.58686721151,13170.100852336338,35.56409429491525,35.819101755272364
625,2017-09-17 00:00:00+00:00,2018-09-16 00:00:00+00:00,365,13080.527326808435,13138.444818298782,35.421947615969934,35.67874415655311
626,2017-09-18 00:00:00+00:00,2018-09-17 00:00:00+00:00,365,13050.159748206159,13108.410101945945,35.28730281471413,35.5455752112425
627,2017-09-19 00:00:00+00:00,2018-09-18 00:00:00+00:00,365,13025.931878907766,13084.47797882682,35.179880465067555,35.439464151048774
628,2017-09-20 00:00:00+00:00,2018-09-19 00:00:00+00:00,365,12998.879780345356,13057.60496318404,35.059935951802515,35.320313661714245
629,2017-09-21 00:00:00+00:00,2018-09-20 00:00:00+00:00,365,12970.481105642903,13029.438094749825,34.93402094351951,35.19542644393525
630,2017-09-22 00:00:00+00:00,2018-09-21 00:00:00+00:00,365,12935.195900460432,12994.339243262486,34.800794142253764,35.06320100335778
631,2017-09-23 00:00:00+00:00,2018-09-22 00:00:00+00:00,365,12900.154089134321,12959.497800642592,35.32468313072512,35.59314197184665
632,2017-09-24 00:00:00+00:00,2018-09-23 00:00:00+00:00,365,12868.43306317586,12927.806118892746,35.181183682315876,35.44977527064916
633,2017-09-25 00:00:00+00:00,2018-09-24 00:00:00+00:00,365,12835.543731220825,12894.95325981931,37.56533385726051,37.85352225097962
634,2017-09-26 00:00:00+00:00,2018-09-25 00:00:00+00:00,365,12808.397658803937,12867.738293693541,37.43365156335648,37.72150576207745
635,2017-09-27 00:00:00+00:00,2018-09-26 00:00:00+00:00,365,12780.381618742878,12839.699256194834,40.51929107269352,40.83188708946468
636,2017-09-28 00:00:00+00:00,2018-09-27 00:00:00+00:00,365,12756.523213868277,12815.615167565635,40.393560469610165,40.70496716317549
637,2017-09-29 00:00:00+00:00,2018-09-28 00:00:00+00:00,365,12732.772055849655,12791.559144713903,40.2683950431156,40.578195139780284
638,2017-09-30 00:00:00+00:00,2018-09-29 00:00:00+00:00,365,12708.875638576836,12767.229977354873,40.90121575914808,41.21454789294312
639,2017-10-01 00:00:00+00:00,2018-09-30 00:00:00+00:00,365,12687.583387649345,12745.506009285962,40.786887560832156,41.09790160044689
640,2017-10-02 00:00:00+00:00,2018-10-01 00:00:00+00:00,365,12667.3654131892,12724.737547294702,40.67832766260921,40.9863858734653
641,2017-10-03 00:00:00+00:00,2018-10-02 00:00:00+00:00,365,12647.59952530073,12704.377918530121,40.57219523170283,40.87706536606745
642,2017-10-04 00:00:00+00:00,2018-10-03 00:00:00+00:00,365,12627.00371602986,12683.141862125387,40.46160655910003,40.763038902808276
643,2017-10-05 00:00:00+00:00,2018-10-04 00:00:00+00:00,365,12604.493961710003,12660.026407474295,41.6007071676471,41.90820030447579
644,2017-10-06 00:00:00+00:00,2018-10-05 00:00:00+00:00,365,12583.303303255027,12638.202934589941,42.05753459868255,42.36573118742994
645,2017-10-07 00:00:00+00:00,2018-10-06 00:00:00+00:00,365,12562.980674896546,12617.27514931581,42.84879963168392,43.160178096870986
646,2017-10-08 00:00:00+00:00,2018-10-07 00:00:00+00:00,365,12543.568261119484,12597.288756993901,44.77288399325658,45.095643630284634
647,2017-10-09 00:00:00+00:00,2018-10-08 00:00:00+00:00,365,12526.002262946804,12579.220625702288,46.463406447071314,46.7960059690065
648,2017-10-10 00:00:00+00:00,2018-10-09 00:00:00+00:00,365,12510.747656793903,12563.44589216799,46.36806952855175,46.69741840335235
649,2017-10-11 00:00:00+00:00,2018-10-10 00:00:00+00:00,365,12495.427030225532,12547.620662154659,47.22768052610499,47.560610557553744
650,2017-10-12 00:00:00+00:00,2018-10-11 00:00:00+00:00,365,12483.578165083134,12535.201935702593,54.964720342240355,55.348576191093436
651,2017-10-13 00:00:00+00:00,2018-10-12 00:00:00+00:00,365,12475.837078507882,12528.65524363529,56.66416418482895,57.069468523726904
652,2017-10-14 00:00:00+00:00,2018-10-13 00:00:00+00:00,365,12471.967026711764,12524.059872896594,56.63446703838429,57.0342055854036
653,2017-10-15 00:00:00+00:00,2018-10-14 00:00:00+00:00,365,12470.589678168046,12521.018271253946,56.623897846145276,57.01086561628519
654,2017-10-16 00:00:00+00:00,2018-10-15 00:00:00+00:00,365,12466.19699020214,12515.391686310548,56.59019020999941,56.96768957476167
655,2017-10-17 00:00:00+00:00,2018-10-16 00:00:00+00:00,365,12462.087314862696,12510.193080641358,56.55865429347296,56.92779766581596
656,2017-10-18 00:00:00+00:00,2018-10-17 00:00:00+00:00,365,12457.640466592547,12503.70982988942,56.52453105397828,56.878047931920705
657,2017-10-19 00:00:00+00:00,2018-10-18 00:00:00+00:00,365,12452.408520665527,12497.476607749315,56.48438330594527,56.83021681221775
658,2017-10-20 00:00:00+00:00,2018-10-19 00:00:00+00:00,365,12448.390640592326,12492.402944160054,56.45355178760473,56.79128365613641
659,2017-10-21 00:00:00+00:00,2018-10-20 00:00:00+00:00,365,12446.504739689015,12489.50065307301,56.43908017888829,56.76901269750907
660,2017-10-22 00:00:00+00:00,2018-10-21 00:00:00+00:00,365,12444.789335345808,12486.773148850101,56.42591688891808,56.74808297961296
661,2017-10-23 00:00:00+00:00,2018-10-22 00:00:00+00:00,365,12442.952009644185,12483.839695641705,56.41181802582732,56.72557289599969
662,2017-10-24 00:00:00+00:00,2018-10-23 00:00:00+00:00,365,12440.432582769306,12480.146071971325,56.392485005805504,56.69722958463607
663,2017-10-25 00:00:00+00:00,2018-10-24 00:00:00+00:00,365,12435.174168742475,12473.209431564412,59.5004853432916,59.808658285470116
664,2017-10-26 00:00:00+00:00,2018-10-25 00:00:00+00:00,365,12431.467243760526,12468.238550734934,59.85738366043664,60.1572540953181
665,2017-10-27 00:00:00+00:00,2018-10-26 00:00:00+00:00,365,12428.9918147293,12464.585772517763,59.83719650797483,60.127465646589016
666,2017-10-28 00:00:00+00:00,2018-10-27 00:00:00+00:00,365,12425.559892192081,12459.864920999651,59.80920913987743,60.088967047702326
667,2017-10-29 00:00:00+00:00,2018-10-28 00:00:00+00:00,365,12422.098854296906,12455.083845855763,60.76513416646561,61.03855547648433
668,2017-10-30 00:00:00+00:00,2018-10-29 00:00:00+00:00,365,12422.567439496524,12454.458200773515,60.76901839299046,61.033369339095465
669,2017-10-31 00:00:00+00:00,2018-10-30 00:00:00+00:00,365,12422.633975997163,12453.36668371201,60.76956993162391,61.02432146578217
670,2017-11-01 00:00:00+00:00,2018-10-31 00:00:00+00:00,365,12424.484839719249,12454.192500595476,60.78491223003426,61.03116688011887
671,2017-11-02 00:00:00+00:00,2018-11-01 00:00:00+00:00,365,12427.837143052722,12456.654690288711,60.812700358079795,61.05157662102293
672,2017-11-03 00:00:00+00:00,2018-11-02 00:00:00+00:00,365,12433.184173889633,12460.916739333043,60.85702330942965,61.086905871630314
673,2017-11-04 00:00:00+00:00,2018-11-03 00:00:00+00:00,365,12438.696145515085,12466.122733061213,60.90271349855484,61.13005972912231
674,2017-11-05 00:00:00+00:00,2018-11-04 00:00:00+00:00,365,12444.773897758305,12471.873735390258,60.95309359270601,61.17773130690405
675,2017-11-06 00:00:00+00:00,2018-11-05 00:00:00+00:00,365,12450.565678476312,12477.493966987167,61.00110319332794,61.2243188915361
676,2017-11-07 00:00:00+00:00,2018-11-06 00:00:00+00:00,365,12454.013160021757,12480.80722168288,61.02968027871961,61.25178333510617
677,2017-11-08 00:00:00+00:00,2018-11-07 00:00:00+00:00,365,12457.82470889311,12484.462198571047,61.061275214366205,61.28208040421615
678,2017-11-09 00:00:00+00:00,2018-11-08 00:00:00+00:00,365,12464.037550022967,12490.456436020266,61.11277509599064,61.33176822217433
679,2017-11-10 00:00:00+00:00,2018-11-09 00:00:00+00:00,365,12469.054012065304,12495.237096011613,61.15435787526246,61.37139637594409
680,2017-11-11 00:00:00+00:00,2018-11-10 00:00:00+00:00,365,12471.04179512427,12496.979205484127,61.17083513423177,61.3858371816457
681,2017-11-12 00:00:00+00:00,2018-11-11 00:00:00+00:00,365,12471.387423942584,12497.056249603025,61.1737001428256,61.386475820703126
682,2017-11-13 00:00:00+00:00,2018-11-12 00:00:00+00:00,365,12468.001427121366,12493.400986844812,61.587191883732885,61.79925597231215
683,2017-11-14 00:00:00+00:00,2018-11-13 00:00:00+00:00,365,12470.014606250228,12495.087237751488,61.604000167095165,61.81333469121648
684,2017-11-15 00:00:00+00:00,2018-11-14 00:00:00+00:00,365,12478.155877937297,12502.677826487408,57.492121582952535,57.68298223966598
685,2017-11-16 00:00:00+00:00,2018-11-15 00:00:00+00:00,365,12489.801426641046,12514.393285135757,57.06916816999509,57.258865771138865
686,2017-11-17 00:00:00+00:00,2018-11-16 00:00:00+00:00,365,12504.161544870993,12529.269023537181,56.57004592349691,56.76165515443097
687,2017-11-18 00:00:00+00:00,2018-11-17 00:00:00+00:00,365,12517.708082015037,12543.625130841507,56.673427135067364,56.871214649287495
688,2017-11-19 00:00:00+00:00,2018-11-18 00:00:00+00:00,365,12530.924075674106,12557.799770953634,56.77428578418587,56.97938926637117
689,2017-11-20 00:00:00+00:00,2018-11-19 00:00:00+00:00,365,12552.264075085852,12580.801971416266,47.29257841382609,47.4734759286837
690,2017-11-21 00:00:00+00:00,2018-11-20 00:00:00+00:00,365,12580.95832285113,12611.128834455048,41.44712446277942,41.61409030280211
691,2017-11-22 00:00:00+00:00,2018-11-21 00:00:00+00:00,365,12606.554117199954,12637.494341654972,41.58877347956123,41.75999896736342
692,2017-11-23 00:00:00+00:00,2018-11-22 00:00:00+00:00,365,12636.643132199119,12667.944951348774,41.582951375005976,41.755462995109454
693,2017-11-24 00:00:00+00:00,2018-11-23 00:00:00+00:00,365,12666.521312952958,12697.867130205615,41.57729742821739,41.74934673970889
694,2017-11-25 00:00:00+00:00,2018-11-24 00:00:00+00:00,365,12705.44836138881,12736.565823410807,35.94766926901495,36.09458419415985
695,2017-11-26 00:00:00+00:00,2018-11-25 00:00:00+00:00,365,12744.2712980844,12774.706496684914,36.13096406453863,36.27465781825812
696,2017-11-27 00:00:00+00:00,2018-11-26 00:00:00+00:00,365,12789.985367541933,12819.350916087948,35.09926091618969,35.2331458567733
697,2017-11-28 00:00:00+00:00,2018-11-27 00:00:00+00:00,365,12835.745807635609,12863.741134702843,35.30789430144456,35.435532056793896
698,2017-11-29 00:00:00+00:00,2018-11-28 00:00:00+00:00,365,12874.6174163221,12901.257041830839,35.48511976723911,35.60657653733207
699,2017-11-30 00:00:00+00:00,2018-11-29 00:00:00+00:00,365,12912.782747284899,12937.931553477189,35.65912513479766,35.77378488370469
700,2017-12-01 00:00:00+00:00,2018-11-30 00:00:00+00:00,365,12955.985573629692,12979.478113951809,35.85609771404823,35.96320612921221
701,2017-12-02 00:00:00+00:00,2018-12-01 00:00:00+00:00,365,12997.774671948406,13020.179456626927,36.04662475074487,36.148773813643245
702,2017-12-03 00:00:00+00:00,2018-12-02 00:00:00+00:00,365,13041.183104142016,13061.967503122785,36.24453473890538,36.339296054814255
703,2017-12-04 00:00:00+00:00,2018-12-03 00:00:00+00:00,365,13089.66477973969,13108.809299904293,36.46557492300468,36.55285961788184
704,2017-12-05 00:00:00+00:00,2018-12-04 00:00:00+00:00,365,13138.481872712386,13155.490185691215,36.68814435949493,36.7656895471501
705,2017-12-06 00:00:00+00:00,2018-12-05 00:00:00+00:00,365,13191.978865051571,13206.00365462845,36.93205063727176,36.99599318941771
706,2017-12-07 00:00:00+00:00,2018-12-06 00:00:00+00:00,365,13252.472625968814,13264.434290444678,34.90192451952668,34.953080916265364
707,2017-12-08 00:00:00+00:00,2018-12-07 00:00:00+00:00,365,13321.285889767249,13329.574115790801,33.51467400416981,33.548426735167155
708,2017-12-09 00:00:00+00:00,2018-12-08 00:00:00+00:00,365,13390.54736276113,13393.156593904756,33.7967324156802,33.807358172826596
709,2017-12-10 00:00:00+00:00,2018-12-09 00:00:00+00:00,365,13455.095433160568,13452.336242359812,34.05959610332561,34.04835965482582
710,2017-12-11 00:00:00+00:00,2018-12-10 00:00:00+00:00,365,13523.235358898964,13514.89134994711,34.33708715835855,34.30310725858373
711,2017-12-12 00:00:00+00:00,2018-12-11 00:00:00+00:00,365,13594.445918231722,13580.374806116446,34.37416095397717,34.31727671474665
712,2017-12-13 00:00:00+00:00,2018-12-12 00:00:00+00:00,365,13664.053033733064,13644.69833566706,34.65555646684687,34.57731266735174
713,2017-12-14 00:00:00+00:00,2018-12-13 00:00:00+00:00,365,13736.247135142043,13712.141040795144,33.794727639087554,33.700490013318515
714,2017-12-15 00:00:00+00:00,2018-12-14 00:00:00+00:00,365,13811.222131122235,13781.284150880936,33.32104321827378,33.20663973119029
715,2017-12-16 00:00:00+00:00,2018-12-15 00:00:00+00:00,365,13887.375124558788,13851.824879245782,33.43806410906878,33.30291739637949
716,2017-12-17 00:00:00+00:00,2018-12-16 00:00:00+00:00,365,13964.108680786072,13923.614817654261,33.468850521515755,33.31430420537394
717,2017-12-18 00:00:00+00:00,2018-12-17 00:00:00+00:00,365,14033.333013355259,13987.679576821167,33.54673031267553,33.37200240420515
718,2017-12-19 00:00:00+00:00,2018-12-18 00:00:00+00:00,365,14098.443545642156,14048.111881419438,32.77575647747287,32.58015537368657
719,2017-12-20 00:00:00+00:00,2018-12-19 00:00:00+00:00,365,14161.31561624849,14106.68447897991,32.54278385529958,32.32896100026148
720,2017-12-21 00:00:00+00:00,2018-12-20 00:00:00+00:00,365,14215.668829286007,14157.385854587774,32.75551893227666,32.527403013898045
721,2017-12-22 00:00:00+00:00,2018-12-21 00:00:00+00:00,365,14273.036713975134,14211.22555012121,32.980053245582646,32.73812821547576
722,2017-12-23 00:00:00+00:00,2018-12-22 00:00:00+00:00,365,14326.216129351193,14261.172980230636,33.18819415191348,32.93361933357768
723,2017-12-24 00:00:00+00:00,2018-12-23 00:00:00+00:00,365,14380.156325702268,14312.288103175812,33.39931270740685,33.133680728419755
724,2017-12-25 00:00:00+00:00,2018-12-24 00:00:00+00:00,365,14431.407906056313,14360.56962260248,33.5999081880142,33.3226515762832
725,2017-12-26 00:00:00+00:00,2018-12-25 00:00:00+00:00,365,14487.398391539062,14413.947013550674,33.81905144695888,33.53156734662343
726,2017-12-27 00:00:00+00:00,2018-12-26 00:00:00+00:00,365,14545.08218837541,14468.479708658664,34.04482222065426,33.74500490520084
727,2017-12-28 00:00:00+00:00,2018-12-27 00:00:00+00:00,365,14606.880003621798,14527.08867344592,34.28669500514597,33.97439672840285
728,2017-12-29 00:00:00+00:00,2018-12-28 00:00:00+00:00,365,14660.943479619602,14578.50791106583,34.498296069467635,34.175648409064735
729,2017-12-30 00:00:00+00:00,2018-12-29 00:00:00+00:00,365,14716.521688130939,14631.36798225324,34.715825702127,34.38253942221064
730,2017-12-31 00:00:00+00:00,2018-12-30 00:00:00+00:00,365,14769.42045585443,14681.828893587737,34.922868171095324,34.580040273718126
731,2018-01-01 00:00:00+00:00,2018-12-31 00:00:00+00:00,365,14826.531945029541,14736.452748274345,35.14639896839255,34.793834625185795
732,2018-01-02 00:00:00+00:00,2019-01-01 00:00:00+00:00,365,14880.395642655021,14788.049567098873,35.35721811265762,34.995781347577925
733,2018-01-03 00:00:00+00:00,2019-01-02 00:00:00+00:00,365,14934.100777907477,14839.762463007031,35.56741665371,35.198182388416775
734,2018-01-04 00:00:00+00:00,2019-01-03 00:00:00+00:00,365,14990.30363500356,14893.905611588332,35.787391121869106,35.41009528624811
735,2018-01-05 00:00:00+00:00,2019-01-04 00:00:00+00:00,365,15045.584190358619,14947.305554230394,36.00375575868784,35.619099322507914
736,2018-01-06 00:00:00+00:00,2019-01-05 00:00:00+00:00,365,15103.362973072813,15003.31125054157,36.22989830116939,35.83830211568389
737,2018-01-07 00:00:00+00:00,2019-01-06 00:00:00+00:00,365,15156.657433075567,15055.007362034827,35.64746073712106,35.24465741112161
738,2018-01-08 00:00:00+00:00,2019-01-07 00:00:00+00:00,365,15209.969238009318,15106.604215016714,34.472608400801505,34.05415779384649
739,2018-01-09 00:00:00+00:00,2019-01-08 00:00:00+00:00,365,15261.781387786272,15156.882554841675,34.356937987793565,33.93016238003464
740,2018-01-10 00:00:00+00:00,2019-01-09 00:00:00+00:00,365,15311.930732621775,15206.248644301982,34.560968066299665,34.1310058235764
741,2018-01-11 00:00:00+00:00,2019-01-10 00:00:00+00:00,365,15370.787479829569,15263.089940462789,34.239261253904125,33.79732805872759
742,2018-01-12 00:00:00+00:00,2019-01-11 00:00:00+00:00,365,15427.778501029567,15317.909729834695,34.473121973873916,34.02227920262999
743,2018-01-13 00:00:00+00:00,2019-01-12 00:00:00+00:00,365,15485.824754912672,15373.786794247853,34.7113128053211,34.25156883875709
744,2018-01-14 00:00:00+00:00,2019-01-13 00:00:00+00:00,365,15546.88058339567,15432.619739790875,34.19887775030045,33.7245119037496
745,2018-01-15 00:00:00+00:00,2019-01-14 00:00:00+00:00,365,15603.59765864116,15487.30818775806,34.30325919425323,33.819506051360776
746,2018-01-16 00:00:00+00:00,2019-01-15 00:00:00+00:00,365,15661.894505980605,15543.65186542031,33.228055554639035,32.726275008022185
747,2018-01-17 00:00:00+00:00,2019-01-16 00:00:00+00:00,365,15715.673244636846,15595.640531464265,33.456273773983796,32.94689678322784
748,2018-01-18 00:00:00+00:00,2019-01-17 00:00:00+00:00,365,15768.073656449122,15646.35468255806,33.67864285469376,33.16210996128671
749,2018-01-19 00:00:00+00:00,2019-01-18 00:00:00+00:00,365,15821.314391620373,15697.897727739246,33.90457797479869,33.380840676896234
750,2018-01-20 00:00:00+00:00,2019-01-19 00:00:00+00:00,365,15873.212304931138,15748.25125402192,34.124814627041495,33.59452348897215
751,2018-01-21 00:00:00+00:00,2019-01-20 00:00:00+00:00,365,15930.82487274901,15804.22445444096,32.131419638016986,31.57585245424955
752,2018-01-22 00:00:00+00:00,2019-01-21 00:00:00+00:00,365,15985.91681667501,15857.728080236939,32.3731824737508,31.810645191130487
753,2018-01-23 00:00:00+00:00,2019-01-22 00:00:00+00:00,365,16038.322766908008,15908.79847440249,32.60315822401064,32.034760051410096
754,2018-01-24 00:00:00+00:00,2019-01-23 00:00:00+00:00,365,16091.7339409454,15960.680360128004,32.83754525004292,32.262436022202955
755,2018-01-25 00:00:00+00:00,2019-01-24 00:00:00+00:00,365,16145.646975307442,16013.069840618447,33.074134615774675,32.49233949743709
756,2018-01-26 00:00:00+00:00,2019-01-25 00:00:00+00:00,365,16199.45288275793,16065.384594143792,33.31025387092266,32.72191504445339
757,2018-01-27 00:00:00+00:00,2019-01-26 00:00:00+00:00,365,16253.124451503096,16117.580877970704,33.54578360056049,32.95097070474577
758,2018-01-28 00:00:00+00:00,2019-01-27 00:00:00+00:00,365,16307.82603731189,16170.8260122841,33.785833407516556,33.184629090043
759,2018-01-29 00:00:00+00:00,2019-01-28 00:00:00+00:00,365,16365.578217370683,16226.998040860526,33.87628551502371,33.26664426495681
760,2018-01-30 00:00:00+00:00,2019-01-29 00:00:00+00:00,365,16423.26767944132,16283.067277267663,34.13007272079951,33.5133037817387
761,2018-01-31 00:00:00+00:00,2019-01-30 00:00:00+00:00,365,16477.166241629173,16335.250679296314,34.3671830179321,33.742868754497685
762,2018-02-01 00:00:00+00:00,2019-01-31 00:00:00+00:00,365,16531.942329419056,16388.330754503088,34.60815372149843,33.976378367615624
763,2018-02-02 00:00:00+00:00,2019-02-01 00:00:00+00:00,365,16582.942635268046,16437.5500526158,34.83251402319925,34.19290366859653
764,2018-02-03 00:00:00+00:00,2019-02-02 00:00:00+00:00,365,16632.71129486592,16485.506040183245,35.05145607259964,34.40387141986554
765,2018-02-04 00:00:00+00:00,2019-02-03 00:00:00+00:00,365,16684.942295588553,16535.777731439717,35.28123044130567,34.625026403733855
766,2018-02-05 00:00:00+00:00,2019-02-04 00:00:00+00:00,365,16734.093366647037,16582.882234850927,35.49745559815575,34.83224830997299
767,2018-02-06 00:00:00+00:00,2019-02-05 00:00:00+00:00,365,16776.37927663808,16622.84136295968,35.68347957125457,35.00803631533765
768,2018-02-07 00:00:00+00:00,2019-02-06 00:00:00+00:00,365,16824.637693709345,16668.795892212358,35.89577776895112,35.210199260755644
769,2018-02-08 00:00:00+00:00,2019-02-07 00:00:00+00:00,365,16872.74525006352,16714.429961768852,36.10741230090218,35.41095244141003
770,2018-02-09 00:00:00+00:00,2019-02-08 00:00:00+00:00,365,16917.13625973018,16756.934800879622,36.30269701843126,35.597939526445835
771,2018-02-10 00:00:00+00:00,2019-02-09 00:00:00+00:00,365,16962.999311390486,16800.956434400952,36.504457536062155,35.79159928620205
772,2018-02-11 00:00:00+00:00,2019-02-10 00:00:00+00:00,365,17007.585781118465,16844.064229964257,36.70060212055864,35.98123889438161
773,2018-02-12 00:00:00+00:00,2019-02-11 00:00:00+00:00,365,17052.18874762702,16886.529128096103,36.89681927761339,36.16805027125387
774,2018-02-13 00:00:00+00:00,2019-02-12 00:00:00+00:00,365,17099.40857508849,16932.132299709538,37.10454851686316,36.36866752582485
775,2018-02-14 00:00:00+00:00,2019-02-13 00:00:00+00:00,365,17145.716349581304,16976.6032895523,37.30826545705298,36.564304091762295
776,2018-02-15 00:00:00+00:00,2019-02-14 00:00:00+00:00,365,17195.416564526415,17024.58165184904,37.52690640506412,36.77537027383346
777,2018-02-16 00:00:00+00:00,2019-02-15 00:00:00+00:00,365,17246.805323810982,17074.324233560703,37.75297558926186,36.99419760152149
778,2018-02-17 00:00:00+00:00,2019-02-16 00:00:00+00:00,365,17297.845919087318,17123.863565180483,37.97751313201887,37.21213079237688
779,2018-02-18 00:00:00+00:00,2019-02-17 00:00:00+00:00,365,17349.482854346305,17174.774717387314,38.204674090776955,37.436098889801286
780,2018-02-19 00:00:00+00:00,2019-02-18 00:00:00+00:00,365,17394.09609593797,17219.427324210923,38.400936449928196,37.63253442429272
781,2018-02-20 00:00:00+00:00,2019-02-19 00:00:00+00:00,365,17439.291618793857,17265.1640165518,38.5997603780336,37.83373906260962
782,2018-02-21 00:00:00+00:00,2019-02-20 00:00:00+00:00,365,17483.525961004583,17310.48660269667,38.79435588483942,38.03312196692853
783,2018-02-22 00:00:00+00:00,2019-02-21 00:00:00+00:00,365,17526.31416461233,17354.680399191024,38.982589545615795,38.2275391052127
784,2018-02-23 00:00:00+00:00,2019-02-22 00:00:00+00:00,365,17566.449923658678,17396.335218122913,39.15915458495681,38.41078678554082
785,2018-02-24 00:00:00+00:00,2019-02-23 00:00:00+00:00,365,17604.495990285403,17436.02448029084,39.32652665939448,38.585387597948596
786,2018-02-25 00:00:00+00:00,2019-02-24 00:00:00+00:00,365,17647.168327348252,17480.71875587866,39.51425060062041,38.782006441468376
787,2018-02-26 00:00:00+00:00,2019-02-25 00:00:00+00:00,365,17688.220913763194,17523.8722300726,39.69484894253875,38.97184699886148
788,2018-02-27 00:00:00+00:00,2019-02-26 00:00:00+00:00,365,17731.5838875919,17569.47554141126,39.88561112972367,39.17246486811099
789,2018-02-28 00:00:00+00:00,2019-02-27 00:00:00+00:00,365,17775.626674294115,17615.870112583732,40.07936394645211,39.37656364383908
790,2018-03-01 00:00:00+00:00,2019-02-28 00:00:00+00:00,365,17818.886651033685,17661.521066256755,40.269673029334854,39.577391101018186
791,2018-03-02 00:00:00+00:00,2019-03-01 00:00:00+00:00,365,17863.17618226092,17708.337219671434,40.46451132339828,39.783344499330944
792,2018-03-03 00:00:00+00:00,2019-03-02 00:00:00+00:00,365,17907.740844246593,17755.37796126533,40.660559971379065,39.99028590488815
793,2018-03-04 00:00:00+00:00,2019-03-03 00:00:00+00:00,365,17953.6362548059,17803.83317528637,40.86246284212378,40.20344985078542
794,2018-03-05 00:00:00+00:00,2019-03-04 00:00:00+00:00,365,18001.2027492137,17854.01515778448,41.0717171369467,40.42421018831278
795,2018-03-06 00:00:00+00:00,2019-03-05 00:00:00+00:00,365,18046.342039426134,17901.620046434142,39.4018613886264,38.74494631930376
796,2018-03-07 00:00:00+00:00,2019-03-06 00:00:00+00:00,365,18089.516938608016,17947.08485393237,37.52199997568886,36.853260190164654
797,2018-03-08 00:00:00+00:00,2019-03-07 00:00:00+00:00,365,18130.724818176433,17990.471876695054,37.39076270674529,36.72882125181398
798,2018-03-09 00:00:00+00:00,2019-03-08 00:00:00+00:00,365,18170.57302919106,18032.469953564225,37.578831366816374,36.92703647506323
799,2018-03-10 00:00:00+00:00,2019-03-09 00:00:00+00:00,365,18209.050443954977,18073.004370327806,37.760430381010345,37.11834376975437
800,2018-03-11 00:00:00+00:00,2019-03-10 00:00:00+00:00,365,18246.100398468323,18112.002491097337,37.93529231642979,37.30240032164635
801,2018-03-12 00:00:00+00:00,2019-03-11 00:00:00+00:00,365,18286.394293934645,18154.33702835918,38.125464440508686,37.502203512174574
802,2018-03-13 00:00:00+00:00,2019-03-12 00:00:00+00:00,365,18325.403157737775,18195.385079625325,38.30957169550333,37.695934969712766
803,2018-03-14 00:00:00+00:00,2019-03-13 00:00:00+00:00,365,18364.634634944847,18236.60273197379,38.49472960254802,37.89046688095985
804,2018-03-15 00:00:00+00:00,2019-03-14 00:00:00+00:00,365,18400.504313570735,18274.373210250444,38.664021076985236,38.068729419198434
805,2018-03-16 00:00:00+00:00,2019-03-15 00:00:00+00:00,365,18435.79669449743,18311.453990929134,38.83058792208564,38.24373684259497
806,2018-03-17 00:00:00+00:00,2019-03-16 00:00:00+00:00,365,18470.17493020859,18347.416603958027,38.992840343491274,38.413466932673956
807,2018-03-18 00:00:00+00:00,2019-03-17 00:00:00+00:00,365,18502.927985297487,18381.716260052228,39.147422519879136,38.5753484876619
808,2018-03-19 00:00:00+00:00,2019-03-18 00:00:00+00:00,365,18537.16737639928,18417.280619626523,39.309019646630965,38.74319897030888
809,2018-03-20 00:00:00+00:00,2019-03-19 00:00:00+00:00,365,18571.816604604865,18453.747135365007,39.47255105130883,38.915307292810006
810,2018-03-21 00:00:00+00:00,2019-03-20 00:00:00+00:00,365,18607.162639026992,18490.920511535885,39.63937112085112,39.09075173231595
811,2018-03-22 00:00:00+00:00,2019-03-21 00:00:00+00:00,365,18643.310218052953,18528.968175731447,39.80997418129293,39.270322484475116
812,2018-03-23 00:00:00+00:00,2019-03-22 00:00:00+00:00,365,18678.848108344217,18566.285791209386,39.977699738818664,39.44644767959136
813,2018-03-24 00:00:00+00:00,2019-03-23 00:00:00+00:00,365,18714.679306608316,18603.858894256526,40.14680960033283,39.62377868052876
814,2018-03-25 00:00:00+00:00,2019-03-24 00:00:00+00:00,365,18750.25292678674,18641.041406894303,40.314703789569535,39.7992662407431
815,2018-03-26 00:00:00+00:00,2019-03-25 00:00:00+00:00,365,18786.268568309195,18678.683842285667,40.48468415431521,39.97692446442767
816,2018-03-27 00:00:00+00:00,2019-03-26 00:00:00+00:00,365,18821.204212462977,18715.085594383287,40.64956733520156,40.14872712675363
817,2018-03-28 00:00:00+00:00,2019-03-27 00:00:00+00:00,365,18852.990652799454,18748.161703651975,40.799587451294514,40.304833998107114
818,2018-03-29 00:00:00+00:00,2019-03-28 00:00:00+00:00,365,18885.56546586525,18781.93506482037,40.95332839196313,40.46423163778297
819,2018-03-30 00:00:00+00:00,2019-03-29 00:00:00+00:00,365,18912.99088314079,18810.388694205965,41.08276610943075,40.59852213204742
820,2018-03-31 00:00:00+00:00,2019-03-30 00:00:00+00:00,365,18938.975248524483,18837.243202225345,41.205402600657806,40.72526537124126
821,2018-04-01 00:00:00+00:00,2019-03-31 00:00:00+00:00,365,18965.44940146675,18864.58015723813,41.33035070607066,40.85428557989733
822,2018-04-02 00:00:00+00:00,2019-04-01 00:00:00+00:00,365,18990.702782949742,18890.519118576784,41.44953722654022,40.97670778100456
823,2018-04-03 00:00:00+00:00,2019-04-02 00:00:00+00:00,365,19007.319670939578,18907.435625966937,41.52796272618568,41.05654737221685
824,2018-04-04 00:00:00+00:00,2019-04-03 00:00:00+00:00,365,19025.5805469334,18925.749954999414,41.61414723466015,41.14298415905214
825,2018-04-05 00:00:00+00:00,2019-04-04 00:00:00+00:00,365,19041.03021263364,18941.128731321827,41.68706388142564,41.21556623445391
826,2018-04-06 00:00:00+00:00,2019-04-05 00:00:00+00:00,365,19055.261603530722,18955.262103762558,41.754230726531425,41.282270469086626
827,2018-04-07 00:00:00+00:00,2019-04-06 00:00:00+00:00,365,19069.075680733826,18968.129683314946,41.819428007000376,41.34300063446062
828,2018-04-08 00:00:00+00:00,2019-04-07 00:00:00+00:00,365,19082.56050135937,18981.143083823914,41.88307131950477,41.40441902023939
829,2018-04-09 00:00:00+00:00,2019-04-08 00:00:00+00:00,365,19094.94614098973,18993.915084698325,41.94152690860387,41.46469808998221
830,2018-04-10 00:00:00+00:00,2019-04-09 00:00:00+00:00,365,19106.579088823673,19005.979464940123,41.99643007379248,41.521637454859345
831,2018-04-11 00:00:00+00:00,2019-04-10 00:00:00+00:00,365,19117.663702146234,19017.36686804322,42.04874530506384,41.57538174070702
832,2018-04-12 00:00:00+00:00,2019-04-11 00:00:00+00:00,365,19132.026246298694,19032.16159932681,42.11653114450776,41.64520734185121
833,2018-04-13 00:00:00+00:00,2019-04-12 00:00:00+00:00,365,19150.789008121923,19051.401775555474,42.20508436648384,41.73601378135557
834,2018-04-14 00:00:00+00:00,2019-04-13 00:00:00+00:00,365,19170.11093501099,19070.79216544104,42.29627663854556,41.82752917316815
835,2018-04-15 00:00:00+00:00,2019-04-14 00:00:00+00:00,365,19188.48244769869,19089.70141401948,42.382983310857306,41.91677375786966
836,2018-04-16 00:00:00+00:00,2019-04-15 00:00:00+00:00,365,19209.698352136133,19111.18833262966,42.483114448947326,42.01818398154544
837,2018-04-17 00:00:00+00:00,2019-04-16 00:00:00+00:00,365,19227.44839499713,19129.76839596029,42.566888015992696,42.10587493493216
838,2018-04-18 00:00:00+00:00,2019-04-17 00:00:00+00:00,365,19244.47329095821,19147.455788440064,42.64723916074233,42.18935281559791
839,2018-04-19 00:00:00+00:00,2019-04-18 00:00:00+00:00,365,19262.078092972435,19165.795847649948,42.730327245284364,42.27591103925219
840,2018-04-20 00:00:00+00:00,2019-04-19 00:00:00+00:00,365,19279.99791680236,19184.470380931445,42.814902115036155,42.36404785549258
841,2018-04-21 00:00:00+00:00,2019-04-20 00:00:00+00:00,365,19299.444037221438,19205.033271632696,42.90668053413393,42.46109701285507
842,2018-04-22 00:00:00+00:00,2019-04-21 00:00:00+00:00,365,19319.753498567436,19225.85779598848,43.00253359967571,42.55938098326399
843,2018-04-23 00:00:00+00:00,2019-04-22 00:00:00+00:00,365,19338.957958167557,19245.61627083584,43.09317147004481,42.65263359850003
844,2018-04-24 00:00:00+00:00,2019-04-23 00:00:00+00:00,365,19357.000778731337,19264.349112424203,43.178326838402185,42.74104560815221
845,2018-04-25 00:00:00+00:00,2019-04-24 00:00:00+00:00,365,19378.34857977645,19286.401946869206,43.2790804791753,42.8451267430197
846,2018-04-26 00:00:00+00:00,2019-04-25 00:00:00+00:00,365,19400.349516310125,19308.894048909686,43.3829166753016,42.95128105673236
847,2018-04-27 00:00:00+00:00,2019-04-26 00:00:00+00:00,365,19423.422518851155,19332.519334445267,43.49181262222669,43.062783572939246
848,2018-04-28 00:00:00+00:00,2019-04-27 00:00:00+00:00,365,19445.12294929466,19354.886668651867,43.59423054194151,43.16834902911627
849,2018-04-29 00:00:00+00:00,2019-04-28 00:00:00+00:00,365,19468.244198006585,19378.771452856454,43.70335419275801,43.28107628203598
850,2018-04-30 00:00:00+00:00,2019-04-29 00:00:00+00:00,365,19491.52658502601,19402.827076254736,43.81323835614976,43.394609832087426
851,2018-05-01 00:00:00+00:00,2019-04-30 00:00:00+00:00,365,19513.09409840189,19425.16073445088,43.91502895699199,43.500016350083754
852,2018-05-02 00:00:00+00:00,2019-05-01 00:00:00+00:00,365,19533.588455232944,19446.506849989848,44.01175466010625,43.60076203589792
853,2018-05-03 00:00:00+00:00,2019-05-02 00:00:00+00:00,365,19553.78852216502,19467.54087640702,44.10709142490775,43.70003477772127
854,2018-05-04 00:00:00+00:00,2019-05-03 00:00:00+00:00,365,19573.276607806598,19487.861620708423,44.19906790416842,43.7959410945948
855,2018-05-05 00:00:00+00:00,2019-05-04 00:00:00+00:00,365,19591.624397741427,19507.05074970449,44.285662613954585,43.88650661024359
856,2018-05-06 00:00:00+00:00,2019-05-05 00:00:00+00:00,365,19610.56775506456,19526.910210173013,43.80839508619144,43.409540434293866
857,2018-05-07 00:00:00+00:00,2019-05-06 00:00:00+00:00,365,19629.292713520234,19546.4923432508,43.12430749169485,42.72409777735916
858,2018-05-08 00:00:00+00:00,2019-05-07 00:00:00+00:00,365,19646.127759867573,19564.18546117525,43.058324167670676,42.66123428764088
859,2018-05-09 00:00:00+00:00,2019-05-08 00:00:00+00:00,365,19661.71466426521,19580.63290527711,43.13385783094431,42.7409381000727
860,2018-05-10 00:00:00+00:00,2019-05-09 00:00:00+00:00,365,19675.70299315883,19595.698802659797,42.35174042497361,41.95824122585377
861,2018-05-11 00:00:00+00:00,2019-05-10 00:00:00+00:00,365,19687.46219752821,19608.478457899448,41.151086355870305,40.75411698584552
862,2018-05-12 00:00:00+00:00,2019-05-11 00:00:00+00:00,365,19691.27104869461,19613.34119110492,41.17022950172729,40.77855690406473
863,2018-05-13 00:00:00+00:00,2019-05-12 00:00:00+00:00,365,19697.215471589287,19620.51749378501,41.200105952535424,40.8146247373607
864,2018-05-14 00:00:00+00:00,2019-05-13 00:00:00+00:00,365,19699.129487956307,19624.140920983584,41.11254286518833,40.735030070886516
865,2018-05-15 00:00:00+00:00,2019-05-14 00:00:00+00:00,365,19700.14528086268,19626.982653873623,40.469467364653816,40.09709229762129
866,2018-05-16 00:00:00+00:00,2019-05-15 00:00:00+00:00,365,19699.224195663577,19628.05622342357,40.464779326828044,40.102556433472856
867,2018-05-17 00:00:00+00:00,2019-05-16 00:00:00+00:00,365,19699.241763254515,19630.00487419411,40.46486874041422,40.112474461175864
868,2018-05-18 00:00:00+00:00,2019-05-17 00:00:00+00:00,365,19700.680773506356,19633.365791344833,40.472192856032294,40.129580486489566
869,2018-05-19 00:00:00+00:00,2019-05-18 00:00:00+00:00,365,19703.127512010968,19637.732774248056,40.48464599573163,40.15180707427407
870,2018-05-20 00:00:00+00:00,2019-05-19 00:00:00+00:00,365,19700.8742056567,19637.77222378845,40.47317736565031,40.15200786019243
871,2018-05-21 00:00:00+00:00,2019-05-20 00:00:00+00:00,365,19700.718282035938,19639.91101364151,39.99031486072687,39.67831840952953
872,2018-05-22 00:00:00+00:00,2019-05-21 00:00:00+00:00,365,19699.995711094423,19641.60590949402,39.98221231330609,39.68259771910855
873,2018-05-23 00:00:00+00:00,2019-05-22 00:00:00+00:00,365,19699.328663496657,19643.121322796742,39.9787895033318,39.69037373357154
874,2018-05-24 00:00:00+00:00,2019-05-23 00:00:00+00:00,365,19695.537328267645,19641.38417961656,39.95933508946203,39.68145996036583
875,2018-05-25 00:00:00+00:00,2019-05-24 00:00:00+00:00,365,19691.63440167063,19639.521046269896,39.93930806870677,39.67189969596525
876,2018-05-26 00:00:00+00:00,2019-05-25 00:00:00+00:00,365,19686.741706922072,19636.60917247107,39.914202267497615,39.65695804754932
877,2018-05-27 00:00:00+00:00,2019-05-26 00:00:00+00:00,365,19678.744758165096,19630.590828330955,41.246083875120426,41.004634439593524
878,2018-05-28 00:00:00+00:00,2019-05-27 00:00:00+00:00,365,19670.593158717274,19624.32964371866,41.52991061426861,41.29922101990034
879,2018-05-29 00:00:00+00:00,2019-05-28 00:00:00+00:00,365,19661.69865115599,19617.222716627664,41.485558810444815,41.26378285382335
880,2018-05-30 00:00:00+00:00,2019-05-29 00:00:00+00:00,365,19654.83180234766,19612.11884785557,41.45131777696023,41.23833278984143
881,2018-05-31 00:00:00+00:00,2019-05-30 00:00:00+00:00,365,19649.197596350507,19608.09034600356,41.423223225646744,41.21824496343697
882,2018-06-01 00:00:00+00:00,2019-05-31 00:00:00+00:00,365,19643.068372253692,19603.477107753242,41.39266030320714,41.19524139224872
883,2018-06-02 00:00:00+00:00,2019-06-01 00:00:00+00:00,365,19637.220029086988,19599.069357508408,41.36349797274232,41.173262471795134
884,2018-06-03 00:00:00+00:00,2019-06-02 00:00:00+00:00,365,19631.228638074517,19594.528460217007,41.33362234477912,41.15061962344579
885,2018-06-04 00:00:00+00:00,2019-06-03 00:00:00+00:00,365,19628.95555169048,19592.477595006552,41.32228776771741,41.14039313582335
886,2018-06-05 00:00:00+00:00,2019-06-04 00:00:00+00:00,365,19626.11333883393,19591.696487644782,41.30811528361184,41.1364982017603
887,2018-06-06 00:00:00+00:00,2019-06-05 00:00:00+00:00,365,19623.58011530803,19590.831518901865,41.29548355194053,41.1321850991253
888,2018-06-07 00:00:00+00:00,2019-06-06 00:00:00+00:00,365,19621.701017706386,19590.25160876118,41.286113570789844,41.12929342011802
889,2018-06-08 00:00:00+00:00,2019-06-07 00:00:00+00:00,365,19618.730252263187,19588.6570565461,41.27130006872293,41.12134230348309
890,2018-06-09 00:00:00+00:00,2019-06-08 00:00:00+00:00,365,19616.005434890583,19587.221133805593,41.25771296851162,41.11418218098566
891,2018-06-10 00:00:00+00:00,2019-06-09 00:00:00+00:00,365,19614.47029104594,19586.851174698342,41.25005808732006,41.1123374072717
892,2018-06-11 00:00:00+00:00,2019-06-10 00:00:00+00:00,365,19607.13518645723,19580.506232018262,41.213482131034255,41.08069882007829
893,2018-06-12 00:00:00+00:00,2019-06-11 00:00:00+00:00,365,19600.712090531546,19575.088691605306,41.18145383846441,41.05368465566869
894,2018-06-13 00:00:00+00:00,2019-06-12 00:00:00+00:00,365,19591.650523302986,19566.74114338486,41.136269003970966,41.01206022412687
895,2018-06-14 00:00:00+00:00,2019-06-13 00:00:00+00:00,365,19580.98955155951,19556.576613290945,41.083108857208494,40.96137554691677
896,2018-06-15 00:00:00+00:00,2019-06-14 00:00:00+00:00,365,19570.201000843634,19546.750339972787,41.029312547340105,40.91237756209038
897,2018-06-16 00:00:00+00:00,2019-06-15 00:00:00+00:00,365,19557.55209272263,19534.895251137597,41.09346192041627,40.98072872955256
898,2018-06-17 00:00:00+00:00,2019-06-16 00:00:00+00:00,365,19544.93940412048,19523.090749143506,41.64515517066043,41.53757601715648
899,2018-06-18 00:00:00+00:00,2019-06-17 00:00:00+00:00,365,19531.183538877438,19509.95040448325,42.653476009745965,42.55085319603185
900,2018-06-19 00:00:00+00:00,2019-06-18 00:00:00+00:00,365,19519.921299739697,19499.365037086434,42.59904397688734,42.499692582328194
901,2018-06-20 00:00:00+00:00,2019-06-19 00:00:00+00:00,365,19508.179068581056,19488.177888204,42.54229207307462,42.445623471548764
902,2018-06-21 00:00:00+00:00,2019-06-20 00:00:00+00:00,365,19495.818223555045,19476.306716160052,43.11810724081045,43.02484731830899
903,2018-06-22 00:00:00+00:00,2019-06-21 00:00:00+00:00,365,19481.96389542895,19462.709672284873,44.53024980958442,44.44060872526853
904,2018-06-23 00:00:00+00:00,2019-06-22 00:00:00+00:00,365,19462.729720645817,19443.136660176653,45.84885594798512,45.75994929385928
905,2018-06-24 00:00:00+00:00,2019-06-23 00:00:00+00:00,365,19443.790228877624,19424.143992768877,45.994780148497796,45.9060133115543
906,2018-06-25 00:00:00+00:00,2019-06-24 00:00:00+00:00,365,19424.288117599805,19404.46722049207,46.33488508192808,46.246038035538
907,2018-06-26 00:00:00+00:00,2019-06-25 00:00:00+00:00,365,19404.042271117418,19383.950231528754,47.5594783215003,47.4716196064741
908,2018-06-27 00:00:00+00:00,2019-06-26 00:00:00+00:00,365,19380.71840032059,19360.306682990828,49.134372842734464,49.04796484651255
909,2018-06-28 00:00:00+00:00,2019-06-27 00:00:00+00:00,365,19360.746990124215,19340.34029733285,49.04982877870912,48.963442052637475
910,2018-06-29 00:00:00+00:00,2019-06-28 00:00:00+00:00,365,19336.36508404662,19315.74568915349,48.946613962718914,48.85932681449714
911,2018-06-30 00:00:00+00:00,2019-06-29 00:00:00+00:00,365,19315.051677316085,19294.64253600565,48.85638888569597,48.769991794419724
912,2018-07-01 00:00:00+00:00,2019-06-30 00:00:00+00:00,365,19297.045144654243,19276.93821554908,48.780162648526534,48.69504489845756
913,2018-07-02 00:00:00+00:00,2019-07-01 00:00:00+00:00,365,19279.227153160315,19259.791189115935,48.70473455412291,48.62245716998203
914,2018-07-03 00:00:00+00:00,2019-07-02 00:00:00+00:00,365,19262.30995922514,19243.78049824533,48.633119765125976,48.554679839250525
915,2018-07-04 00:00:00+00:00,2019-07-03 00:00:00+00:00,365,19242.078257000307,19224.542584860636,48.54747381867457,48.47324085397523
916,2018-07-05 00:00:00+00:00,2019-07-04 00:00:00+00:00,365,19223.857289006628,19207.41334675361,48.47033982215084,48.400728428013004
917,2018-07-06 00:00:00+00:00,2019-07-05 00:00:00+00:00,365,19205.725324684514,19190.40159941332,48.39358260082892,48.3287133703792
918,2018-07-07 00:00:00+00:00,2019-07-06 00:00:00+00:00,365,19187.537800544655,19173.324792388194,48.316590180653115,48.256422898535476
919,2018-07-08 00:00:00+00:00,2019-07-07 00:00:00+00:00,365,19169.711831855093,19156.57792720291,48.24112831674941,48.18552915450205
920,2018-07-09 00:00:00+00:00,2019-07-08 00:00:00+00:00,365,19150.059810633888,19137.955216222097,48.15793630757149,48.10669447763116
921,2018-07-10 00:00:00+00:00,2019-07-09 00:00:00+00:00,365,19129.810374129338,19118.62300080773,48.07221528739894,48.02485628785522
922,2018-07-11 00:00:00+00:00,2019-07-10 00:00:00+00:00,365,19108.313887018805,19097.82757925341,47.98121518451573,47.93682397396077
923,2018-07-12 00:00:00+00:00,2019-07-11 00:00:00+00:00,365,19089.03658151665,19079.12832835757,47.899609442378114,47.85766528414271
924,2018-07-13 00:00:00+00:00,2019-07-12 00:00:00+00:00,365,19067.339986316234,19057.84023610279,47.80776223100348,47.76754736974066
925,2018-07-14 00:00:00+00:00,2019-07-13 00:00:00+00:00,365,19047.04374967804,19037.860340385836,47.721843093950035,47.68296738434632
926,2018-07-15 00:00:00+00:00,2019-07-14 00:00:00+00:00,365,19029.700677277215,19020.70361178227,47.64842545298057,47.61033858411325
927,2018-07-16 00:00:00+00:00,2019-07-15 00:00:00+00:00,365,19011.467045509806,19002.616451876333,47.57123784747848,47.53377103129208
928,2018-07-17 00:00:00+00:00,2019-07-16 00:00:00+00:00,365,18999.434048720203,18990.717968528777,47.52029910850142,47.483401721961954
929,2018-07-18 00:00:00+00:00,2019-07-17 00:00:00+00:00,365,18990.146888535826,18981.610984212013,47.480984194956456,47.444849538736854
930,2018-07-19 00:00:00+00:00,2019-07-18 00:00:00+00:00,365,18978.68249323906,18970.120514220784,47.432452490862886,47.39620745382309
931,2018-07-20 00:00:00+00:00,2019-07-19 00:00:00+00:00,365,18968.06765667207,18959.442410787105,47.3875171851677,47.351004323373644
932,2018-07-21 00:00:00+00:00,2019-07-20 00:00:00+00:00,365,18956.17474935168,18947.27305580853,47.33717148058021,47.299488345466266
933,2018-07-22 00:00:00+00:00,2019-07-21 00:00:00+00:00,365,18945.35618473895,18936.17411264644,47.29137374219882,47.252503693301854
934,2018-07-23 00:00:00+00:00,2019-07-22 00:00:00+00:00,365,18935.34696739291,18925.69964017383,47.249002176854844,47.20816258455447
935,2018-07-24 00:00:00+00:00,2019-07-23 00:00:00+00:00,365,18928.01892533496,18917.960836969207,47.21798070912493,47.175402260312076
936,2018-07-25 00:00:00+00:00,2019-07-24 00:00:00+00:00,365,18923.887198018507,18913.312771786565,47.200490055468386,47.15572581700982
937,2018-07-26 00:00:00+00:00,2019-07-25 00:00:00+00:00,365,18918.71341315535,18907.594425914514,47.178588106911775,47.13151860305887
938,2018-07-27 00:00:00+00:00,2019-07-26 00:00:00+00:00,365,18912.71583095939,18900.827490369724,47.153198814508954,47.10287244205528
939,2018-07-28 00:00:00+00:00,2019-07-27 00:00:00+00:00,365,18908.903244730634,18896.311021178903,47.137059166329045,47.08375307809036
940,2018-07-29 00:00:00+00:00,2019-07-28 00:00:00+00:00,365,18905.04833105707,18891.609477474078,47.12074033529882,47.06385024658822
941,2018-07-30 00:00:00+00:00,2019-07-29 00:00:00+00:00,365,18901.41509008564,18887.144982513626,47.10535990125397,47.04495090277294
942,2018-07-31 00:00:00+00:00,2019-07-30 00:00:00+00:00,365,18897.468034034653,18882.189778497916,47.08865100808092,47.023974262593626
943,2018-08-01 00:00:00+00:00,2019-07-31 00:00:00+00:00,365,18890.331914097085,18873.96123382794,47.058441995549416,46.98914073804161
944,2018-08-02 00:00:00+00:00,2019-08-01 00:00:00+00:00,365,18881.836407210518,18864.23927988758,47.022478351966754,46.947985231830316
945,2018-08-03 00:00:00+00:00,2019-08-02 00:00:00+00:00,365,18872.704226732458,18853.935417935936,46.98381950697602,46.90436636085514
946,2018-08-04 00:00:00+00:00,2019-08-03 00:00:00+00:00,365,18862.600232025456,18842.312141378196,46.94104672493303,46.85516207193316
947,2018-08-05 00:00:00+00:00,2019-08-04 00:00:00+00:00,365,18849.840399661218,18828.122728158938,46.88703110591828,46.7950946731919
948,2018-08-06 00:00:00+00:00,2019-08-05 00:00:00+00:00,365,18835.576196801263,18812.397270366047,46.82664710358672,46.728524806697884
949,2018-08-07 00:00:00+00:00,2019-08-06 00:00:00+00:00,365,18821.40262494773,18796.846183909183,46.76664676537974,46.66269309846371
950,2018-08-08 00:00:00+00:00,2019-08-07 00:00:00+00:00,365,18805.19366959734,18778.985573958013,46.69803013062774,46.587084589280046
951,2018-08-09 00:00:00+00:00,2019-08-08 00:00:00+00:00,365,18785.890942136324,18758.220750339173,46.61631677086589,46.49918180423662
952,2018-08-10 00:00:00+00:00,2019-08-09 00:00:00+00:00,365,18768.636542145112,18739.548302886964,46.543274502782054,46.42013658021955
953,2018-08-11 00:00:00+00:00,2019-08-10 00:00:00+00:00,365,18749.586352813414,18719.133825508896,46.462630201217095,46.333716900010465
954,2018-08-12 00:00:00+00:00,2019-08-11 00:00:00+00:00,365,18731.155949016706,18699.502128156648,46.384609609617385,46.25061092694423
955,2018-08-13 00:00:00+00:00,2019-08-12 00:00:00+00:00,365,18712.782609597358,18680.180581348257,46.30683058605546,46.1688179000936
956,2018-08-14 00:00:00+00:00,2019-08-13 00:00:00+00:00,365,18695.263648421693,18661.66713948675,46.23266836312131,46.09044578722434
957,2018-08-15 00:00:00+00:00,2019-08-14 00:00:00+00:00,365,18679.147631275606,18644.700246761437,46.164445159449926,46.01862061059558
958,2018-08-16 00:00:00+00:00,2019-08-15 00:00:00+00:00,365,18662.96056035294,18627.579214736113,46.09592116705219,45.94614292306646
959,2018-08-17 00:00:00+00:00,2019-08-16 00:00:00+00:00,365,18646.685552215084,18610.43882799746,46.02702491403397,45.87358330210816
960,2018-08-18 00:00:00+00:00,2019-08-17 00:00:00+00:00,365,18632.522959621157,18595.535529682456,45.9670710538282,45.810493846003496
961,2018-08-19 00:00:00+00:00,2019-08-18 00:00:00+00:00,365,18616.97448273824,18579.241214131867,45.90125039258493,45.74151585979158
962,2018-08-20 00:00:00+00:00,2019-08-19 00:00:00+00:00,365,18600.751128338637,18562.201889551732,45.832572802991656,45.66938406068042
963,2018-08-21 00:00:00+00:00,2019-08-20 00:00:00+00:00,365,18583.323355179404,18543.96187533014,45.75879660214727,45.59216943662482
964,2018-08-22 00:00:00+00:00,2019-08-21 00:00:00+00:00,365,18568.910996858074,18528.77144409946,45.697785420027756,45.52786447378488
965,2018-08-23 00:00:00+00:00,2019-08-22 00:00:00+00:00,365,18553.77266998177,18512.80105192664,45.633701028185506,45.46025773770102
966,2018-08-24 00:00:00+00:00,2019-08-23 00:00:00+00:00,365,18538.998341817678,18497.065298614012,45.571157535565085,45.39364428765075
967,2018-08-25 00:00:00+00:00,2019-08-24 00:00:00+00:00,365,18525.930635037043,18483.160141030574,45.51583860576178,45.33478021538659
968,2018-08-26 00:00:00+00:00,2019-08-25 00:00:00+00:00,365,18513.380750244778,18469.669204648755,45.46271174827124,45.27766964692842
969,2018-08-27 00:00:00+00:00,2019-08-26 00:00:00+00:00,365,18499.867805426034,18455.15433414102,45.405508012496284,45.21622450462455
970,2018-08-28 00:00:00+00:00,2019-08-27 00:00:00+00:00,365,18487.823907597744,18442.0389383492,45.35452312664709,45.1607036950954
971,2018-08-29 00:00:00+00:00,2019-08-28 00:00:00+00:00,365,18478.27148417928,18431.585592891526,45.31408528629697,45.11645202238112
972,2018-08-30 00:00:00+00:00,2019-08-29 00:00:00+00:00,365,18469.20748695293,18421.525684842538,45.27571507836999,45.07386587038585
973,2018-08-31 00:00:00+00:00,2019-08-30 00:00:00+00:00,365,18459.516512592738,18410.806474493438,45.23469071660885,45.02848872389772
974,2018-09-01 00:00:00+00:00,2019-08-31 00:00:00+00:00,365,18450.212095450755,18400.331481188892,45.195302749968775,44.98414541033616
975,2018-09-02 00:00:00+00:00,2019-09-01 00:00:00+00:00,365,18441.30623954883,18390.30179134847,45.15760199453041,44.94168717971122
976,2018-09-03 00:00:00+00:00,2019-09-02 00:00:00+00:00,365,18431.480052594277,18379.10367676093,45.1160052434326,44.89428270965412
977,2018-09-04 00:00:00+00:00,2019-09-03 00:00:00+00:00,365,18420.99180638529,18367.154006455137,45.071605826952386,44.843696712897724
978,2018-09-05 00:00:00+00:00,2019-09-04 00:00:00+00:00,365,18411.256777702925,18355.82554139116,45.0303949720294,44.79574043608701
979,2018-09-06 00:00:00+00:00,2019-09-05 00:00:00+00:00,365,18398.483836631764,18341.376326025667,44.9763238605208,44.734573228715846
980,2018-09-07 00:00:00+00:00,2019-09-06 00:00:00+00:00,365,18384.571704596972,18325.669082135664,44.91743026362838,44.66808046630996
981,2018-09-08 00:00:00+00:00,2019-09-07 00:00:00+00:00,365,18369.83379554761,18309.02495324926,44.85504094239282,44.597621631186065
982,2018-09-09 00:00:00+00:00,2019-09-08 00:00:00+00:00,365,18353.909056439297,18291.073759783503,44.78762746735417,44.52162965892285
983,2018-09-10 00:00:00+00:00,2019-09-09 00:00:00+00:00,365,18338.613978217927,18273.748563845496,44.72287950715981,44.448287693571785
984,2018-09-11 00:00:00+00:00,2019-09-10 00:00:00+00:00,365,18324.315461405036,18257.39277653688,44.66235024512924,44.379049481757605
985,2018-09-12 00:00:00+00:00,2019-09-11 00:00:00+00:00,365,18309.804168005256,18240.76889122773,44.60092024563404,44.308676342850184
986,2018-09-13 00:00:00+00:00,2019-09-12 00:00:00+00:00,365,18294.946950387017,18223.80543898704,44.53802586085081,44.23686573066878
987,2018-09-14 00:00:00+00:00,2019-09-13 00:00:00+00:00,365,18281.160297055267,18208.079505370246,44.479663447254886,44.17029384989103
988,2018-09-15 00:00:00+00:00,2019-09-14 00:00:00+00:00,365,18267.21847522963,18192.331869507274,44.42064416591889,44.10363009797989
989,2018-09-16 00:00:00+00:00,2019-09-15 00:00:00+00:00,365,18253.494592611583,18176.921720041726,44.36254747673532,44.038395011912115
990,2018-09-17 00:00:00+00:00,2019-09-16 00:00:00+00:00,365,18239.667686232293,18161.463903234206,44.30401466174085,43.97295813784981
991,2018-09-18 00:00:00+00:00,2019-09-17 00:00:00+00:00,365,18224.22404914729,18144.560107189183,44.23863781405408,43.90140006553296
992,2018-09-19 00:00:00+00:00,2019-09-18 00:00:00+00:00,365,18209.1432546633,18128.311440698562,44.17479697147607,43.83261532341401
993,2018-09-20 00:00:00+00:00,2019-09-19 00:00:00+00:00,365,18193.920173082603,18112.076766908685,44.11035379139182,43.763889815959814
994,2018-09-21 00:00:00+00:00,2019-09-20 00:00:00+00:00,365,18179.518797728688,18096.857062400908,44.0493891029696,43.69946093188503
995,2018-09-22 00:00:00+00:00,2019-09-21 00:00:00+00:00,365,18166.97219869592,18083.649754419035,43.99627615493556,43.64355103465481
996,2018-09-23 00:00:00+00:00,2019-09-22 00:00:00+00:00,365,18153.90421348111,18070.060774262565,43.9409560464495,43.586025421936874
997,2018-09-24 00:00:00+00:00,2019-09-23 00:00:00+00:00,365,18141.745027423658,18057.454227645496,43.88948311617421,43.532658700516
998,2018-09-25 00:00:00+00:00,2019-09-24 00:00:00+00:00,365,18132.15880522429,18047.601896716274,43.84890219697945,43.490951275317244
999,2018-09-26 00:00:00+00:00,2019-09-25 00:00:00+00:00,365,18122.68236714007,18037.42564112089,43.80878602189484,43.44787259453634
1000,2018-09-27 00:00:00+00:00,2019-09-26 00:00:00+00:00,365,18114.033182850973,18028.8948423015,43.772171822741434,43.4117595512168
1001,2018-09-28 00:00:00+00:00,2019-09-27 00:00:00+00:00,365,18107.98604104855,18021.33333198066,43.74657273190671,43.379749752889715
1002,2018-09-29 00:00:00+00:00,2019-09-28 00:00:00+00:00,365,18101.64713635368,18013.370508095555,43.71973853446628,43.34604109207182
1003,2018-09-30 00:00:00+00:00,2019-09-29 00:00:00+00:00,365,18095.659996883056,18005.73442157179,43.69439344877849,43.313715593690866
1004,2018-10-01 00:00:00+00:00,2019-09-30 00:00:00+00:00,365,18089.049128533,17997.330639270484,43.66640795994447,43.27814024363043
1005,2018-10-02 00:00:00+00:00,2019-10-01 00:00:00+00:00,365,18082.057843613744,17988.52904587325,43.63681207092006,43.24088085791936
1006,2018-10-03 00:00:00+00:00,2019-10-02 00:00:00+00:00,365,18074.531520374927,17979.19781511816,43.604951228469716,43.20137938242833
1007,2018-10-04 00:00:00+00:00,2019-10-03 00:00:00+00:00,365,18067.095310436885,17970.007775037935,43.57347185856414,43.16247560301073
1008,2018-10-05 00:00:00+00:00,2019-10-04 00:00:00+00:00,365,18060.499434803394,17961.701463613288,43.54554983771644,43.12731287198701
1009,2018-10-06 00:00:00+00:00,2019-10-05 00:00:00+00:00,365,18054.24069122337,17953.747664289425,43.51905498268393,43.09364241443447
1010,2018-10-07 00:00:00+00:00,2019-10-06 00:00:00+00:00,365,18048.821470481333,17946.8033256591,43.496114041564745,43.06424526100349
1011,2018-10-08 00:00:00+00:00,2019-10-07 00:00:00+00:00,365,18042.103642251917,17938.373867640184,43.46767576432972,43.02856121909345
1012,2018-10-09 00:00:00+00:00,2019-10-08 00:00:00+00:00,365,18035.67112859177,17930.343932607524,43.44044529630668,42.99456845970163
1013,2018-10-10 00:00:00+00:00,2019-10-09 00:00:00+00:00,365,18027.5849421782,17920.636104858102,43.40621441049804,42.95347275325307
1014,2018-10-11 00:00:00+00:00,2019-10-10 00:00:00+00:00,365,18019.044855110275,17910.612996200987,43.37006204765769,42.91104238245262
1015,2018-10-12 00:00:00+00:00,2019-10-11 00:00:00+00:00,365,18008.88452714641,17899.180667223285,43.327050792596125,42.862646423251654
1016,2018-10-13 00:00:00+00:00,2019-10-12 00:00:00+00:00,365,17998.750651693947,17887.846702769933,43.28415151775006,42.814666866125584
1017,2018-10-14 00:00:00+00:00,2019-10-13 00:00:00+00:00,365,17988.732100208188,17876.68465227274,43.24174043861621,42.76741506454474
1018,2018-10-15 00:00:00+00:00,2019-10-14 00:00:00+00:00,365,17978.297933284626,17865.198527704255,43.197569953519626,42.71879137491179
1019,2018-10-16 00:00:00+00:00,2019-10-15 00:00:00+00:00,365,17970.431282625563,17856.246270369986,43.16426841845299,42.680894190396636
1020,2018-10-17 00:00:00+00:00,2019-10-16 00:00:00+00:00,365,17963.26916387802,17848.078441378995,43.13394934633963,42.6463176907718
1021,2018-10-18 00:00:00+00:00,2019-10-17 00:00:00+00:00,365,17955.727572171796,17839.493190755587,43.102023868579444,42.60997413910259
1022,2018-10-19 00:00:00+00:00,2019-10-18 00:00:00+00:00,365,17948.25159225212,17831.08297019908,43.07037614221628,42.57437153426873
1023,2018-10-20 00:00:00+00:00,2019-10-19 00:00:00+00:00,365,17940.762891086204,17822.629826640346,43.03867456357901,42.53858722543836
1024,2018-10-21 00:00:00+00:00,2019-10-20 00:00:00+00:00,365,17932.333757426284,17813.232265321796,43.00299189476317,42.49880495578463
1025,2018-10-22 00:00:00+00:00,2019-10-21 00:00:00+00:00,365,17923.986606619685,17803.8902834522,42.967656280238046,42.459257968088686
1026,2018-10-23 00:00:00+00:00,2019-10-22 00:00:00+00:00,365,17916.350348887237,17795.25773926227,42.93533005708715,42.422714210711575
1027,2018-10-24 00:00:00+00:00,2019-10-23 00:00:00+00:00,365,17911.037564403152,17789.157887598387,42.912839687746235,42.39689198561352
1028,2018-10-25 00:00:00+00:00,2019-10-24 00:00:00+00:00,365,17905.912917419224,17783.195081042126,42.891145752342766,42.37164990734732
1029,2018-10-26 00:00:00+00:00,2019-10-25 00:00:00+00:00,365,17895.863351665335,17772.05118987399,42.848603381915765,42.32447497882969
1030,2018-10-27 00:00:00+00:00,2019-10-26 00:00:00+00:00,365,17883.85647020953,17758.89022516166,42.79777519579556,42.26876126445831
1031,2018-10-28 00:00:00+00:00,2019-10-27 00:00:00+00:00,365,17871.053202888797,17744.808574652187,42.74357570555156,42.20915005270365
1032,2018-10-29 00:00:00+00:00,2019-10-28 00:00:00+00:00,365,17859.34769824952,17731.443472396684,42.69402332422539,42.15257217213919
1033,2018-10-30 00:00:00+00:00,2019-10-29 00:00:00+00:00,365,17845.72384094232,17716.74871595325,42.63635006764879,42.09036552687104
1034,2018-10-31 00:00:00+00:00,2019-10-30 00:00:00+00:00,365,17832.69266710362,17702.903258843508,42.58118579108988,42.03175418191161
1035,2018-11-01 00:00:00+00:00,2019-10-31 00:00:00+00:00,365,17820.126905058038,17689.384206567644,42.527991721143756,41.97452459171572
1036,2018-11-02 00:00:00+00:00,2019-11-01 00:00:00+00:00,365,17807.262601220173,17675.805384849853,42.473533847782996,41.91704198225503
1037,2018-11-03 00:00:00+00:00,2019-11-02 00:00:00+00:00,365,17794.21949846885,17662.106461012252,42.41831907309989,41.859050949943516
1038,2018-11-04 00:00:00+00:00,2019-11-03 00:00:00+00:00,365,17781.357307831706,17648.5899500151,42.36387014545579,41.80183211762741
1039,2018-11-05 00:00:00+00:00,2019-11-04 00:00:00+00:00,365,17768.506797380083,17635.007099077873,42.309470663010764,41.74433245145502
1040,2018-11-06 00:00:00+00:00,2019-11-05 00:00:00+00:00,365,17755.85703481762,17621.580798975476,42.255920997490385,41.68749550482386
1041,2018-11-07 00:00:00+00:00,2019-11-06 00:00:00+00:00,365,17743.429518603694,17608.332463389073,42.203312157346645,41.63141192729816
1042,2018-11-08 00:00:00+00:00,2019-11-07 00:00:00+00:00,365,17731.87181565231,17595.933351979696,42.15438545819522,41.57892333192385
1043,2018-11-09 00:00:00+00:00,2019-11-08 00:00:00+00:00,365,17720.975429477596,17584.334194073548,42.10825828132881,41.52982114339461
1044,2018-11-10 00:00:00+00:00,2019-11-09 00:00:00+00:00,365,17709.644959187317,17572.157150226703,42.06029351588463,41.47827261655027
1045,2018-11-11 00:00:00+00:00,2019-11-10 00:00:00+00:00,365,17697.701761465207,17559.330013430375,42.009734919222865,41.42397208073897
1046,2018-11-12 00:00:00+00:00,2019-11-11 00:00:00+00:00,365,17686.614322440153,17547.52875773383,41.96279896699945,41.374014360809454
1047,2018-11-13 00:00:00+00:00,2019-11-12 00:00:00+00:00,365,17675.08758331374,17535.355525932686,41.91400334560244,41.3224819713251
1048,2018-11-14 00:00:00+00:00,2019-11-13 00:00:00+00:00,365,17663.219439098313,17522.89676505136,41.863762469542856,41.269740864549455
1049,2018-11-15 00:00:00+00:00,2019-11-14 00:00:00+00:00,365,17644.707756410666,17505.437013349292,41.78539780370443,41.195829290391615
1050,2018-11-16 00:00:00+00:00,2019-11-15 00:00:00+00:00,365,17628.140634276646,17488.332606445514,41.71526495776907,41.1234219812347
1051,2018-11-17 00:00:00+00:00,2019-11-16 00:00:00+00:00,365,17611.20245053924,17470.80019134149,41.643561313595356,41.049202804396465
1052,2018-11-18 00:00:00+00:00,2019-11-17 00:00:00+00:00,365,17594.275185212417,17453.20939353228,41.57190388983343,40.974736478703136
1053,2018-11-19 00:00:00+00:00,2019-11-18 00:00:00+00:00,365,17578.911767801692,17437.371256045335,41.50686663245157,40.90768961037625
1054,2018-11-20 00:00:00+00:00,2019-11-19 00:00:00+00:00,365,17559.6100360888,17413.954412978725,41.42515748794506,40.80856015181383
1055,2018-11-21 00:00:00+00:00,2019-11-20 00:00:00+00:00,365,17532.535602786855,17384.420522162916,41.310544518704404,40.68353567274613
1056,2018-11-22 00:00:00+00:00,2019-11-21 00:00:00+00:00,365,17508.26624939042,17360.188674480774,41.20780616686914,40.580956092148305
1057,2018-11-23 00:00:00+00:00,2019-11-22 00:00:00+00:00,365,17481.93368283988,17334.17404528348,41.09633370846435,40.470829543505744
1058,2018-11-24 00:00:00+00:00,2019-11-23 00:00:00+00:00,365,17455.460664859835,17307.712612259544,40.98426668339993,40.35881156051004
1059,2018-11-25 00:00:00+00:00,2019-11-24 00:00:00+00:00,365,17424.51681683622,17275.192311308158,40.85327349650051,40.22114484700694
1060,2018-11-26 00:00:00+00:00,2019-11-25 00:00:00+00:00,365,17392.521525706758,17244.153465109048,40.71782928323961,40.08974950864438
1061,2018-11-27 00:00:00+00:00,2019-11-26 00:00:00+00:00,365,17355.71318258631,17208.34783057184,40.56201019551157,39.938175141635945
1062,2018-11-28 00:00:00+00:00,2019-11-27 00:00:00+00:00,365,17318.564867410125,17172.20151089948,40.40475191951567,39.78515856771292
1063,2018-11-29 00:00:00+00:00,2019-11-28 00:00:00+00:00,365,17289.529076321855,17143.943722475316,40.281836023409404,39.665536154961096
1064,2018-11-30 00:00:00+00:00,2019-11-29 00:00:00+00:00,365,17259.806258416444,17114.67452580954,40.15601176787113,39.541632193620856
1065,2018-12-01 00:00:00+00:00,2019-11-30 00:00:00+00:00,365,17226.300444415596,17081.97971933632,40.01417312672084,39.403226753815225
1066,2018-12-02 00:00:00+00:00,2019-12-01 00:00:00+00:00,365,17196.70474547825,17052.86641237293,39.88888699813851,39.27998271327426
1067,2018-12-03 00:00:00+00:00,2019-12-02 00:00:00+00:00,365,17166.656826773407,17023.45997605291,39.7616865081465,39.15549778153679
1068,2018-12-04 00:00:00+00:00,2019-12-03 00:00:00+00:00,365,17136.45530434708,16989.684135558586,39.63383577449437,39.012516049491644
1069,2018-12-05 00:00:00+00:00,2019-12-04 00:00:00+00:00,365,17102.530775570354,16957.280094405778,39.490224607094206,38.87534149331534
1070,2018-12-06 00:00:00+00:00,2019-12-05 00:00:00+00:00,365,17063.3080285923,16920.42638231172,39.32418473313657,38.7193303471712
1071,2018-12-07 00:00:00+00:00,2019-12-06 00:00:00+00:00,365,17019.128407638604,16878.779091944216,39.13716114963407,38.54302676376419
1072,2018-12-08 00:00:00+00:00,2019-12-07 00:00:00+00:00,365,16971.591287771385,16834.024815417564,38.93592441842098,38.35357051691569
1073,2018-12-09 00:00:00+00:00,2019-12-08 00:00:00+00:00,365,16924.421736586926,16790.021907218623,38.736243699023944,38.16729500349463
1074,2018-12-10 00:00:00+00:00,2019-12-09 00:00:00+00:00,365,16881.763993032575,16749.9629366863,38.555662610018516,37.99771518233165
1075,2018-12-11 00:00:00+00:00,2019-12-10 00:00:00+00:00,365,16836.505366351448,16707.586520633235,38.364071320560015,37.81832502426434
1076,2018-12-12 00:00:00+00:00,2019-12-11 00:00:00+00:00,365,16790.039243368163,16663.915501518408,38.16736839182936,37.63345448183435
1077,2018-12-13 00:00:00+00:00,2019-12-12 00:00:00+00:00,365,16745.38887978306,16621.966645433866,37.97835203491838,37.45587429396935
1078,2018-12-14 00:00:00+00:00,2019-12-13 00:00:00+00:00,365,16696.624685076607,16575.750681242593,37.771920783501066,37.260230351095004
1079,2018-12-15 00:00:00+00:00,2019-12-14 00:00:00+00:00,365,16646.98448073325,16528.851434963864,37.56178116026116,37.061693901182785
1080,2018-12-16 00:00:00+00:00,2019-12-15 00:00:00+00:00,365,16596.82604364526,16481.360225303597,37.51078168025728,37.01987407927906
1081,2018-12-17 00:00:00+00:00,2019-12-16 00:00:00+00:00,365,16548.271378440182,16435.428663835482,39.887000932623884,39.374031182748325
1082,2018-12-18 00:00:00+00:00,2019-12-17 00:00:00+00:00,365,16509.44650042824,16398.586617485107,39.710507589367275,39.206551559739786
1083,2018-12-19 00:00:00+00:00,2019-12-18 00:00:00+00:00,365,16470.571834647017,16361.330750857906,39.533787916749084,39.037190758272885
1084,2018-12-20 00:00:00+00:00,2019-12-19 00:00:00+00:00,365,16433.38294519987,16325.576946567742,39.364731585689704,38.87465815607455
1085,2018-12-21 00:00:00+00:00,2019-12-20 00:00:00+00:00,365,16403.268996286322,16296.359707824997,39.227837104764966,38.741840014447746
1086,2018-12-22 00:00:00+00:00,2019-12-21 00:00:00+00:00,365,16369.136790225019,16263.365584659849,39.072676097983944,38.59185259907336
1087,2018-12-23 00:00:00+00:00,2019-12-22 00:00:00+00:00,365,16335.816032720872,16230.897169343163,38.921203841202086,38.44425498993925
1088,2018-12-24 00:00:00+00:00,2019-12-23 00:00:00+00:00,365,16302.767726147234,16198.827025054476,38.77097011440566,38.298467874201464
1089,2018-12-25 00:00:00+00:00,2019-12-24 00:00:00+00:00,365,16271.839441039265,16168.877172098322,38.63037375662135,38.162319354258926
1090,2018-12-26 00:00:00+00:00,2019-12-25 00:00:00+00:00,365,16236.038625381312,16134.141253659194,38.467627446257104,38.00441394179312
1091,2018-12-27 00:00:00+00:00,2019-12-26 00:00:00+00:00,365,16201.42695145452,16100.268294486654,38.3102868347768,37.85043144097194
1092,2018-12-28 00:00:00+00:00,2019-12-27 00:00:00+00:00,365,16161.723671100486,16061.71260450193,38.129800377464996,37.675161794924975
1093,2018-12-29 00:00:00+00:00,2019-12-28 00:00:00+00:00,365,16127.488032563666,16028.61667165779,37.974169178777665,37.524711564686996
1094,2018-12-30 00:00:00+00:00,2019-12-29 00:00:00+00:00,365,16091.9042518563,15994.020475429106,37.81240948385162,37.36744131300754
1095,2018-12-31 00:00:00+00:00,2019-12-30 00:00:00+00:00,365,16057.112747784564,15960.298299985676,37.65425138561733,37.21414425733962
1096,2019-01-01 00:00:00+00:00,2019-12-31 00:00:00+00:00,365,16019.923380337832,15924.219449014417,37.48519288162787,37.0501340310405
1097,2019-01-02 00:00:00+00:00,2020-01-01 00:00:00+00:00,365,15985.144444846459,15890.482683962724,37.327091918686264,36.89677065272404
1098,2019-01-03 00:00:00+00:00,2020-01-02 00:00:00+00:00,365,15953.439542967466,15859.639349327714,37.18296515211858,36.756560469829424
1099,2019-01-04 00:00:00+00:00,2020-01-03 00:00:00+00:00,365,15917.547631109757,15824.695827304971,37.01980472911119,36.597711315813854
1100,2019-01-05 00:00:00+00:00,2020-01-04 00:00:00+00:00,365,15882.411546204465,15790.426131137905,36.86008020680939,36.44192529513265
1101,2019-01-06 00:00:00+00:00,2020-01-05 00:00:00+00:00,365,15846.686313077053,15755.599634245813,36.69767748576699,36.28360812363991
1102,2019-01-07 00:00:00+00:00,2020-01-06 00:00:00+00:00,365,15813.702669046414,15723.164484835735,36.5477377073094,36.13616173741684
1103,2019-01-08 00:00:00+00:00,2020-01-07 00:00:00+00:00,365,15778.565242085097,15688.362521938332,36.38800708417827,35.97795609458737
1104,2019-01-09 00:00:00+00:00,2020-01-08 00:00:00+00:00,365,15743.457374581063,15653.735721034414,36.228410834874126,35.820546717642685
1105,2019-01-10 00:00:00+00:00,2020-01-09 00:00:00+00:00,365,15709.09151834483,15620.36311662307,36.072187681793174,35.6688387708997
1106,2019-01-11 00:00:00+00:00,2020-01-10 00:00:00+00:00,365,15666.074126401034,15578.544675862666,35.87663566177124,35.478737042381404
1107,2019-01-12 00:00:00+00:00,2020-01-11 00:00:00+00:00,365,15623.230868959494,15537.0586504842,35.68187523677943,35.29014643521396
1108,2019-01-13 00:00:00+00:00,2020-01-12 00:00:00+00:00,365,15579.701560749425,15494.86966356463,35.48399610543279,35.09836024730234
1109,2019-01-14 00:00:00+00:00,2020-01-13 00:00:00+00:00,365,15533.792882913698,15450.517674459306,35.275300638747076,34.89674130506454
1110,2019-01-15 00:00:00+00:00,2020-01-14 00:00:00+00:00,365,15488.782684498034,15406.830434095917,35.07068955415898,34.698144232666316
1111,2019-01-16 00:00:00+00:00,2020-01-15 00:00:00+00:00,365,15441.927167333375,15361.422205252878,34.8576898669001,34.49172374842413
1112,2019-01-17 00:00:00+00:00,2020-01-16 00:00:00+00:00,365,15395.985379028598,15316.889721681207,34.64884388390426,34.28928429950515
1113,2019-01-18 00:00:00+00:00,2020-01-17 00:00:00+00:00,365,15350.052081257774,15272.365312619433,34.440036497880264,34.086881556361426
1114,2019-01-19 00:00:00+00:00,2020-01-18 00:00:00+00:00,365,15303.382292424558,15227.146845486455,34.22788110983962,33.881323706603766
1115,2019-01-20 00:00:00+00:00,2020-01-19 00:00:00+00:00,365,15259.199821944921,15184.38214177133,34.027032779398276,33.686920377641876
1116,2019-01-21 00:00:00+00:00,2020-01-20 00:00:00+00:00,365,15211.881118223142,15138.675395914748,33.81192750035897,33.479142870057
1117,2019-01-22 00:00:00+00:00,2020-01-21 00:00:00+00:00,365,15164.149559437386,15092.565971611983,33.59494543060575,33.269534833469486
1118,2019-01-23 00:00:00+00:00,2020-01-22 00:00:00+00:00,365,15117.650803229817,15047.660552507572,33.383567536827854,33.065400063345066
1119,2019-01-24 00:00:00+00:00,2020-01-23 00:00:00+00:00,365,15071.589404125125,15003.273153665983,33.17417781715988,32.86362015259797
1120,2019-01-25 00:00:00+00:00,2020-01-24 00:00:00+00:00,365,15025.582420475985,14959.003477915816,32.965035463772665,32.66237539722154
1121,2019-01-26 00:00:00+00:00,2020-01-25 00:00:00+00:00,365,14979.737077423406,14914.905701262167,32.7566279095852,32.46191207498285
1122,2019-01-27 00:00:00+00:00,2020-01-26 00:00:00+00:00,365,14932.867481547919,14869.837412582989,32.543564222157606,32.257036918867854
1123,2019-01-28 00:00:00+00:00,2020-01-27 00:00:00+00:00,365,14884.298142332944,14823.168488836638,32.32277370080223,32.04488546341067
1124,2019-01-29 00:00:00+00:00,2020-01-28 00:00:00+00:00,365,14831.78560174254,14772.878275680587,32.084057848331355,31.816272050890255
1125,2019-01-30 00:00:00+00:00,2020-01-29 00:00:00+00:00,365,14778.213501854098,14721.620621871067,31.840525363524065,31.583260766590804
1126,2019-01-31 00:00:00+00:00,2020-01-30 00:00:00+00:00,365,14724.973285460443,14670.740843790834,31.598501582171,31.351967261051072
1127,2019-02-01 00:00:00+00:00,2020-01-31 00:00:00+00:00,365,14671.34909433865,14619.679143641937,31.354732296724553,31.119846759117404
1128,2019-02-02 00:00:00+00:00,2020-02-01 00:00:00+00:00,365,14618.367899549092,14569.354984265043,31.113885997213643,30.8910790310572
1129,2019-02-03 00:00:00+00:00,2020-02-02 00:00:00+00:00,365,14565.838887378699,14519.551592153006,30.875095266871412,30.6646786499235
1130,2019-02-04 00:00:00+00:00,2020-02-03 00:00:00+00:00,365,14512.075227347797,14468.802356646122,30.630691972116775,30.433978575616194
1131,2019-02-05 00:00:00+00:00,2020-02-04 00:00:00+00:00,365,14458.519857780035,14418.395534214083,30.387235541385678,30.204835070999486
1132,2019-02-06 00:00:00+00:00,2020-02-05 00:00:00+00:00,365,14403.645046475007,14366.893147022081,30.13778108322045,29.970711257438065
1133,2019-02-07 00:00:00+00:00,2020-02-06 00:00:00+00:00,365,14346.971811684201,14313.666120261532,29.880151202752586,29.728747434610632
1134,2019-02-08 00:00:00+00:00,2020-02-07 00:00:00+00:00,365,14289.631195386606,14260.054901851458,32.09562182683926,31.949931662711755
1135,2019-02-09 00:00:00+00:00,2020-02-08 00:00:00+00:00,365,14238.113605776934,14211.856774309083,31.841850809968374,31.712512017686183
1136,2019-02-10 00:00:00+00:00,2020-02-09 00:00:00+00:00,365,14185.90240685501,14163.18973244341,31.584663135955427,31.472782542842292
1137,2019-02-11 00:00:00+00:00,2020-02-10 00:00:00+00:00,365,14134.79999974079,14115.715803510891,31.33293727074742,31.238930235089917
1138,2019-02-12 00:00:00+00:00,2020-02-11 00:00:00+00:00,365,14079.38282267055,14066.084670401331,31.059957236476006,30.99445173341516
1139,2019-02-13 00:00:00+00:00,2020-02-12 00:00:00+00:00,365,14026.341182459382,14016.169453906772,30.798678883298535,30.748573862514604
1140,2019-02-14 00:00:00+00:00,2020-02-13 00:00:00+00:00,365,13973.040162020527,13966.323927208705,30.536122846428267,30.503039277289005
1141,2019-02-15 00:00:00+00:00,2020-02-14 00:00:00+00:00,365,13919.15274950612,13915.847844533166,30.30701285737506,30.290713651627645
1142,2019-02-16 00:00:00+00:00,2020-02-15 00:00:00+00:00,365,13866.226170378588,13866.63859923715,30.276505082834966,30.27855471420205
1143,2019-02-17 00:00:00+00:00,2020-02-16 00:00:00+00:00,365,13807.595509775249,13817.740318168508,30.427851456691712,30.479012089066217
1144,2019-02-18 00:00:00+00:00,2020-02-17 00:00:00+00:00,365,13756.46527525024,13770.408837492472,31.051341076595378,31.123713122235525
1145,2019-02-19 00:00:00+00:00,2020-02-18 00:00:00+00:00,365,13712.730258456104,13726.416435628142,30.824340789544536,30.89537691515768
1146,2019-02-20 00:00:00+00:00,2020-02-19 00:00:00+00:00,365,13668.799997387687,13684.516915234668,30.5963271152915,30.677903507032994
1147,2019-02-21 00:00:00+00:00,2020-02-20 00:00:00+00:00,365,13628.524118556674,13643.329565263959,30.38728098415818,30.46412651661309
1148,2019-02-22 00:00:00+00:00,2020-02-21 00:00:00+00:00,365,13587.401335358802,13601.179882338523,30.173839118245876,30.245354676002783
1149,2019-02-23 00:00:00+00:00,2020-02-22 00:00:00+00:00,365,13547.505882206677,13560.106727395822,29.9667675316455,30.032170398380025
1150,2019-02-24 00:00:00+00:00,2020-02-23 00:00:00+00:00,365,13509.450890954964,13520.921044880406,29.76924859668046,29.82878277374157
1151,2019-02-25 00:00:00+00:00,2020-02-24 00:00:00+00:00,365,13466.094454934766,13476.33990942209,29.54421327844992,29.597390829987997
1152,2019-02-26 00:00:00+00:00,2020-02-25 00:00:00+00:00,365,13424.819865218404,13433.977010913724,29.329983482732175,29.37751232469395
1153,2019-02-27 00:00:00+00:00,2020-02-26 00:00:00+00:00,365,13385.155116725371,13392.943494917585,29.12410933533903,29.16453378729739
1154,2019-02-28 00:00:00+00:00,2020-02-27 00:00:00+00:00,365,13345.87014360854,13352.0413325784,28.92020635717666,28.952237022082933
1155,2019-03-01 00:00:00+00:00,2020-02-28 00:00:00+00:00,365,13306.4695145703,13311.118257522765,28.715703083660987,28.739831712434633
1156,2019-03-02 00:00:00+00:00,2020-02-29 00:00:00+00:00,365,13268.085988072686,13271.145138542146,28.51647893395972,28.532357012570458
1157,2019-03-03 00:00:00+00:00,2020-03-01 00:00:00+00:00,365,13229.967983146555,13231.304026413969,28.318632935620077,28.32556747520521
1158,2019-03-04 00:00:00+00:00,2020-03-02 00:00:00+00:00,365,13189.970513616145,13189.632102063944,28.111031847744698,28.109275371467294
1159,2019-03-05 00:00:00+00:00,2020-03-03 00:00:00+00:00,365,13148.892814191418,13146.792635077443,29.414776944425324,29.40328354040333
1160,2019-03-06 00:00:00+00:00,2020-03-04 00:00:00+00:00,365,13110.385427402995,13106.736360370514,29.204042083172084,29.184072261822774
1161,2019-03-07 00:00:00+00:00,2020-03-05 00:00:00+00:00,365,13071.10128355413,13065.842637544556,28.98905635461748,28.960277979099658
1162,2019-03-08 00:00:00+00:00,2020-03-06 00:00:00+00:00,365,13031.663385933025,13024.742138438,28.773229195818917,28.735352096067185
1163,2019-03-09 00:00:00+00:00,2020-03-07 00:00:00+00:00,365,12992.700885454347,12984.1701586227,28.690984512155215,28.644085298019718
1164,2019-03-10 00:00:00+00:00,2020-03-08 00:00:00+00:00,365,12958.051068851857,12947.89058854508,28.500490876540578,28.444631797820673
1165,2019-03-11 00:00:00+00:00,2020-03-09 00:00:00+00:00,365,12924.134092770197,12912.407548853502,28.31402616427467,28.249557367527117
1166,2019-03-12 00:00:00+00:00,2020-03-10 00:00:00+00:00,365,12889.335137603128,12875.911370089632,28.126762296246184,28.052952078537942
1167,2019-03-13 00:00:00+00:00,2020-03-11 00:00:00+00:00,365,12854.351906398277,12839.422280351206,27.934407958406826,27.85231781882946
1168,2019-03-14 00:00:00+00:00,2020-03-12 00:00:00+00:00,365,12840.094939654777,12823.540786894822,27.87486761715116,27.783783463634197
1169,2019-03-15 00:00:00+00:00,2020-03-13 00:00:00+00:00,365,12819.3748173817,12801.131870017512,28.25853540399584,28.156359713066387
1170,2019-03-16 00:00:00+00:00,2020-03-14 00:00:00+00:00,365,12804.48904111695,12784.165425305779,28.240762907154227,28.126668712454865
1171,2019-03-17 00:00:00+00:00,2020-03-15 00:00:00+00:00,365,12790.331375882452,12766.624647100582,28.161283574895577,28.028197014194273
1172,2019-03-18 00:00:00+00:00,2020-03-16 00:00:00+00:00,365,12777.713128945314,12752.217441268109,28.090446341197286,27.947316792751582
1173,2019-03-19 00:00:00+00:00,2020-03-17 00:00:00+00:00,365,12760.917219527479,12733.775712058256,27.99615624158726,27.843787270120806
1174,2019-03-20 00:00:00+00:00,2020-03-18 00:00:00+00:00,365,12744.89194661137,12716.023226349673,27.906192397299485,27.744127072858117
1175,2019-03-21 00:00:00+00:00,2020-03-19 00:00:00+00:00,365,12722.641604979824,12692.214832977053,27.781281808857777,27.610469780072584
1176,2019-03-22 00:00:00+00:00,2020-03-20 00:00:00+00:00,365,12699.785071138691,12667.687133198278,27.652968134438225,27.472774392593912
1177,2019-03-23 00:00:00+00:00,2020-03-21 00:00:00+00:00,365,12677.006393468895,12643.279032860284,27.525091534663943,27.335750421166853
1178,2019-03-24 00:00:00+00:00,2020-03-22 00:00:00+00:00,365,12657.022670835406,12621.46146367363,27.412905457041383,27.213269362197
1179,2019-03-25 00:00:00+00:00,2020-03-23 00:00:00+00:00,365,12631.92541519989,12594.700274568433,27.272012655410876,27.063035449662788
1180,2019-03-26 00:00:00+00:00,2020-03-24 00:00:00+00:00,365,12603.965656365033,12565.037396467693,27.210070779577826,26.99076664392262
1181,2019-03-27 00:00:00+00:00,2020-03-25 00:00:00+00:00,365,12576.532386631097,12536.059272726523,27.990506770573887,27.754620177107547
1182,2019-03-28 00:00:00+00:00,2020-03-26 00:00:00+00:00,365,12550.558359204839,12508.587215712776,27.83912417958701,27.59450672599616
1183,2019-03-29 00:00:00+00:00,2020-03-27 00:00:00+00:00,365,12525.89451975806,12482.49024313103,28.490294496081752,28.230063629014285
1184,2019-03-30 00:00:00+00:00,2020-03-28 00:00:00+00:00,365,12504.394527279881,12459.4589466825,28.386105308540195,28.116458722943804
1185,2019-03-31 00:00:00+00:00,2020-03-29 00:00:00+00:00,365,12485.296720548877,12438.90177143782,28.296099879342616,28.01745380342521
1186,2019-04-01 00:00:00+00:00,2020-03-30 00:00:00+00:00,365,12462.262448305743,12414.549227773132,28.60489883707479,28.31378468452217
1187,2019-04-02 00:00:00+00:00,2020-03-31 00:00:00+00:00,365,12439.636352178282,12390.939675070813,36.97424455300218,36.58833652004528
1188,2019-04-03 00:00:00+00:00,2020-04-01 00:00:00+00:00,365,12430.863217103408,12376.310926350801,36.99663518448668,36.56324627040551
1189,2019-04-04 00:00:00+00:00,2020-04-02 00:00:00+00:00,365,12414.805705918661,12361.410186074285,36.869066804878884,36.44486781996186
1190,2019-04-05 00:00:00+00:00,2020-04-03 00:00:00+00:00,365,12398.018647160547,12346.202807608483,37.32053831853928,36.90233555860703
1191,2019-04-06 00:00:00+00:00,2020-04-04 00:00:00+00:00,365,12382.313224053527,12331.707758594397,37.19378072190399,36.78534682397594
1192,2019-04-07 00:00:00+00:00,2020-04-05 00:00:00+00:00,365,12366.83024678701,12317.739664500261,37.06881847327885,36.67261111320372
1193,2019-04-08 00:00:00+00:00,2020-04-06 00:00:00+00:00,365,12350.436543002099,12302.481959981298,36.936505801562454,36.549467028398354
1194,2019-04-09 00:00:00+00:00,2020-04-07 00:00:00+00:00,365,12335.333797785785,12288.744259499208,36.81461238467262,36.438590811658486
1195,2019-04-10 00:00:00+00:00,2020-04-08 00:00:00+00:00,365,12317.881864314188,12273.175340407768,36.673758799995255,36.31293493134298
1196,2019-04-11 00:00:00+00:00,2020-04-09 00:00:00+00:00,365,12302.218107968882,12259.129320846645,36.54733749347698,36.19957028845956
1197,2019-04-12 00:00:00+00:00,2020-04-10 00:00:00+00:00,365,12286.015025711593,12244.823203846277,36.416563317510985,36.08410641360609
1198,2019-04-13 00:00:00+00:00,2020-04-11 00:00:00+00:00,365,12270.10895768111,12230.725139245496,36.2881863268548,35.97032171810143
1199,2019-04-14 00:00:00+00:00,2020-04-12 00:00:00+00:00,365,12253.592979306173,12215.996753969384,36.15488678372108,35.851449739473615
1200,2019-04-15 00:00:00+00:00,2020-04-13 00:00:00+00:00,365,12238.763433309836,12202.785274017113,36.03519834254512,35.744820619370714
1201,2019-04-16 00:00:00+00:00,2020-04-14 00:00:00+00:00,365,12222.562440235557,12188.304305868609,35.90444102825903,35.627945530622796
1202,2019-04-17 00:00:00+00:00,2020-04-15 00:00:00+00:00,365,12209.81736198613,12177.02900057142,35.801576210366676,35.536943168504834
1203,2019-04-18 00:00:00+00:00,2020-04-16 00:00:00+00:00,365,12194.353477313705,12163.044850782344,35.67676805700685,35.4240778731115
1204,2019-04-19 00:00:00+00:00,2020-04-17 00:00:00+00:00,365,12179.834906176873,12149.830449116522,35.55958947663096,35.31742517202099
1205,2019-04-20 00:00:00+00:00,2020-04-18 00:00:00+00:00,365,12164.473465460775,12135.762073551821,35.4356081427465,35.20388009507575
1206,2019-04-21 00:00:00+00:00,2020-04-19 00:00:00+00:00,365,12150.04662627856,12122.521595679944,35.31916992587579,35.09701693437607
1207,2019-04-22 00:00:00+00:00,2020-04-20 00:00:00+00:00,365,12137.132756053637,12110.76390523709,35.21494279733447,35.0021212685693
1208,2019-04-23 00:00:00+00:00,2020-04-21 00:00:00+00:00,365,12125.08949567122,12099.752677180475,35.11774231242389,34.913250259176635
1209,2019-04-24 00:00:00+00:00,2020-04-22 00:00:00+00:00,365,12113.319312345435,12088.80205318956,35.02274581725361,34.82486838182851
1210,2019-04-25 00:00:00+00:00,2020-04-23 00:00:00+00:00,365,12098.402814592237,12074.950051846952,34.902355593282756,34.71306964919882
1211,2019-04-26 00:00:00+00:00,2020-04-24 00:00:00+00:00,365,12080.310109896584,12058.018176203332,34.75633037968454,34.57641342233451
1212,2019-04-27 00:00:00+00:00,2020-04-25 00:00:00+00:00,365,12062.39925025516,12041.168105411976,34.611772827407954,34.44041743788427
1213,2019-04-28 00:00:00+00:00,2020-04-26 00:00:00+00:00,365,12044.14444835865,12023.950721068806,34.46443933631463,34.30145688618091
1214,2019-04-29 00:00:00+00:00,2020-04-27 00:00:00+00:00,365,12025.189200645471,12005.96475666892,34.311452585981556,34.156293167574795
1215,2019-04-30 00:00:00+00:00,2020-04-28 00:00:00+00:00,365,12006.334314646314,11988.014563865148,34.15927584946197,34.01141815953193
1216,2019-05-01 00:00:00+00:00,2020-04-29 00:00:00+00:00,365,11984.79551178047,11967.26282421249,33.98543736914397,33.84393202264482
1217,2019-05-02 00:00:00+00:00,2020-04-30 00:00:00+00:00,365,11964.169247987265,11947.381776108283,33.81896394094174,33.6834731888326
1218,2019-05-03 00:00:00+00:00,2020-05-01 00:00:00+00:00,365,11943.673884016524,11927.519479770006,33.653546997928245,33.523165699480565
1219,2019-05-04 00:00:00+00:00,2020-05-02 00:00:00+00:00,365,11925.228318225949,11909.619435656114,33.50467386205289,33.37869543872532
1220,2019-05-05 00:00:00+00:00,2020-05-03 00:00:00+00:00,365,11908.176993409405,11892.970455623174,33.36705356755559,33.244322446605096
1221,2019-05-06 00:00:00+00:00,2020-05-04 00:00:00+00:00,365,11890.762754273366,11875.98896178151,33.226504211764606,33.10726575402327
1222,2019-05-07 00:00:00+00:00,2020-05-05 00:00:00+00:00,365,11872.742985295321,11858.342638455577,33.081067658287786,32.964843259640126
1223,2019-05-08 00:00:00+00:00,2020-05-06 00:00:00+00:00,365,11854.986292060066,11840.879650784533,32.937754374503356,32.823900457133654
1224,2019-05-09 00:00:00+00:00,2020-05-07 00:00:00+00:00,365,11836.483576804414,11822.106947217353,32.78841998847301,32.672387010453015
1225,2019-05-10 00:00:00+00:00,2020-05-08 00:00:00+00:00,365,11819.311043150909,11805.347748129549,32.64982142419212,32.537124446469434
1226,2019-05-11 00:00:00+00:00,2020-05-09 00:00:00+00:00,365,11804.428651207898,11790.859446663588,32.52970646631892,32.42019017092407
1227,2019-05-12 00:00:00+00:00,2020-05-10 00:00:00+00:00,365,11798.643078913872,11784.894248762179,32.48301143402637,32.37204539034198
1228,2019-05-13 00:00:00+00:00,2020-05-11 00:00:00+00:00,365,11790.398511559077,11777.320074384188,32.41646998932473,32.310914650080576
1229,2019-05-14 00:00:00+00:00,2020-05-12 00:00:00+00:00,365,11786.174314932712,11773.262792441594,32.38237673322942,32.27816855311709
1230,2019-05-15 00:00:00+00:00,2020-05-13 00:00:00+00:00,365,11780.953380672901,11768.211656233692,32.34023886311571,32.23740111363914
1231,2019-05-16 00:00:00+00:00,2020-05-14 00:00:00+00:00,365,11775.544574683845,11762.814976560472,32.2965846907214,32.19384481206569
1232,2019-05-17 00:00:00+00:00,2020-05-15 00:00:00+00:00,365,11769.839145554133,11757.342126653457,32.25053648945187,32.149673744770546
1233,2019-05-18 00:00:00+00:00,2020-05-16 00:00:00+00:00,365,11761.153905710682,11749.109585745511,32.1804384015968,32.08322936485273
1234,2019-05-19 00:00:00+00:00,2020-05-17 00:00:00+00:00,365,11751.36563530367,11739.761132547628,32.10143781539453,32.00777851889039
1235,2019-05-20 00:00:00+00:00,2020-05-18 00:00:00+00:00,365,11746.129875686307,11734.596721006765,32.05918029064435,31.966096840498498
1236,2019-05-21 00:00:00+00:00,2020-05-19 00:00:00+00:00,365,11739.715121247518,11728.35686652594,32.00740716424555,31.915735321935546
1237,2019-05-22 00:00:00+00:00,2020-05-20 00:00:00+00:00,365,11734.008042372316,11722.832469240904,31.96134564797189,31.871148218618554
1238,2019-05-23 00:00:00+00:00,2020-05-21 00:00:00+00:00,365,11728.1689717898,11717.31312409543,31.914218833967585,31.82660189083906
1239,2019-05-24 00:00:00+00:00,2020-05-22 00:00:00+00:00,365,11723.175607807816,11712.525690946108,31.87391767091273,31.78796278408434
1240,2019-05-25 00:00:00+00:00,2020-05-23 00:00:00+00:00,365,11718.549009290002,11708.056414539093,31.836576651526087,31.75189150270646
1241,2019-05-26 00:00:00+00:00,2020-05-24 00:00:00+00:00,365,11715.541257835353,11705.182710785131,31.812301256774255,31.72869799949347
1242,2019-05-27 00:00:00+00:00,2020-05-25 00:00:00+00:00,365,11714.984431987774,11704.556980770203,31.807807146319373,31.723647767335166
1243,2019-05-28 00:00:00+00:00,2020-05-26 00:00:00+00:00,365,11715.013602645624,11704.492440249132,31.80804258107692,31.72312686437822
1244,2019-05-29 00:00:00+00:00,2020-05-27 00:00:00+00:00,365,11713.542670834788,11702.950541048667,31.796170772219206,31.710682281664788
1245,2019-05-30 00:00:00+00:00,2020-05-28 00:00:00+00:00,365,11710.581380214346,11699.930968631332,31.77227036027691,31.686311480580375
1246,2019-05-31 00:00:00+00:00,2020-05-29 00:00:00+00:00,365,11706.454767731746,11695.854840709784,31.738964700379995,31.653413278768642
1247,2019-06-01 00:00:00+00:00,2020-05-30 00:00:00+00:00,365,11702.728717670363,11692.103407790277,31.708891957512435,31.623135672264514
1248,2019-06-02 00:00:00+00:00,2020-05-31 00:00:00+00:00,365,11699.755453788539,11689.118987831913,31.684894910043266,31.5990485847219
1249,2019-06-03 00:00:00+00:00,2020-06-01 00:00:00+00:00,365,11695.433975867809,11684.649952510725,31.65001650203022,31.562979249134322
1250,2019-06-04 00:00:00+00:00,2020-06-02 00:00:00+00:00,365,11690.610435785147,11679.931718527117,31.611085978224153,31.524898644998434
1251,2019-06-05 00:00:00+00:00,2020-06-03 00:00:00+00:00,365,11682.966939594771,11672.531716061338,31.549395745469454,31.46517363655608
1252,2019-06-06 00:00:00+00:00,2020-06-04 00:00:00+00:00,365,11675.571419072736,11665.318793684684,31.489706910545863,31.406958541110942
1253,2019-06-07 00:00:00+00:00,2020-06-05 00:00:00+00:00,365,11668.584321051081,11658.503742006247,31.433314430913505,31.35195463794848
1254,2019-06-08 00:00:00+00:00,2020-06-06 00:00:00+00:00,365,11662.659294488145,11652.695506116193,31.385493870970592,31.305076689032546
1255,2019-06-09 00:00:00+00:00,2020-06-07 00:00:00+00:00,365,11656.125021395146,11646.29602380174,31.332756116159207,31.25342682310009
1256,2019-06-10 00:00:00+00:00,2020-06-08 00:00:00+00:00,365,11648.082932120422,11638.451979228186,31.26784886078352,31.190117975495763
1257,2019-06-11 00:00:00+00:00,2020-06-09 00:00:00+00:00,365,11641.714306992988,11632.191923016042,31.216448041491756,31.139593409882593
1258,2019-06-12 00:00:00+00:00,2020-06-10 00:00:00+00:00,365,11634.72355125636,11625.316607750432,31.160026040645235,31.084103122658867
1259,2019-06-13 00:00:00+00:00,2020-06-11 00:00:00+00:00,365,11630.548477427863,11621.217972874103,31.126329251920154,31.051023268466544
1260,2019-06-14 00:00:00+00:00,2020-06-12 00:00:00+00:00,365,11626.187855033659,11616.912620050307,31.091134911038225,31.01627500521425
1261,2019-06-15 00:00:00+00:00,2020-06-13 00:00:00+00:00,365,11623.66701871928,11614.371373044862,31.070789381309783,30.995764741933097
1262,2019-06-16 00:00:00+00:00,2020-06-14 00:00:00+00:00,365,11622.08493568321,11612.74003792147,31.0580204770935,30.98259832685859
1263,2019-06-17 00:00:00+00:00,2020-06-15 00:00:00+00:00,365,11620.807053408986,11611.382778190222,31.047706760311744,30.971643959034772
1264,2019-06-18 00:00:00+00:00,2020-06-16 00:00:00+00:00,365,11620.35822723756,11610.829676775784,31.044084309238052,30.96717990827269
1265,2019-06-19 00:00:00+00:00,2020-06-17 00:00:00+00:00,365,11619.115153838378,11609.542685102748,31.034051532951295,30.95679267003963
1266,2019-06-20 00:00:00+00:00,2020-06-18 00:00:00+00:00,365,11618.843091540613,11609.212940119645,31.03185573327339,30.95413131661567
1267,2019-06-21 00:00:00+00:00,2020-06-19 00:00:00+00:00,365,11619.758093996108,11610.018713050002,31.039240667215225,30.960634665133547
1268,2019-06-22 00:00:00+00:00,2020-06-20 00:00:00+00:00,365,11622.03095261391,11612.127335300143,31.05758478274278,30.97765323806968
1269,2019-06-23 00:00:00+00:00,2020-06-21 00:00:00+00:00,365,11625.926034859991,11615.994927016323,31.089021774974423,31.008868355763035
1270,2019-06-24 00:00:00+00:00,2020-06-22 00:00:00+00:00,365,11628.881826102088,11618.903450540907,31.112877801739874,31.03234288740865
1271,2019-06-25 00:00:00+00:00,2020-06-23 00:00:00+00:00,365,11632.39969416706,11622.51036843448,31.14127031928985,31.06145412117386
1272,2019-06-26 00:00:00+00:00,2020-06-24 00:00:00+00:00,365,11638.40262503774,11628.62814276032,31.18971964056888,31.110830337593914
1273,2019-06-27 00:00:00+00:00,2020-06-25 00:00:00+00:00,365,11646.420657818238,11636.957508199785,30.265371663650527,30.187896259105244
1274,2019-06-28 00:00:00+00:00,2020-06-26 00:00:00+00:00,365,11652.045305837555,11642.20856794492,30.31142101278811,30.230887017409692
1275,2019-06-29 00:00:00+00:00,2020-06-27 00:00:00+00:00,365,11660.746497952325,11650.473362630952,30.38265822305089,30.298551414317814
1276,2019-06-30 00:00:00+00:00,2020-06-28 00:00:00+00:00,365,11668.179258480179,11657.616161262693,30.443510703673272,30.35702995855434
1277,2019-07-01 00:00:00+00:00,2020-06-29 00:00:00+00:00,365,11672.162048675482,11662.178743639419,30.476118058945172,30.394384109091988
1278,2019-07-02 00:00:00+00:00,2020-06-30 00:00:00+00:00,365,11676.702982596655,11666.219928758397,30.51329497220777,30.42746954729796
1279,2019-07-03 00:00:00+00:00,2020-07-01 00:00:00+00:00,365,11681.43013401847,11670.418594652137,30.55199645992786,30.461844290568806
1280,2019-07-04 00:00:00+00:00,2020-07-02 00:00:00+00:00,365,11689.089471648424,11677.621361455895,30.614703941617922,30.520813798023088
1281,2019-07-05 00:00:00+00:00,2020-07-03 00:00:00+00:00,365,11695.385434907312,11683.326693572066,30.66624939108787,30.567523712965528
1282,2019-07-06 00:00:00+00:00,2020-07-04 00:00:00+00:00,365,11701.01406999296,11688.43685058138,30.71233138258972,30.609360891658593
1283,2019-07-07 00:00:00+00:00,2020-07-05 00:00:00+00:00,365,11707.264823327612,11694.167440163183,30.763506695550063,30.65627759106989
1284,2019-07-08 00:00:00+00:00,2020-07-06 00:00:00+00:00,365,11713.178392248683,11699.589193589673,30.811921458386838,30.70066582934131
1285,2019-07-09 00:00:00+00:00,2020-07-07 00:00:00+00:00,365,11721.106250440796,11706.96222597898,30.876827334905354,30.761029311915134
1286,2019-07-10 00:00:00+00:00,2020-07-08 00:00:00+00:00,365,11728.863444297289,11714.22148616172,29.141114955106435,29.01811720705493
1287,2019-07-11 00:00:00+00:00,2020-07-09 00:00:00+00:00,365,11736.329795727239,11721.269816122162,28.62651803007904,28.498977113210067
1288,2019-07-12 00:00:00+00:00,2020-07-10 00:00:00+00:00,365,11741.884528568891,11726.519338056274,28.67356030624173,28.543434599751066
1289,2019-07-13 00:00:00+00:00,2020-07-11 00:00:00+00:00,365,11748.656001580122,11732.987302891941,28.730906989242204,28.598210913335127
1290,2019-07-14 00:00:00+00:00,2020-07-12 00:00:00+00:00,365,11754.214133441215,11738.336013425589,28.777978051237763,28.64350841462113
1291,2019-07-15 00:00:00+00:00,2020-07-13 00:00:00+00:00,365,11757.272670645232,11741.354510444486,28.80388038640073,28.669071654907764
1292,2019-07-16 00:00:00+00:00,2020-07-14 00:00:00+00:00,365,11761.919887724067,11745.865628188822,28.843237035125803,28.707275696898797
1293,2019-07-17 00:00:00+00:00,2020-07-15 00:00:00+00:00,365,11762.817858800157,11746.728765605847,28.850841829911033,28.714585490167988
1294,2019-07-18 00:00:00+00:00,2020-07-16 00:00:00+00:00,365,11764.540984567324,11748.410274166197,28.86543474743071,28.728825957229297
1295,2019-07-19 00:00:00+00:00,2020-07-17 00:00:00+00:00,365,11768.88200290128,11752.678353953928,28.90219824067417,28.764971743855305
1296,2019-07-20 00:00:00+00:00,2020-07-18 00:00:00+00:00,365,11772.756247336123,11756.523332652425,28.935008689316994,28.797534344961527
1297,2019-07-21 00:00:00+00:00,2020-07-19 00:00:00+00:00,365,11777.270537543907,11761.020568301345,28.973239598469043,28.835620821376523
1298,2019-07-22 00:00:00+00:00,2020-07-20 00:00:00+00:00,365,11781.269273295557,11765.035185023968,29.00710434712449,28.869620063812963
1299,2019-07-23 00:00:00+00:00,2020-07-21 00:00:00+00:00,365,11783.835912748338,11767.665241245664,29.028840867203808,28.891893651874067
1300,2019-07-24 00:00:00+00:00,2020-07-22 00:00:00+00:00,365,11784.747549837415,11768.642341946916,29.036561397592404,28.90016858468134
1301,2019-07-25 00:00:00+00:00,2020-07-23 00:00:00+00:00,365,11785.231692846555,11769.176951851172,29.040661538821055,28.904696123173697
1302,2019-07-26 00:00:00+00:00,2020-07-24 00:00:00+00:00,365,11786.215712547342,11770.189022621753,29.04899506769338,28.91326721273697
1303,2019-07-27 00:00:00+00:00,2020-07-25 00:00:00+00:00,365,11786.581972187834,11770.57438666432,29.052096870722693,28.91653080834641
1304,2019-07-28 00:00:00+00:00,2020-07-26 00:00:00+00:00,365,11785.184583683238,11769.151906364586,29.0402625777308,28.904484016357728
1305,2019-07-29 00:00:00+00:00,2020-07-27 00:00:00+00:00,365,11781.300872964166,11765.204570170035,29.007371960415675,28.87105456355333
1306,2019-07-30 00:00:00+00:00,2020-07-28 00:00:00+00:00,365,11777.489968246973,11761.410612768817,28.975097927217963,28.83892405486725
1307,2019-07-31 00:00:00+00:00,2020-07-29 00:00:00+00:00,365,11773.470167949872,11757.486583969483,28.941054785795007,28.80569198921965
1308,2019-08-01 00:00:00+00:00,2020-07-30 00:00:00+00:00,365,11770.579701624785,11754.853801247147,28.916575820022956,28.783395310795846
1309,2019-08-02 00:00:00+00:00,2020-07-31 00:00:00+00:00,365,11768.194188471023,11752.674742089795,28.896373233909813,28.76494115546972
1310,2019-08-03 00:00:00+00:00,2020-08-01 00:00:00+00:00,365,11765.087250793062,11749.878471878408,28.870061001722696,28.74125992375985
1311,2019-08-04 00:00:00+00:00,2020-08-02 00:00:00+00:00,365,11764.00323865482,11749.230613247466,28.86088065051147,28.73577329721993
1312,2019-08-05 00:00:00+00:00,2020-08-03 00:00:00+00:00,365,11762.831083901927,11748.67668498765,28.85095383149733,28.73108215420452
1313,2019-08-06 00:00:00+00:00,2020-08-04 00:00:00+00:00,365,11763.337510142363,11749.895070897615,28.85524268637798,28.74140049859357
1314,2019-08-07 00:00:00+00:00,2020-08-05 00:00:00+00:00,365,11761.874252161571,11749.285452440763,28.84285055376028,28.736237722881647
1315,2019-08-08 00:00:00+00:00,2020-08-06 00:00:00+00:00,365,11761.324033445813,11749.6705299305,28.71548484588477,28.61662273440745
1316,2019-08-09 00:00:00+00:00,2020-08-07 00:00:00+00:00,365,11760.839984676915,11750.341784726408,28.3684327907807,28.278943215639785
1317,2019-08-10 00:00:00+00:00,2020-08-08 00:00:00+00:00,365,11760.430384313066,11750.568695640552,28.098753844359827,28.01437769727731
1318,2019-08-11 00:00:00+00:00,2020-08-09 00:00:00+00:00,365,11758.757551782528,11749.786853735986,28.08444116746155,28.00768829450608
1319,2019-08-12 00:00:00+00:00,2020-08-10 00:00:00+00:00,365,11757.424893610427,11749.10591547441,28.391482332912645,28.320620667106418
1320,2019-08-13 00:00:00+00:00,2020-08-11 00:00:00+00:00,365,11756.745636351417,11749.089127033196,28.385696369769402,28.320477661933026
1321,2019-08-14 00:00:00+00:00,2020-08-12 00:00:00+00:00,365,11754.516890090406,11747.546116157544,28.36671174568067,28.307334182142828
1322,2019-08-15 00:00:00+00:00,2020-08-13 00:00:00+00:00,365,11749.745075447376,11743.485866092848,28.326065078626726,28.27274867434727
1323,2019-08-16 00:00:00+00:00,2020-08-14 00:00:00+00:00,365,11745.694603618838,11740.18108677675,28.29156286256383,28.24459832178814
1324,2019-08-17 00:00:00+00:00,2020-08-15 00:00:00+00:00,365,11741.400352517456,11736.856921814044,28.25498411677812,28.2162828408696
1325,2019-08-18 00:00:00+00:00,2020-08-16 00:00:00+00:00,365,11736.922446464356,11733.03929151077,28.34333504544008,28.31031633405076
1326,2019-08-19 00:00:00+00:00,2020-08-17 00:00:00+00:00,365,11731.941777308284,11728.766308794451,29.991233680114348,29.964869004033385
1327,2019-08-20 00:00:00+00:00,2020-08-18 00:00:00+00:00,365,11728.896428910184,11726.440669455344,29.965949340584658,29.945560128007802
1328,2019-08-21 00:00:00+00:00,2020-08-19 00:00:00+00:00,365,11726.119152310926,11724.348405065743,29.942890696605755,29.928188873130836
1329,2019-08-22 00:00:00+00:00,2020-08-20 00:00:00+00:00,365,11721.395540855496,11720.29980702147,29.90367239372784,29.89457494323221
1330,2019-08-23 00:00:00+00:00,2020-08-21 00:00:00+00:00,365,11717.476482126161,11716.999298985997,29.871133978218108,29.867172112790392
1331,2019-08-24 00:00:00+00:00,2020-08-22 00:00:00+00:00,365,11713.952041021064,11714.14352058492,29.841871918872354,29.843461698980445
1332,2019-08-25 00:00:00+00:00,2020-08-23 00:00:00+00:00,365,11709.811922065193,11710.628891966759,29.807498126553924,29.814281108885144
1333,2019-08-26 00:00:00+00:00,2020-08-24 00:00:00+00:00,365,11705.34649862458,11706.778262035972,29.770423458024446,29.782310830990514
1334,2019-08-27 00:00:00+00:00,2020-08-25 00:00:00+00:00,365,11702.423344192504,11704.460364700404,29.74615364731759,29.76306623379959
1335,2019-08-28 00:00:00+00:00,2020-08-26 00:00:00+00:00,365,11698.727863066712,11701.398110143567,29.715471509415597,29.737641529030274
1336,2019-08-29 00:00:00+00:00,2020-08-27 00:00:00+00:00,365,11694.199641096035,11697.439460515343,29.67787544919344,29.704774405734437
1337,2019-08-30 00:00:00+00:00,2020-08-28 00:00:00+00:00,365,11688.496919266086,11692.312523682856,29.630527974900595,29.66220744961843
1338,2019-08-31 00:00:00+00:00,2020-08-29 00:00:00+00:00,365,11683.191878146929,11687.55005695,29.586482288384246,29.622666546532418
1339,2019-09-01 00:00:00+00:00,2020-08-30 00:00:00+00:00,365,11677.508528844854,11682.444684762002,29.539295656631648,29.58027863324561
1340,2019-09-02 00:00:00+00:00,2020-08-31 00:00:00+00:00,365,11672.354943271977,11677.842040850184,29.496507446421866,29.542064676683765
1341,2019-09-03 00:00:00+00:00,2020-09-01 00:00:00+00:00,365,11668.189011293667,11674.328566706632,29.46191933864973,29.512893671740688
1342,2019-09-04 00:00:00+00:00,2020-09-02 00:00:00+00:00,365,11665.763955318982,11672.529920942865,29.441785045088864,29.497960217751277
1343,2019-09-05 00:00:00+00:00,2020-09-03 00:00:00+00:00,365,11666.024343544683,11673.326929353647,29.4439469469298,29.504577467613007
1344,2019-09-06 00:00:00+00:00,2020-09-04 00:00:00+00:00,365,11665.73221567929,11673.594529469932,29.44152152324453,29.506799246967567
1345,2019-09-07 00:00:00+00:00,2020-09-05 00:00:00+00:00,365,11665.774039320619,11674.123966302663,29.441868768619923,29.511194954416553
1346,2019-09-08 00:00:00+00:00,2020-09-06 00:00:00+00:00,365,11665.83791131571,11674.73811206978,29.442399072873886,29.51629396709641
1347,2019-09-09 00:00:00+00:00,2020-09-07 00:00:00+00:00,365,11665.387476289703,11674.83812055434,29.438659286601577,29.517124298522873
1348,2019-09-10 00:00:00+00:00,2020-09-08 00:00:00+00:00,365,11665.405940627363,11675.425240751889,29.43881258879284,29.521998928443328
1349,2019-09-11 00:00:00+00:00,2020-09-09 00:00:00+00:00,365,11664.535282857752,11675.060794915229,29.43158385704092,29.5189730768593
1350,2019-09-12 00:00:00+00:00,2020-09-10 00:00:00+00:00,365,11663.271425906223,11674.557672276078,29.421090545898142,29.51479584589246
1351,2019-09-13 00:00:00+00:00,2020-09-11 00:00:00+00:00,365,11662.693931702332,11674.599098377621,29.416295836847205,29.51513979065013
1352,2019-09-14 00:00:00+00:00,2020-09-12 00:00:00+00:00,365,11661.82403428124,11674.366574046097,29.409073417972376,29.513209231850734
1353,2019-09-15 00:00:00+00:00,2020-09-13 00:00:00+00:00,365,11661.532770322821,11674.471395672328,29.406655166969625,29.51407952491452
1354,2019-09-16 00:00:00+00:00,2020-09-14 00:00:00+00:00,365,11660.28021459185,11673.582475860974,29.396255685451685,29.50669917055541
1355,2019-09-17 00:00:00+00:00,2020-09-15 00:00:00+00:00,365,11658.293891094087,11672.290182980156,29.379764016464122,29.49596976698674
1356,2019-09-18 00:00:00+00:00,2020-09-16 00:00:00+00:00,365,11655.874279334756,11670.397098859783,29.359674924099146,29.480252228169952
1357,2019-09-19 00:00:00+00:00,2020-09-17 00:00:00+00:00,365,11653.776766333012,11668.486480283904,29.34226009204344,29.464389107610607
1358,2019-09-20 00:00:00+00:00,2020-09-18 00:00:00+00:00,365,11652.015566165384,11666.894129540382,29.327637534228433,29.45116844068308
1359,2019-09-21 00:00:00+00:00,2020-09-19 00:00:00+00:00,365,11649.624565936145,11664.695827570667,29.307785992234294,29.432916797151677
1360,2019-09-22 00:00:00+00:00,2020-09-20 00:00:00+00:00,365,11647.125309222405,11662.347540931833,29.287035638888355,29.413419889432873
1361,2019-09-23 00:00:00+00:00,2020-09-21 00:00:00+00:00,365,11645.960803276841,11661.282465357335,29.277367200383797,29.40457698250401
1362,2019-09-24 00:00:00+00:00,2020-09-22 00:00:00+00:00,365,11643.654443567739,11659.060135828346,29.25821839560372,29.386125847522905
1363,2019-09-25 00:00:00+00:00,2020-09-23 00:00:00+00:00,365,11638.24770058108,11654.026074322197,29.21332831816306,29.344329999003822
1364,2019-09-26 00:00:00+00:00,2020-09-24 00:00:00+00:00,365,11631.171240415782,11647.015646647887,29.154575230470588,29.286125153319766
1365,2019-09-27 00:00:00+00:00,2020-09-25 00:00:00+00:00,365,11623.034367321805,11638.801302279899,29.087017947978204,29.217924657066646
1366,2019-09-28 00:00:00+00:00,2020-09-26 00:00:00+00:00,365,11615.126225367065,11630.840786885798,29.021359730889674,29.151831603745926
1367,2019-09-29 00:00:00+00:00,2020-09-27 00:00:00+00:00,365,11607.242914326087,11622.902475778006,28.955907675189703,29.085922903950866
1368,2019-09-30 00:00:00+00:00,2020-09-28 00:00:00+00:00,365,11598.930124918172,11614.469414335468,28.8868898281809,29.01590648516577
1369,2019-10-01 00:00:00+00:00,2020-09-29 00:00:00+00:00,365,11591.163490931187,11606.661947091745,28.82240649653573,28.951084130922027
1370,2019-10-02 00:00:00+00:00,2020-09-30 00:00:00+00:00,365,11583.699467859442,11599.143911223404,28.760435625248487,28.88866481245911
1371,2019-10-03 00:00:00+00:00,2020-10-01 00:00:00+00:00,365,11576.824732635818,11592.21233312746,28.70335738103863,28.83111462405906
1372,2019-10-04 00:00:00+00:00,2020-10-02 00:00:00+00:00,365,11569.66915566694,11584.94056391556,28.643947417395438,28.7707399615574
1373,2019-10-05 00:00:00+00:00,2020-10-03 00:00:00+00:00,365,11562.202895308023,11577.343800625884,28.581957970785744,28.70766700003264
1374,2019-10-06 00:00:00+00:00,2020-10-04 00:00:00+00:00,365,11554.394047213478,11569.380441911264,28.517124151876406,28.641550339731044
1375,2019-10-07 00:00:00+00:00,2020-10-05 00:00:00+00:00,365,11545.16219611685,11559.932228904816,28.440475694261387,28.563105513597865
1376,2019-10-08 00:00:00+00:00,2020-10-06 00:00:00+00:00,365,11537.921120264225,11552.48195168045,28.380355866746005,28.501248768718114
1377,2019-10-09 00:00:00+00:00,2020-10-07 00:00:00+00:00,365,11530.30802745284,11544.713994460199,28.31714732757386,28.43675445078343
1378,2019-10-10 00:00:00+00:00,2020-10-08 00:00:00+00:00,365,11523.645837872782,11537.979804627645,28.26183376691247,28.380843100118287
1379,2019-10-11 00:00:00+00:00,2020-10-09 00:00:00+00:00,365,11516.539632409185,11530.781092149355,28.20283371561409,28.321074999170857
1380,2019-10-12 00:00:00+00:00,2020-10-10 00:00:00+00:00,365,11507.906403770447,11521.971185793784,28.131155386699234,28.24792978410843
1381,2019-10-13 00:00:00+00:00,2020-10-11 00:00:00+00:00,365,11499.250792803898,11513.135219704065,28.059291226049606,28.174568205241236
1382,2019-10-14 00:00:00+00:00,2020-10-12 00:00:00+00:00,365,11490.152244679251,11503.815494770031,27.98374953099943,28.097190165440445
1383,2019-10-15 00:00:00+00:00,2020-10-13 00:00:00+00:00,365,11481.509085438953,11494.949319421154,27.911988752174498,28.02357777088136
1384,2019-10-16 00:00:00+00:00,2020-10-14 00:00:00+00:00,365,11472.20961314916,11485.373849834503,27.834778862176755,27.944076383015133
1385,2019-10-17 00:00:00+00:00,2020-10-15 00:00:00+00:00,365,11462.11429716801,11474.962131483071,27.75096139252823,27.85763194793855
1386,2019-10-18 00:00:00+00:00,2020-10-16 00:00:00+00:00,365,11452.651287699988,11465.18508323859,27.67239371714782,27.776456931127374
1387,2019-10-19 00:00:00+00:00,2020-10-17 00:00:00+00:00,365,11442.685547815243,11454.874884813838,27.589652067270354,27.69085537639145
1388,2019-10-20 00:00:00+00:00,2020-10-18 00:00:00+00:00,365,11432.432876768122,11444.25154261642,27.504528139905133,27.60265391109203
1389,2019-10-21 00:00:00+00:00,2020-10-19 00:00:00+00:00,365,11422.782505229343,11434.22114549835,27.42440487035528,27.519375437433922
1390,2019-10-22 00:00:00+00:00,2020-10-20 00:00:00+00:00,365,11412.798001647607,11423.82332977458,27.341507432822826,27.433046430450347
1391,2019-10-23 00:00:00+00:00,2020-10-21 00:00:00+00:00,365,11400.518234471076,11411.024652464195,29.21802384934055,29.302882599495888
1392,2019-10-24 00:00:00+00:00,2020-10-22 00:00:00+00:00,365,11385.497710636864,11395.368300775044,29.60403413797334,29.683186965015583
1393,2019-10-25 00:00:00+00:00,2020-10-23 00:00:00+00:00,365,11370.679509861318,11379.765603009178,29.485206138163367,29.558068038956957
1394,2019-10-26 00:00:00+00:00,2020-10-24 00:00:00+00:00,365,11360.508813444932,11369.008644064099,29.788040068718463,29.855829565817892
1395,2019-10-27 00:00:00+00:00,2020-10-25 00:00:00+00:00,365,11352.27490665697,11360.39637838743,29.722371418914918,29.78714335484898
1396,2019-10-28 00:00:00+00:00,2020-10-26 00:00:00+00:00,365,11344.816118443294,11352.677494532501,29.66288464504484,29.725582215793505
1397,2019-10-29 00:00:00+00:00,2020-10-27 00:00:00+00:00,365,11335.69081380075,11343.312492135407,31.305911779843854,31.365216387102464
1398,2019-10-30 00:00:00+00:00,2020-10-28 00:00:00+00:00,365,11327.3242961607,11334.877346150424,31.24081154588237,31.2995821530344
1399,2019-10-31 00:00:00+00:00,2020-10-29 00:00:00+00:00,365,11317.802135483385,11325.373705780847,31.166719203693955,31.225633918157836
1400,2019-11-01 00:00:00+00:00,2020-10-30 00:00:00+00:00,365,11307.936012556831,11315.588767403358,31.08995047643557,31.149496891370976
1401,2019-11-02 00:00:00+00:00,2020-10-31 00:00:00+00:00,365,11298.023935816185,11305.817216033576,31.38523514354005,31.445547642544668
1402,2019-11-03 00:00:00+00:00,2020-11-01 00:00:00+00:00,365,11288.327886657022,11296.302683398928,31.310197041617872,31.371914304072373
1403,2019-11-04 00:00:00+00:00,2020-11-02 00:00:00+00:00,365,11278.517585478743,11286.705835841909,31.234274738871783,31.297643927211233
1404,2019-11-05 00:00:00+00:00,2020-11-03 00:00:00+00:00,365,11268.747820811912,11277.190415754665,31.677629372102157,31.742474393083214
1405,2019-11-06 00:00:00+00:00,2020-11-04 00:00:00+00:00,365,11258.476983932895,11267.218794254237,31.948229139442336,32.015029284237784
1406,2019-11-07 00:00:00+00:00,2020-11-05 00:00:00+00:00,365,11246.356179566083,11255.487433178507,35.174372465914395,35.240750294632974
1407,2019-11-08 00:00:00+00:00,2020-11-06 00:00:00+00:00,365,11233.556716805771,11243.283566173333,35.105531201851534,35.17621223530488
1408,2019-11-09 00:00:00+00:00,2020-11-07 00:00:00+00:00,365,11220.16793388579,11230.54866137353,35.0082403959897,35.083672894130146
1409,2019-11-10 00:00:00+00:00,2020-11-08 00:00:00+00:00,365,11205.971493597423,11217.129169714977,34.905080674581164,34.986158940433256
1410,2019-11-11 00:00:00+00:00,2020-11-09 00:00:00+00:00,365,11192.776779367083,11204.715693269405,34.8092000864606,34.89595528755797
1411,2019-11-12 00:00:00+00:00,2020-11-10 00:00:00+00:00,365,11178.375348108448,11191.156500061597,34.70455077956763,34.7974261798782
1412,2019-11-13 00:00:00+00:00,2020-11-11 00:00:00+00:00,365,11163.73589391448,11177.399964877175,34.814605114252345,34.91356774278572
1413,2019-11-14 00:00:00+00:00,2020-11-12 00:00:00+00:00,365,11148.379586730272,11162.9672052448,35.718186837500454,35.82219632829369
1414,2019-11-15 00:00:00+00:00,2020-11-13 00:00:00+00:00,365,11132.509883021557,11148.054543004786,35.67442837472004,35.78514212185952
1415,2019-11-16 00:00:00+00:00,2020-11-14 00:00:00+00:00,365,11116.225824690591,11132.707366865574,35.55844840999875,35.67583491409717
1416,2019-11-17 00:00:00+00:00,2020-11-15 00:00:00+00:00,365,11100.11285055114,11117.527948837664,35.443686958383545,35.56772253009651
1417,2019-11-18 00:00:00+00:00,2020-11-16 00:00:00+00:00,365,11083.354947961574,11101.678796474056,36.01271843559463,36.141837316561734
1418,2019-11-19 00:00:00+00:00,2020-11-17 00:00:00+00:00,365,11064.489589314551,11083.694561476703,37.28168093041352,37.4140498959872
1419,2019-11-20 00:00:00+00:00,2020-11-18 00:00:00+00:00,365,11045.035150138032,11065.328541991432,37.31573253077688,37.45522917882303
1420,2019-11-21 00:00:00+00:00,2020-11-19 00:00:00+00:00,365,11025.34159622097,11046.782170522976,37.19937994212689,37.346717690101315
1421,2019-11-22 00:00:00+00:00,2020-11-20 00:00:00+00:00,365,11002.898859766286,11025.470657964772,38.1256638164566,38.27811302316908
1422,2019-11-23 00:00:00+00:00,2020-11-21 00:00:00+00:00,365,10978.60988266941,11002.470036763127,38.01294851035779,38.1739658927856
1423,2019-11-24 00:00:00+00:00,2020-11-22 00:00:00+00:00,365,10954.934709194773,10979.88999462083,37.85317944740715,38.02158719202021
1424,2019-11-25 00:00:00+00:00,2020-11-23 00:00:00+00:00,365,10929.270883641457,10955.34338287952,37.67999020489646,37.85593733265495
1425,2019-11-26 00:00:00+00:00,2020-11-24 00:00:00+00:00,365,10904.176328419533,10931.273210968422,38.02857594762342,38.20992039587885
1426,2019-11-27 00:00:00+00:00,2020-11-25 00:00:00+00:00,365,10879.59194836387,10907.651043166376,37.86404628894951,38.051830291641565
1427,2019-11-28 00:00:00+00:00,2020-11-26 00:00:00+00:00,365,10858.320961360696,10887.260687320351,37.721691337416644,37.91536891738726
1428,2019-11-29 00:00:00+00:00,2020-11-27 00:00:00+00:00,365,10836.671871468412,10866.43855858108,37.576805952366726,37.77601792596181
1429,2019-11-30 00:00:00+00:00,2020-11-28 00:00:00+00:00,365,10815.845019639815,10846.516031224846,37.43742335191666,37.64268746904481
1430,2019-12-01 00:00:00+00:00,2020-11-29 00:00:00+00:00,365,10793.8170523897,10825.319011532229,37.290002350258874,37.50082753981193
1431,2019-12-02 00:00:00+00:00,2020-11-30 00:00:00+00:00,365,10769.952101461062,10802.316577473306,37.69955458833446,37.91419089788246
1432,2019-12-03 00:00:00+00:00,2020-12-01 00:00:00+00:00,365,10746.367584313193,10779.437049969427,37.54314563794159,37.76245733217366
1433,2019-12-04 00:00:00+00:00,2020-12-02 00:00:00+00:00,365,10722.397721793666,10756.198030276608,37.38418113533021,37.608339668643644
1434,2019-12-05 00:00:00+00:00,2020-12-03 00:00:00+00:00,365,10697.971119808235,10732.29679728811,37.22218760566615,37.44983030670134
1435,2019-12-06 00:00:00+00:00,2020-12-04 00:00:00+00:00,365,10674.997905283293,10709.91906612263,37.06983272180452,37.3014245784084
1436,2019-12-07 00:00:00+00:00,2020-12-05 00:00:00+00:00,365,10652.503951050398,10687.888379540715,36.92065621970808,37.155320397300635
1437,2019-12-08 00:00:00+00:00,2020-12-06 00:00:00+00:00,365,10629.663769952507,10665.57152390907,36.76918359341237,37.00731838634022
1438,2019-12-09 00:00:00+00:00,2020-12-07 00:00:00+00:00,365,10607.129204451066,10643.464923741984,36.61973776352569,36.86071075781809
1439,2019-12-10 00:00:00+00:00,2020-12-08 00:00:00+00:00,365,10584.39447369875,10621.077843998868,36.46896446797169,36.71224303117233
1440,2019-12-11 00:00:00+00:00,2020-12-09 00:00:00+00:00,365,10560.939200034298,10597.94472025995,36.31341264081181,36.55882765359104
1441,2019-12-12 00:00:00+00:00,2020-12-10 00:00:00+00:00,365,10537.635218513247,10574.870821662138,36.15886416026292,36.40580504818734
1442,2019-12-13 00:00:00+00:00,2020-12-11 00:00:00+00:00,365,10514.516437437644,10551.949895840622,36.00554390105531,36.25379693509777
1443,2019-12-14 00:00:00+00:00,2020-12-12 00:00:00+00:00,365,10491.118863103111,10528.696710200795,35.85037472712401,36.09958532514991
1444,2019-12-15 00:00:00+00:00,2020-12-13 00:00:00+00:00,365,10466.566147541933,10504.253468999808,35.68754483130121,35.937481446725094
1445,2019-12-16 00:00:00+00:00,2020-12-14 00:00:00+00:00,365,10442.153832837568,10479.932245857673,35.525646052724134,35.776186773610455
1446,2019-12-17 00:00:00+00:00,2020-12-15 00:00:00+00:00,365,10416.307989081553,10454.223124718987,35.35424032630834,35.605687770912475
1447,2019-12-18 00:00:00+00:00,2020-12-16 00:00:00+00:00,365,10387.237566204158,10425.588413163234,36.86159794368553,37.109265923708975
1448,2019-12-19 00:00:00+00:00,2020-12-17 00:00:00+00:00,365,10361.871404628511,10400.000711221901,37.86651620421355,38.108207274294145
1449,2019-12-20 00:00:00+00:00,2020-12-18 00:00:00+00:00,365,10335.696186811854,10373.54896574391,37.89508205239442,38.13427126288607
1450,2019-12-21 00:00:00+00:00,2020-12-19 00:00:00+00:00,365,10309.33769792468,10346.89769037559,38.30142051284356,38.53657611102267
1451,2019-12-22 00:00:00+00:00,2020-12-20 00:00:00+00:00,365,10283.067022796313,10320.17204066462,38.136945071788716,38.36925216513204
1452,2019-12-23 00:00:00+00:00,2020-12-21 00:00:00+00:00,365,10258.783439080013,10295.48611306868,37.98491041251123,38.21469851132031
1453,2019-12-24 00:00:00+00:00,2020-12-22 00:00:00+00:00,365,10233.05771286494,10269.59944469401,37.823846787575626,38.052627259722854
1454,2019-12-25 00:00:00+00:00,2020-12-23 00:00:00+00:00,365,10207.13813960954,10243.489878228465,37.66156952510315,37.88916048777324
1455,2019-12-26 00:00:00+00:00,2020-12-24 00:00:00+00:00,365,10180.77467024648,10216.947729873136,37.49651311791005,37.72298540715751
1456,2019-12-27 00:00:00+00:00,2020-12-25 00:00:00+00:00,365,10153.984158971347,10189.973502564208,37.86576497068015,38.089156437454236
1457,2019-12-28 00:00:00+00:00,2020-12-26 00:00:00+00:00,365,10126.639711234267,10162.464235423018,38.74891921993427,38.96752978480812
1458,2019-12-29 00:00:00+00:00,2020-12-27 00:00:00+00:00,365,10099.624797334565,10135.333499818698,38.58406718850137,38.80197097920741
1459,2019-12-30 00:00:00+00:00,2020-12-28 00:00:00+00:00,365,10072.793722113947,10108.400359998202,38.713529635337,38.929776084740595
1460,2019-12-31 00:00:00+00:00,2020-12-29 00:00:00+00:00,365,10045.084796188996,10080.564320865058,38.64234232766767,38.85747635603028
1461,2020-01-01 00:00:00+00:00,2020-12-30 00:00:00+00:00,365,10016.504058138118,10051.837694630845,39.225981696230484,39.43759546097086
1462,2020-01-02 00:00:00+00:00,2020-12-31 00:00:00+00:00,365,9987.843939877817,10023.070050248214,39.13187190236412,39.34257329178056
1463,2020-01-03 00:00:00+00:00,2021-01-01 00:00:00+00:00,365,9957.878905943955,9992.956435971635,39.10556849685515,39.31485556758148
1464,2020-01-04 00:00:00+00:00,2021-01-02 00:00:00+00:00,365,9929.044527131417,9964.060065437006,39.939792977380115,40.14526761121829
1465,2020-01-05 00:00:00+00:00,2021-01-03 00:00:00+00:00,365,9899.92359261799,9934.98306699683,40.18234715221756,40.386667417070356
1466,2020-01-06 00:00:00+00:00,2021-01-04 00:00:00+00:00,365,9871.119038744677,9906.30011235863,40.0144794308488,40.21950835401334
1467,2020-01-07 00:00:00+00:00,2021-01-05 00:00:00+00:00,365,9843.660465707424,9879.075619551022,40.0813135900138,40.28692821415941
1468,2020-01-08 00:00:00+00:00,2021-01-06 00:00:00+00:00,365,9817.109246183709,9852.878612942248,40.65424768628316,40.85940528434033
1469,2020-01-09 00:00:00+00:00,2021-01-07 00:00:00+00:00,365,9789.586210968559,9825.87201528112,41.10112045894438,41.30712500686488
1470,2020-01-10 00:00:00+00:00,2021-01-08 00:00:00+00:00,365,9760.561544999813,9797.54338535392,41.26162156018067,41.47042140274439
1471,2020-01-11 00:00:00+00:00,2021-01-09 00:00:00+00:00,365,9732.773699874811,9770.630088356444,41.10473110714402,41.31846865723102
1472,2020-01-12 00:00:00+00:00,2021-01-10 00:00:00+00:00,365,9704.888605953172,9743.667832854251,40.94729158642351,41.16623949150765
1473,2020-01-13 00:00:00+00:00,2021-01-11 00:00:00+00:00,365,9678.181005205952,9717.879442142226,40.796500204007764,41.02063797819507
1474,2020-01-14 00:00:00+00:00,2021-01-12 00:00:00+00:00,365,9651.697693411747,9692.273717556924,40.6469751592764,40.87606779967102
1475,2020-01-15 00:00:00+00:00,2021-01-13 00:00:00+00:00,365,9627.100155980768,9668.592622518569,40.50809721556495,40.74236409892493
1476,2020-01-16 00:00:00+00:00,2021-01-14 00:00:00+00:00,365,9602.165882312705,9644.51657085474,40.367318055672385,40.606430469099365
1477,2020-01-17 00:00:00+00:00,2021-01-15 00:00:00+00:00,365,9577.44557145566,9620.55605827177,40.227746931962635,40.4711491740863
1478,2020-01-18 00:00:00+00:00,2021-01-16 00:00:00+00:00,365,9553.57909689672,9597.388999756167,40.092996576578976,40.34034772871731
1479,2020-01-19 00:00:00+00:00,2021-01-17 00:00:00+00:00,365,9529.84557954366,9574.298319201376,39.95899689891686,40.2099775140832
1480,2020-01-20 00:00:00+00:00,2021-01-18 00:00:00+00:00,365,9505.21067257165,9550.248134477712,39.81990796640092,40.07418992926194
1481,2020-01-21 00:00:00+00:00,2021-01-19 00:00:00+00:00,365,9480.445903017908,9526.082440285529,39.68008582844251,39.93775017681976
1482,2020-01-22 00:00:00+00:00,2021-01-20 00:00:00+00:00,365,9456.186713800163,9502.41684608534,39.54311820214573,39.80413399396185
1483,2020-01-23 00:00:00+00:00,2021-01-21 00:00:00+00:00,365,9432.831818767394,9479.56731085894,39.41125622991176,39.675125288277016
1484,2020-01-24 00:00:00+00:00,2021-01-22 00:00:00+00:00,365,9407.944545927727,9455.126091506925,39.27074243716899,39.53712991801148
1485,2020-01-25 00:00:00+00:00,2021-01-23 00:00:00+00:00,365,9383.56084453606,9431.152823870241,39.13307181388603,39.401776607836865
1486,2020-01-26 00:00:00+00:00,2021-01-24 00:00:00+00:00,365,9358.944559441807,9406.82540036389,38.99408802067919,39.264423730060386
1487,2020-01-27 00:00:00+00:00,2021-01-25 00:00:00+00:00,365,9335.129989201349,9383.321854318812,38.85963071759968,39.13172247271594
1488,2020-01-28 00:00:00+00:00,2021-01-26 00:00:00+00:00,365,9312.484603488378,9360.93879522406,38.73177464212079,39.005347495961715
1489,2020-01-29 00:00:00+00:00,2021-01-27 00:00:00+00:00,365,9291.792886652787,9340.495547454228,38.61494900077154,38.88992471345657
1490,2020-01-30 00:00:00+00:00,2021-01-28 00:00:00+00:00,365,9270.337247141617,9319.249457195796,38.493810244313224,38.769969074186655
1491,2020-01-31 00:00:00+00:00,2021-01-29 00:00:00+00:00,365,9249.358391814065,9298.456123607271,38.37536341615061,38.65256970362837
1492,2020-02-01 00:00:00+00:00,2021-01-30 00:00:00+00:00,365,9227.974390792497,9277.152984897131,38.25462913132507,38.53229196822638
1493,2020-02-02 00:00:00+00:00,2021-01-31 00:00:00+00:00,365,9207.011026392316,9256.213371261667,38.13626976509419,38.41406669905194
1494,2020-02-03 00:00:00+00:00,2021-02-01 00:00:00+00:00,365,9185.864187210751,9235.039358268266,38.01687449840242,38.29451800874527
1495,2020-02-04 00:00:00+00:00,2021-02-02 00:00:00+00:00,365,9164.115293978295,9213.212544271038,37.894080028484495,38.1712835974058
1496,2020-02-05 00:00:00+00:00,2021-02-03 00:00:00+00:00,365,9141.601465969856,9190.598882604532,37.766966729128455,38.04360663621229
1497,2020-02-06 00:00:00+00:00,2021-02-04 00:00:00+00:00,365,9120.586805220202,9169.522368228914,37.64831774319257,37.92460842408215
1498,2020-02-07 00:00:00+00:00,2021-02-05 00:00:00+00:00,365,9099.738668795117,9148.59288525502,37.53060895526792,37.806440352724834
1499,2020-02-08 00:00:00+00:00,2021-02-06 00:00:00+00:00,365,9078.822964603783,9127.601213290955,37.41251867905551,37.68792116170358
1500,2020-02-09 00:00:00+00:00,2021-02-07 00:00:00+00:00,365,9058.29540615048,9106.983142111887,37.29661987758359,37.57151132447169
1501,2020-02-10 00:00:00+00:00,2021-02-08 00:00:00+00:00,365,9037.368465614389,9085.933828031317,38.170898171511595,38.440766974809065
1502,2020-02-11 00:00:00+00:00,2021-02-09 00:00:00+00:00,365,9015.570389950175,9064.068140903484,38.11803901857455,38.38723513773184
1503,2020-02-12 00:00:00+00:00,2021-02-10 00:00:00+00:00,365,8995.032985616228,9043.474659116375,38.00404219530773,38.27292704574705
1504,2020-02-13 00:00:00+00:00,2021-02-11 00:00:00+00:00,365,8974.363891759262,9022.750305899826,38.09657052602335,38.36425243482417
1505,2020-02-14 00:00:00+00:00,2021-02-12 00:00:00+00:00,365,8953.403938301088,9001.74818390265,37.98061648293676,38.248065108176235
1506,2020-02-15 00:00:00+00:00,2021-02-13 00:00:00+00:00,365,8932.835812334579,8981.11051940279,37.86683009646934,38.13389402266316
1507,2020-02-16 00:00:00+00:00,2021-02-14 00:00:00+00:00,365,8910.8579726215,8959.080017269602,37.88292914275236,38.14911173035542
1508,2020-02-17 00:00:00+00:00,2021-02-15 00:00:00+00:00,365,8889.026709221522,8937.245428367578,37.7624219717094,38.02858620275487
1509,2020-02-18 00:00:00+00:00,2021-02-16 00:00:00+00:00,365,8866.29243810873,8914.526779698077,37.681451404774755,37.94751179384173
1510,2020-02-19 00:00:00+00:00,2021-02-17 00:00:00+00:00,365,8844.648092520705,8892.900359152693,37.9732857157679,38.23769201963141
1511,2020-02-20 00:00:00+00:00,2021-02-18 00:00:00+00:00,365,8821.480707462722,8869.772573322181,37.846336184047814,38.11095947845088
1512,2020-02-21 00:00:00+00:00,2021-02-19 00:00:00+00:00,365,8797.868948583506,8846.183508052158,38.13506507143598,38.39803543709635
1513,2020-02-22 00:00:00+00:00,2021-02-20 00:00:00+00:00,365,8774.46481379966,8822.848612491005,38.012149567691246,38.27547780361332
1514,2020-02-23 00:00:00+00:00,2021-02-21 00:00:00+00:00,365,8750.868024318546,8799.296441333217,38.05573741488386,38.31857860152446
1515,2020-02-24 00:00:00+00:00,2021-02-22 00:00:00+00:00,365,8728.41472728116,8776.902640258844,37.933874021423925,38.197038117432264
1516,2020-02-25 00:00:00+00:00,2021-02-23 00:00:00+00:00,365,8705.660374951995,8754.147717925589,37.81037667552422,38.07353767788298
1517,2020-02-26 00:00:00+00:00,2021-02-24 00:00:00+00:00,365,8681.891353857907,8730.355200938488,37.6813722996892,37.944405780051966
1518,2020-02-27 00:00:00+00:00,2021-02-25 00:00:00+00:00,365,8656.661891781829,8704.977602441395,37.54444150245972,37.8066709847758
1519,2020-02-28 00:00:00+00:00,2021-02-26 00:00:00+00:00,365,8631.5245691661,8679.696052049541,37.40801078445207,37.66945748256498
1520,2020-02-29 00:00:00+00:00,2021-02-27 00:00:00+00:00,365,8606.38280651715,8654.364451068823,37.27155596853511,37.53197233496535
1521,2020-03-01 00:00:00+00:00,2021-02-28 00:00:00+00:00,365,8580.685021887599,8628.480721432225,37.132083389779964,37.39149055522213
1522,2020-03-02 00:00:00+00:00,2021-03-01 00:00:00+00:00,365,8554.408602259005,8601.926090468163,36.98947031791859,37.24736751458501
1523,2020-03-03 00:00:00+00:00,2021-03-02 00:00:00+00:00,365,8529.607921037437,8576.83589070188,36.85486669294779,37.1111925519051
1524,2020-03-04 00:00:00+00:00,2021-03-03 00:00:00+00:00,365,8504.161602741018,8550.996719046421,36.716758926703044,36.97095260688122
1525,2020-03-05 00:00:00+00:00,2021-03-04 00:00:00+00:00,365,8478.937491720038,8525.360430860466,36.579857171877975,36.831813794935016
1526,2020-03-06 00:00:00+00:00,2021-03-05 00:00:00+00:00,365,8454.797318912457,8500.743456195145,36.448838401131624,36.69820722194761
1527,2020-03-07 00:00:00+00:00,2021-03-06 00:00:00+00:00,365,8430.966368290556,8476.386196393298,36.31949790795927,36.566010229679804
1528,2020-03-08 00:00:00+00:00,2021-03-07 00:00:00+00:00,365,8406.191742816258,8450.959820081387,36.185035698379544,36.428010696889615
1529,2020-03-09 00:00:00+00:00,2021-03-08 00:00:00+00:00,365,8378.398071932948,8422.43589724441,36.03418787211559,36.2731994891674
1530,2020-03-10 00:00:00+00:00,2021-03-09 00:00:00+00:00,365,8349.567170163255,8392.745004682933,35.87771056188739,36.11205465077813
1531,2020-03-11 00:00:00+00:00,2021-03-10 00:00:00+00:00,365,8320.715625193341,8362.990707003239,35.72112121241497,35.95056568640791
1532,2020-03-12 00:00:00+00:00,2021-03-11 00:00:00+00:00,365,8291.96744800584,8333.218617131242,35.60150657740612,35.82526732685367
1533,2020-03-13 00:00:00+00:00,2021-03-12 00:00:00+00:00,365,8245.12008601879,8282.753041031548,35.765779224620374,35.97232975088334
1534,2020-03-14 00:00:00+00:00,2021-03-13 00:00:00+00:00,365,8201.901374411034,8238.540293263379,35.87024068144815,36.07026967411237
1535,2020-03-15 00:00:00+00:00,2021-03-14 00:00:00+00:00,365,8154.078312542251,8189.865219832493,35.60915222165264,35.80452968474546
1536,2020-03-16 00:00:00+00:00,2021-03-15 00:00:00+00:00,365,8108.844907943196,8143.6194848647665,35.362201911978225,35.5520525901595
1537,2020-03-17 00:00:00+00:00,2021-03-16 00:00:00+00:00,365,8059.777806850869,8093.81530331523,38.00788427415481,38.20913838028109
1538,2020-03-18 00:00:00+00:00,2021-03-17 00:00:00+00:00,365,8014.672523071242,8047.905250499576,37.74118946661673,37.937685200659054
1539,2020-03-19 00:00:00+00:00,2021-03-18 00:00:00+00:00,365,7969.175693145322,8001.844540746428,40.8363768499504,41.046880293230714
1540,2020-03-20 00:00:00+00:00,2021-03-19 00:00:00+00:00,365,7930.468516567197,7962.39072312014,40.58696511529592,40.79265753758609
1541,2020-03-21 00:00:00+00:00,2021-03-20 00:00:00+00:00,365,7891.323622433842,7922.720141467815,40.33473292447828,40.537038051502215
1542,2020-03-22 00:00:00+00:00,2021-03-21 00:00:00+00:00,365,7852.392511029427,7883.127138176137,40.083878253954744,40.28191844567856
1543,2020-03-23 00:00:00+00:00,2021-03-22 00:00:00+00:00,365,7810.878575128452,7841.1694207384535,40.3778395410394,40.575772483446116
1544,2020-03-24 00:00:00+00:00,2021-03-23 00:00:00+00:00,365,7774.306105874901,7803.952630595384,40.138859865673574,40.33258254828238
1545,2020-03-25 00:00:00+00:00,2021-03-24 00:00:00+00:00,365,7739.537182960101,7768.723272996072,39.91166530975248,40.10237932125765
1546,2020-03-26 00:00:00+00:00,2021-03-25 00:00:00+00:00,365,7704.459207426515,7733.08551974352,39.68245127590124,39.869507467732596
1547,2020-03-27 00:00:00+00:00,2021-03-26 00:00:00+00:00,365,7669.267888945425,7697.521660256927,39.45249661224424,39.637118466707285
1548,2020-03-28 00:00:00+00:00,2021-03-27 00:00:00+00:00,365,7632.4508353536985,7660.202892211227,39.21191872141937,39.39326216565241
1549,2020-03-29 00:00:00+00:00,2021-03-28 00:00:00+00:00,365,7593.700456769804,7621.156961065341,38.95870768362808,39.13811986489857
1550,2020-03-30 00:00:00+00:00,2021-03-29 00:00:00+00:00,365,7552.4627099187555,7579.517972423095,42.550939121833224,42.74537542313096
1551,2020-03-31 00:00:00+00:00,2021-03-30 00:00:00+00:00,365,7514.831815780949,7541.623756741708,42.280499614195556,42.473043519624746
1552,2020-04-01 00:00:00+00:00,2021-03-31 00:00:00+00:00,365,7477.274975850038,7503.691068189122,43.42455339194082,43.62078579799388
1553,2020-04-02 00:00:00+00:00,2021-04-01 00:00:00+00:00,365,7440.9237238321275,7467.107345294097,43.15451747765982,43.349022969717886
1554,2020-04-03 00:00:00+00:00,2021-04-02 00:00:00+00:00,365,7405.535988472462,7431.415331153365,42.89163906380292,43.083884215589855
1555,2020-04-04 00:00:00+00:00,2021-04-03 00:00:00+00:00,365,7369.895912075352,7395.621076172154,42.626886130115885,42.81798596358204
1556,2020-04-05 00:00:00+00:00,2021-04-04 00:00:00+00:00,365,7334.935270936882,7360.390571070084,42.367180393184874,42.556275537456095
1557,2020-04-06 00:00:00+00:00,2021-04-05 00:00:00+00:00,365,7299.393299139706,7324.708871508346,42.10315623124209,42.29121340535935
1558,2020-04-07 00:00:00+00:00,2021-04-06 00:00:00+00:00,365,7266.826441938146,7291.885815451469,41.86123276034351,42.04738675676282
1559,2020-04-08 00:00:00+00:00,2021-04-07 00:00:00+00:00,365,7233.689001498051,7258.637549894742,41.615070701832735,41.80040143192601
1560,2020-04-09 00:00:00+00:00,2021-04-08 00:00:00+00:00,365,7201.50522901119,7226.201239451924,41.37599298246782,41.55944772991837
1561,2020-04-10 00:00:00+00:00,2021-04-09 00:00:00+00:00,365,7168.793350762093,7193.388035988346,41.132992220169704,41.315694271484254
1562,2020-04-11 00:00:00+00:00,2021-04-10 00:00:00+00:00,365,7133.64072565322,7158.042188936213,40.87186032694153,41.0531270256558
1563,2020-04-12 00:00:00+00:00,2021-04-11 00:00:00+00:00,365,7098.431446560115,7122.810319970491,40.610307578596114,40.79140646804476
1564,2020-04-13 00:00:00+00:00,2021-04-12 00:00:00+00:00,365,7063.94833816336,7088.1251092191405,40.354149202026846,40.533746770583576
1565,2020-04-14 00:00:00+00:00,2021-04-13 00:00:00+00:00,365,7028.38446139183,7052.526443264741,40.335801944893,40.51440516687902
1566,2020-04-15 00:00:00+00:00,2021-04-14 00:00:00+00:00,365,6993.12349869823,7017.036802673372,40.07494011587838,40.25185157081918
1567,2020-04-16 00:00:00+00:00,2021-04-15 00:00:00+00:00,365,6956.272985493722,6980.018290258405,41.33652747164639,41.5189673335833
1568,2020-04-17 00:00:00+00:00,2021-04-16 00:00:00+00:00,365,6922.63791712399,6946.030752718097,41.0781026044811,41.25783437623117
1569,2020-04-18 00:00:00+00:00,2021-04-17 00:00:00+00:00,365,6888.737151044414,6911.886615543057,40.81763632938355,40.99549823298511
1570,2020-04-19 00:00:00+00:00,2021-04-18 00:00:00+00:00,365,6856.22035505456,6879.02242116796,40.56780336957067,40.74299614282966
1571,2020-04-20 00:00:00+00:00,2021-04-19 00:00:00+00:00,365,6823.050738413576,6845.61595057192,40.31295465988041,40.48632763746664
1572,2020-04-21 00:00:00+00:00,2021-04-20 00:00:00+00:00,365,6788.339871450093,6810.49032692933,40.15864985999925,40.329313790237066
1573,2020-04-22 00:00:00+00:00,2021-04-21 00:00:00+00:00,365,6753.810152168901,6775.684366459789,41.54896166935952,41.72449488305999
1574,2020-04-23 00:00:00+00:00,2021-04-22 00:00:00+00:00,365,6720.9793176095445,6742.50550252796,43.683636684556475,43.866410968387356
1575,2020-04-24 00:00:00+00:00,2021-04-23 00:00:00+00:00,365,6689.984491687381,6711.29700326193,43.537774528304304,43.71922345367866
1576,2020-04-25 00:00:00+00:00,2021-04-24 00:00:00+00:00,365,6659.275597175621,6680.247622519544,43.48107468364929,43.6604695514761
1577,2020-04-26 00:00:00+00:00,2021-04-25 00:00:00+00:00,365,6628.740547611337,6649.498169172686,44.17452628243145,44.356009135664905
1578,2020-04-27 00:00:00+00:00,2021-04-26 00:00:00+00:00,365,6598.452471000228,6618.922436279872,44.46863994581201,44.64988589226215
1579,2020-04-28 00:00:00+00:00,2021-04-27 00:00:00+00:00,365,6568.399163388343,6588.674963930103,44.202540804574596,44.38206757020521
1580,2020-04-29 00:00:00+00:00,2021-04-28 00:00:00+00:00,365,6538.520199456063,6558.414851300038,49.31275315899223,49.510453150304016
1581,2020-04-30 00:00:00+00:00,2021-04-29 00:00:00+00:00,365,6512.591161396667,6532.260568115999,49.05508739840151,49.25054905151396
1582,2020-05-01 00:00:00+00:00,2021-04-30 00:00:00+00:00,365,6486.025217223677,6505.341077829906,48.79109248291471,48.983040826820385
1583,2020-05-02 00:00:00+00:00,2021-05-01 00:00:00+00:00,365,6460.095098489204,6479.137873149309,48.533415983284414,48.72265057830927
1584,2020-05-03 00:00:00+00:00,2021-05-02 00:00:00+00:00,365,6434.860046780912,6453.462286567563,48.28264660352306,48.46750345213961
1585,2020-05-04 00:00:00+00:00,2021-05-03 00:00:00+00:00,365,6409.230089047009,6427.453890148494,48.0279529068928,48.20904908026074
1586,2020-05-05 00:00:00+00:00,2021-05-04 00:00:00+00:00,365,6384.026278061316,6401.707529294092,47.777493976926436,47.953198645825175
1587,2020-05-06 00:00:00+00:00,2021-05-05 00:00:00+00:00,365,6358.818614148397,6375.996160942966,47.52699675909833,47.69769594391833
1588,2020-05-07 00:00:00+00:00,2021-05-06 00:00:00+00:00,365,6334.790836520493,6351.277965462421,47.288224476701416,47.45206274208742
1589,2020-05-08 00:00:00+00:00,2021-05-07 00:00:00+00:00,365,6312.724902756736,6328.641527198544,47.06894771088547,47.22711667702455
1590,2020-05-09 00:00:00+00:00,2021-05-08 00:00:00+00:00,365,6290.34239541888,6305.517817892696,46.84652504468686,46.997328432187935
1591,2020-05-10 00:00:00+00:00,2021-05-09 00:00:00+00:00,365,6267.190288402765,6281.611770709308,46.616454602045685,46.75976582704559
1592,2020-05-11 00:00:00+00:00,2021-05-10 00:00:00+00:00,365,6241.761964616726,6255.075851822254,46.363764611238146,46.49606928314201
1593,2020-05-12 00:00:00+00:00,2021-05-11 00:00:00+00:00,365,6215.775527059071,6228.027092418157,47.44260663802931,47.56788539231412
1594,2020-05-13 00:00:00+00:00,2021-05-12 00:00:00+00:00,365,6191.240039176939,6202.329678693852,47.191718260295254,47.305115706533925
1595,2020-05-14 00:00:00+00:00,2021-05-13 00:00:00+00:00,365,6168.468232296569,6178.49245702781,46.958864456297746,47.061367471234504
1596,2020-05-15 00:00:00+00:00,2021-05-14 00:00:00+00:00,365,6147.323861627997,6156.019427432757,46.742652050792316,46.83156882345712
1597,2020-05-16 00:00:00+00:00,2021-05-15 00:00:00+00:00,365,6124.875034938013,6132.468158269049,46.513100890557,46.5907446041693
1598,2020-05-17 00:00:00+00:00,2021-05-16 00:00:00+00:00,365,6102.837311279225,6109.261114619583,46.287753476873355,46.35344027334904
1599,2020-05-18 00:00:00+00:00,2021-05-17 00:00:00+00:00,365,6081.905249702686,6087.2648844501255,46.07371204444716,46.128517152602825
1600,2020-05-19 00:00:00+00:00,2021-05-18 00:00:00+00:00,365,6061.533104328999,6065.501006212696,45.86539605218647,45.90596995360596
1601,2020-05-20 00:00:00+00:00,2021-05-19 00:00:00+00:00,365,6041.679149207377,6044.691630339868,45.66237883011216,45.69318304757529
1602,2020-05-21 00:00:00+00:00,2021-05-20 00:00:00+00:00,365,6020.480613801653,6022.615111858835,45.445612561439226,45.467438936256606
1603,2020-05-22 00:00:00+00:00,2021-05-21 00:00:00+00:00,365,5998.428372026381,5999.774598167744,45.220116692313816,45.23388256867595
1604,2020-05-23 00:00:00+00:00,2021-05-22 00:00:00+00:00,365,5976.607581913248,5977.148951514677,44.99698753920064,45.002523330529066
1605,2020-05-24 00:00:00+00:00,2021-05-23 00:00:00+00:00,365,5955.327507952283,5955.194957713218,44.77938749555058,44.7780320990487
1606,2020-05-25 00:00:00+00:00,2021-05-24 00:00:00+00:00,365,5932.038703459266,5931.17588367717,44.711108588154204,44.70225215183656
1607,2020-05-26 00:00:00+00:00,2021-05-25 00:00:00+00:00,365,5909.042511622647,5907.583189796022,44.47506357298955,44.460084325767106
1608,2020-05-27 00:00:00+00:00,2021-05-26 00:00:00+00:00,365,5885.681747964307,5883.56376986575,45.209820785743574,45.18760179052417
1609,2020-05-28 00:00:00+00:00,2021-05-27 00:00:00+00:00,365,5863.396489326114,5860.797807946589,44.97603363965242,44.94877174814006
1610,2020-05-29 00:00:00+00:00,2021-05-28 00:00:00+00:00,365,5842.945136252841,5839.860900448386,44.76148537946265,44.72912969993914
1611,2020-05-30 00:00:00+00:00,2021-05-29 00:00:00+00:00,365,5822.195851864727,5818.714638796833,44.5438116221468,44.507291387794055
1612,2020-05-31 00:00:00+00:00,2021-05-30 00:00:00+00:00,365,5802.056895645148,5798.13039341925,44.33254061218143,44.29134899917768
1613,2020-06-01 00:00:00+00:00,2021-05-31 00:00:00+00:00,365,5780.738240680961,5776.431796699918,44.108893779829316,44.06371632577887
1614,2020-06-02 00:00:00+00:00,2021-06-01 00:00:00+00:00,365,5761.462196531085,5757.042517656384,43.90667528988981,43.86030992669026
1615,2020-06-03 00:00:00+00:00,2021-06-02 00:00:00+00:00,365,5740.385517723966,5735.519595421363,43.685566947940764,43.63452019516594
1616,2020-06-04 00:00:00+00:00,2021-06-03 00:00:00+00:00,365,5719.465498460445,5714.102110897806,43.466102068524535,43.409836575177216
1617,2020-06-05 00:00:00+00:00,2021-06-04 00:00:00+00:00,365,5699.406748054665,5693.611662228797,43.25567247075063,43.19487817625404
1618,2020-06-06 00:00:00+00:00,2021-06-05 00:00:00+00:00,365,5679.198600346139,5672.934091476167,43.04367559616789,42.97795674254581
1619,2020-06-07 00:00:00+00:00,2021-06-06 00:00:00+00:00,365,5658.985607333457,5652.267847991961,42.83162789113041,42.76115413939733
1620,2020-06-08 00:00:00+00:00,2021-06-07 00:00:00+00:00,365,5639.412700425919,5632.284864492749,42.626295113938454,42.551519386733474
1621,2020-06-09 00:00:00+00:00,2021-06-08 00:00:00+00:00,365,5619.952365399542,5612.425127629967,42.42214329045468,42.34317757304171
1622,2020-06-10 00:00:00+00:00,2021-06-09 00:00:00+00:00,365,5599.624451830627,5591.740678938988,42.208889992549494,42.1261839851977
1623,2020-06-11 00:00:00+00:00,2021-06-10 00:00:00+00:00,365,5579.756426008567,5571.473989254832,42.00046122217641,41.913572966456655
1624,2020-06-12 00:00:00+00:00,2021-06-11 00:00:00+00:00,365,5557.981742703323,5549.310716448257,41.77203035001918,41.68106553265874
1625,2020-06-13 00:00:00+00:00,2021-06-12 00:00:00+00:00,365,5537.116587204991,5528.018732852465,41.55314102789377,41.4576985006536
1626,2020-06-14 00:00:00+00:00,2021-06-13 00:00:00+00:00,365,5515.599059325741,5506.100050750599,41.327407886739856,41.22775698559787
1627,2020-06-15 00:00:00+00:00,2021-06-14 00:00:00+00:00,365,5493.510332968047,5483.548255798543,41.09568249464125,40.99117369676683
1628,2020-06-16 00:00:00+00:00,2021-06-15 00:00:00+00:00,365,5471.671689754456,5461.335972479815,40.866580640617514,40.75815211018519
1629,2020-06-17 00:00:00+00:00,2021-06-16 00:00:00+00:00,365,5450.610675156279,5439.717388577229,40.645636626611164,40.531358824310736
1630,2020-06-18 00:00:00+00:00,2021-06-17 00:00:00+00:00,365,5429.144238359206,5417.927840019345,40.42043946480066,40.30277200579241
1631,2020-06-19 00:00:00+00:00,2021-06-18 00:00:00+00:00,365,5407.95808347709,5396.421977547343,40.1981826462037,40.077161242498796
1632,2020-06-20 00:00:00+00:00,2021-06-19 00:00:00+00:00,365,5386.501591235395,5374.623505030939,39.97308980937585,39.84848080573586
1633,2020-06-21 00:00:00+00:00,2021-06-20 00:00:00+00:00,365,5365.286410030642,5353.040330556399,39.750528485399755,39.62205898825054
1634,2020-06-22 00:00:00+00:00,2021-06-21 00:00:00+00:00,365,5344.783143437829,5332.171123672147,39.535435617953055,39.40312716439933
1635,2020-06-23 00:00:00+00:00,2021-06-22 00:00:00+00:00,365,5325.243428353832,5312.339036848711,39.33045104500792,39.19507541796202
1636,2020-06-24 00:00:00+00:00,2021-06-23 00:00:00+00:00,365,5305.2626334189345,5291.986440472783,39.12083925183551,38.981563181037885
1637,2020-06-25 00:00:00+00:00,2021-06-24 00:00:00+00:00,365,5283.980569858738,5270.409461469908,38.89757628758424,38.7552063581601
1638,2020-06-26 00:00:00+00:00,2021-06-25 00:00:00+00:00,365,5263.313919174733,5249.428750497569,38.680769412639755,38.535104782458376
1639,2020-06-27 00:00:00+00:00,2021-06-26 00:00:00+00:00,365,5242.222809084325,5228.108235555076,38.459509676955975,38.31143843770001
1640,2020-06-28 00:00:00+00:00,2021-06-27 00:00:00+00:00,365,5219.979279547108,5205.613899418602,38.54583862725624,38.393875964293365
1641,2020-06-29 00:00:00+00:00,2021-06-28 00:00:00+00:00,365,5198.076926894389,5183.503517750223,38.31414689306713,38.15998361703935
1642,2020-06-30 00:00:00+00:00,2021-06-29 00:00:00+00:00,365,5176.204284219708,5161.297184670415,38.08276944275627,37.9250762578702
1643,2020-07-01 00:00:00+00:00,2021-06-30 00:00:00+00:00,365,5154.228530713346,5139.148244691235,37.85030124535607,37.69077602558034
1644,2020-07-02 00:00:00+00:00,2021-07-01 00:00:00+00:00,365,5132.944829675798,5117.678874783957,37.625153852217935,37.463664553829524
1645,2020-07-03 00:00:00+00:00,2021-07-02 00:00:00+00:00,365,5111.108367524497,5095.663204694054,37.39415913376875,37.23077410304813
1646,2020-07-04 00:00:00+00:00,2021-07-03 00:00:00+00:00,365,5088.994376053135,5073.366697432144,37.222041330004124,37.056450587158366
1647,2020-07-05 00:00:00+00:00,2021-07-04 00:00:00+00:00,365,5066.888801241155,5051.09537132045,36.98781085707697,36.82046381494242
1648,2020-07-06 00:00:00+00:00,2021-07-05 00:00:00+00:00,365,5044.961830142858,5028.999881036141,37.00599736994227,36.83571189542644
1649,2020-07-07 00:00:00+00:00,2021-07-06 00:00:00+00:00,365,5023.766220081972,5007.692045435066,36.779878085089294,36.608395364595786
1650,2020-07-08 00:00:00+00:00,2021-07-07 00:00:00+00:00,365,5002.314478736594,4986.154553172074,36.55102633711251,36.37862880755664
1651,2020-07-09 00:00:00+00:00,2021-07-08 00:00:00+00:00,365,4981.644535190069,4965.463141470449,36.330514974652765,36.15788841824347
1652,2020-07-10 00:00:00+00:00,2021-07-09 00:00:00+00:00,365,4960.071904319722,4943.863374817991,36.10037355146241,35.927457504747004
1653,2020-07-11 00:00:00+00:00,2021-07-10 00:00:00+00:00,365,4938.711872869387,4922.508356639674,35.872500184189064,35.69963762012786
1654,2020-07-12 00:00:00+00:00,2021-07-11 00:00:00+00:00,365,4917.007559765432,4900.845790230245,35.64095394686948,35.468536745441575
1655,2020-07-13 00:00:00+00:00,2021-07-12 00:00:00+00:00,365,4895.674311614858,4879.6201119798025,35.41336630954543,35.24209668673496
1656,2020-07-14 00:00:00+00:00,2021-07-13 00:00:00+00:00,365,4874.316086768892,4858.351815558413,35.185512215512475,35.01520196829889
1657,2020-07-15 00:00:00+00:00,2021-07-14 00:00:00+00:00,365,4852.6662069179165,4837.1195421032335,34.954546683735245,34.788691550542715
1658,2020-07-16 00:00:00+00:00,2021-07-15 00:00:00+00:00,365,4831.471209826588,4815.969881262732,34.72843393817213,34.56306246176445
1659,2020-07-17 00:00:00+00:00,2021-07-16 00:00:00+00:00,365,4810.055795891235,4794.680234082167,34.60537978869466,34.44084884777251
1660,2020-07-18 00:00:00+00:00,2021-07-17 00:00:00+00:00,365,4788.672683744271,4773.443349452178,34.42361528333745,34.260426039069806
1661,2020-07-19 00:00:00+00:00,2021-07-18 00:00:00+00:00,365,4767.233254402042,4752.226090413115,34.19388204583774,34.03307345742655
1662,2020-07-20 00:00:00+00:00,2021-07-19 00:00:00+00:00,365,4746.123351197421,4731.378498999077,33.967679830793195,33.80968203253519
1663,2020-07-21 00:00:00+00:00,2021-07-20 00:00:00+00:00,365,4724.613839906933,4710.696296359314,34.69343768908553,34.54007788115478
1664,2020-07-22 00:00:00+00:00,2021-07-21 00:00:00+00:00,365,4703.003944958651,4690.044553489146,35.071520922389155,34.92616525911001
1665,2020-07-23 00:00:00+00:00,2021-07-22 00:00:00+00:00,365,4683.0941543088775,4669.780205595876,34.920699923841916,34.77105681620294
1666,2020-07-24 00:00:00+00:00,2021-07-23 00:00:00+00:00,365,4663.07884419804,4649.461677225951,34.695736370961576,34.54268521935601
1667,2020-07-25 00:00:00+00:00,2021-07-24 00:00:00+00:00,365,4642.456216494194,4628.786392138913,35.12166346121229,34.965088310344036
1668,2020-07-26 00:00:00+00:00,2021-07-25 00:00:00+00:00,365,4622.436964472674,4608.349990299365,35.87924489531294,35.71332802237542
1669,2020-07-27 00:00:00+00:00,2021-07-26 00:00:00+00:00,365,4603.005024047596,4588.087157004784,36.396277088177136,36.2168977447634
1670,2020-07-28 00:00:00+00:00,2021-07-27 00:00:00+00:00,365,4587.446144800261,4570.2876382185705,36.20918991709357,36.00286808597984
1671,2020-07-29 00:00:00+00:00,2021-07-28 00:00:00+00:00,365,4569.118132442367,4552.114736905736,35.98880540680112,35.784348702742044
1672,2020-07-30 00:00:00+00:00,2021-07-29 00:00:00+00:00,365,4551.382218070278,4534.30213267764,35.77554055695514,35.57016169854399
1673,2020-07-31 00:00:00+00:00,2021-07-30 00:00:00+00:00,365,4533.1994499097855,4516.25435085694,35.556902530170674,35.35314681003609
1674,2020-08-01 00:00:00+00:00,2021-07-31 00:00:00+00:00,365,4515.912094368863,4498.646085253159,35.34903135948715,35.14141686810831
1675,2020-08-02 00:00:00+00:00,2021-08-01 00:00:00+00:00,365,4500.1547853539605,4482.277942348887,35.15955817696388,34.94459873595548
1676,2020-08-03 00:00:00+00:00,2021-08-02 00:00:00+00:00,365,4481.6233122125595,4464.552993508161,34.93672715996568,34.73146574073794
1677,2020-08-04 00:00:00+00:00,2021-08-03 00:00:00+00:00,365,4463.650663613012,4447.325156400332,34.72061570811129,34.5243102472634
1678,2020-08-05 00:00:00+00:00,2021-08-04 00:00:00+00:00,365,4445.379684236335,4429.757356455706,34.5009169888032,34.31306688316536
1679,2020-08-06 00:00:00+00:00,2021-08-05 00:00:00+00:00,365,4427.996834294425,4413.075505393946,34.29189754920832,34.11247657881443
1680,2020-08-07 00:00:00+00:00,2021-08-06 00:00:00+00:00,365,4410.434519375228,4396.199613994608,34.08072013959676,33.90955304356323
1681,2020-08-08 00:00:00+00:00,2021-08-07 00:00:00+00:00,365,4392.265427312411,4378.737964377312,33.862246560545636,33.699586080170796
1682,2020-08-09 00:00:00+00:00,2021-08-08 00:00:00+00:00,365,4374.525945685534,4361.637837475086,33.6489388163757,33.49396623336495
1683,2020-08-10 00:00:00+00:00,2021-08-09 00:00:00+00:00,365,4357.231963845408,4344.104047116587,33.44098796800119,33.283131816284055
1684,2020-08-11 00:00:00+00:00,2021-08-10 00:00:00+00:00,365,4339.405563354442,4327.046529832435,33.22663507114784,33.0780243272631
1685,2020-08-12 00:00:00+00:00,2021-08-11 00:00:00+00:00,365,4320.571375694325,4308.996459447888,33.00016407455649,32.86098192000341
1686,2020-08-13 00:00:00+00:00,2021-08-12 00:00:00+00:00,365,4302.393575175601,4291.497923346818,32.7815857809977,32.65057141644393
1687,2020-08-14 00:00:00+00:00,2021-08-13 00:00:00+00:00,365,4284.317800891034,4273.969099852586,32.5642342981379,32.43979672323966
1688,2020-08-15 00:00:00+00:00,2021-08-14 00:00:00+00:00,365,4266.4291360845755,4256.514458473154,32.34913270631368,32.22991403014559
1689,2020-08-16 00:00:00+00:00,2021-08-15 00:00:00+00:00,365,4248.810130498496,4239.24734872118,32.13727362186388,32.02228630420641
1690,2020-08-17 00:00:00+00:00,2021-08-16 00:00:00+00:00,365,4231.418718272483,4222.181654962464,31.928151225398828,31.81708049746787
1691,2020-08-18 00:00:00+00:00,2021-08-17 00:00:00+00:00,365,4215.181415463325,4206.063176102153,31.732906375155967,31.62326444142628
1692,2020-08-19 00:00:00+00:00,2021-08-18 00:00:00+00:00,365,4198.0668008248485,4189.3126815948835,31.5271123210986,31.421848736490283
1693,2020-08-20 00:00:00+00:00,2021-08-19 00:00:00+00:00,365,4180.2640505216195,4171.843072360454,31.313043805057582,31.21178606297447
1694,2020-08-21 00:00:00+00:00,2021-08-20 00:00:00+00:00,365,4162.488019168048,4154.321085076268,31.099296570043705,31.001093571526393
1695,2020-08-22 00:00:00+00:00,2021-08-21 00:00:00+00:00,365,4144.009438010787,4136.131711873779,30.87710155076284,30.782376122657446
1696,2020-08-23 00:00:00+00:00,2021-08-22 00:00:00+00:00,365,4125.950344776737,4118.229875311504,30.65995064858128,30.56711614754001
1697,2020-08-24 00:00:00+00:00,2021-08-23 00:00:00+00:00,365,4107.761431195937,4100.269038198132,30.44123872641642,30.351146722466595
1698,2020-08-25 00:00:00+00:00,2021-08-24 00:00:00+00:00,365,4090.547099349257,4082.711218085038,30.2342456264577,30.140023360485646
1699,2020-08-26 00:00:00+00:00,2021-08-25 00:00:00+00:00,365,4071.603994633082,4064.181642854583,30.00646496073294,29.917215164847775
1700,2020-08-27 00:00:00+00:00,2021-08-26 00:00:00+00:00,365,4053.1350786782727,4046.105585287459,29.78438616032337,29.69986027566729
1701,2020-08-28 00:00:00+00:00,2021-08-27 00:00:00+00:00,365,4034.149552030137,4027.4774171042627,29.556095393638486,29.475866552696523
1702,2020-08-29 00:00:00+00:00,2021-08-28 00:00:00+00:00,365,4015.6609165736845,4009.3194989243707,29.333779476806903,29.257527333589533
1703,2020-08-30 00:00:00+00:00,2021-08-29 00:00:00+00:00,365,3997.137388569826,3991.0738197110823,29.111043995822765,29.038132835165285
1704,2020-08-31 00:00:00+00:00,2021-08-30 00:00:00+00:00,365,3979.259049527416,3973.4689554076335,28.896066565768454,28.826443792048213
1705,2020-09-01 00:00:00+00:00,2021-08-31 00:00:00+00:00,365,3961.3629057167,3955.8112179357495,28.68087504293269,28.614118977462542
1706,2020-09-02 00:00:00+00:00,2021-09-01 00:00:00+00:00,365,3943.8727311966422,3938.5506898879094,28.47056508289646,28.406570392982577
1707,2020-09-03 00:00:00+00:00,2021-09-02 00:00:00+00:00,365,3925.2231930360267,3920.0979991871177,28.24631439741843,28.184686692542993
1708,2020-09-04 00:00:00+00:00,2021-09-03 00:00:00+00:00,365,3903.771451988315,3898.8936840254732,27.988368726420234,27.929716185008775
1709,2020-09-05 00:00:00+00:00,2021-09-04 00:00:00+00:00,365,3882.9027887423745,3878.219484566619,27.73743425299744,27.6811200342393
1710,2020-09-06 00:00:00+00:00,2021-09-05 00:00:00+00:00,365,3860.945273564902,3856.4645936654915,27.473406919583848,27.41952914898187
1711,2020-09-07 00:00:00+00:00,2021-09-06 00:00:00+00:00,365,3839.2782911505774,3834.948750196899,27.212873086691747,27.160812680782175
1712,2020-09-08 00:00:00+00:00,2021-09-07 00:00:00+00:00,365,3818.53057738988,3814.370931987789,26.963392965904415,26.91337546280429
1713,2020-09-09 00:00:00+00:00,2021-09-08 00:00:00+00:00,365,3797.1894633009315,3793.199791230528,27.06731426270724,27.018692961750535
1714,2020-09-10 00:00:00+00:00,2021-09-09 00:00:00+00:00,365,3776.15710758851,3772.298836414513,26.84285507828723,26.795779261923887
1715,2020-09-11 00:00:00+00:00,2021-09-10 00:00:00+00:00,365,3755.680667544945,3751.9088908442764,26.59301646202757,26.546995988266964
1716,2020-09-12 00:00:00+00:00,2021-09-11 00:00:00+00:00,365,3735.2998214449985,3731.607423662972,26.34434421348346,26.299292263506853
1717,2020-09-13 00:00:00+00:00,2021-09-12 00:00:00+00:00,365,3714.9280547580975,3711.2898708075936,26.09578274532828,26.05139227306073
1718,2020-09-14 00:00:00+00:00,2021-09-13 00:00:00+00:00,365,3694.430385096218,3690.8380555735143,25.84568510071934,25.801854110801585
1719,2020-09-15 00:00:00+00:00,2021-09-14 00:00:00+00:00,365,3674.5659288684365,3670.970017394314,25.603313465506357,25.559438771224745
1720,2020-09-16 00:00:00+00:00,2021-09-15 00:00:00+00:00,365,3654.8412509449327,3651.241610591756,25.36264730341513,25.318727112065627
1721,2020-09-17 00:00:00+00:00,2021-09-16 00:00:00+00:00,365,3635.604113451687,3631.9950381811186,25.12792975476488,25.083894445421194
1722,2020-09-18 00:00:00+00:00,2021-09-17 00:00:00+00:00,365,3616.3552195062366,3612.7461578027355,24.893068762442553,24.849033618634348
1723,2020-09-19 00:00:00+00:00,2021-09-18 00:00:00+00:00,365,3597.004120773458,3593.340956494561,24.656960741701862,24.612265477650865
1724,2020-09-20 00:00:00+00:00,2021-09-19 00:00:00+00:00,365,3578.1289444534955,3574.4025308867513,24.426659579810263,24.3811925939892
1725,2020-09-21 00:00:00+00:00,2021-09-20 00:00:00+00:00,365,3559.4683819154225,3555.709200598256,24.19897697906423,24.15311018500472
1726,2020-09-22 00:00:00+00:00,2021-09-21 00:00:00+00:00,365,3540.06036366842,3536.2655511887206,23.96217446784367,23.91587292827547
1727,2020-09-23 00:00:00+00:00,2021-09-22 00:00:00+00:00,365,3520.366589017169,3516.5091392309287,23.72188536498546,23.674819570597613
1728,2020-09-24 00:00:00+00:00,2021-09-23 00:00:00+00:00,365,3499.796316816847,3495.8435876311432,24.35794713622196,24.307896099450595
1729,2020-09-25 00:00:00+00:00,2021-09-24 00:00:00+00:00,365,3480.766927635892,3476.732494722284,24.116989404769633,24.065903802740298
1730,2020-09-26 00:00:00+00:00,2021-09-25 00:00:00+00:00,365,3461.909190660621,3457.4992722576308,23.878205202151417,23.822365052781944
1731,2020-09-27 00:00:00+00:00,2021-09-26 00:00:00+00:00,365,3442.8097600273186,3438.346601448591,23.636360577835386,23.579846280081757
1732,2020-09-28 00:00:00+00:00,2021-09-27 00:00:00+00:00,365,3423.8973347064,3419.3285830159857,23.396883889526816,23.33903252958968
1733,2020-09-29 00:00:00+00:00,2021-09-28 00:00:00+00:00,365,3405.111116915701,3400.434991221386,23.15900529140835,23.099794318918715
1734,2020-09-30 00:00:00+00:00,2021-09-29 00:00:00+00:00,365,3386.5989879826157,3381.7725136182607,22.924597315952493,22.86348256851164
1735,2020-10-01 00:00:00+00:00,2021-09-30 00:00:00+00:00,365,3367.6173656812302,3362.5972899298567,22.684244427820683,22.620678222239032
1736,2020-10-02 00:00:00+00:00,2021-10-01 00:00:00+00:00,365,3347.7861180763084,3342.4654301536602,22.433133244518288,22.365760567475654
1737,2020-10-03 00:00:00+00:00,2021-10-02 00:00:00+00:00,365,3327.901737445368,3322.2784104889306,22.181349269604304,22.11014445615743
1738,2020-10-04 00:00:00+00:00,2021-10-03 00:00:00+00:00,365,3308.1355716081644,3302.0072494154024,22.032497513783806,21.95453933745084
1739,2020-10-05 00:00:00+00:00,2021-10-04 00:00:00+00:00,365,3288.343632869274,3281.8783440862408,21.78072494020731,21.69848022344184
1740,2020-10-06 00:00:00+00:00,2021-10-05 00:00:00+00:00,365,3268.593371413622,3261.7599384384116,21.529482541920817,21.442554675518792
1741,2020-10-07 00:00:00+00:00,2021-10-06 00:00:00+00:00,365,3248.1005769641956,3240.8482078745947,21.439674670608248,21.346676309056956
1742,2020-10-08 00:00:00+00:00,2021-10-07 00:00:00+00:00,365,3227.9724286136434,3220.2564865333316,21.74582943619883,21.64425083480252
1743,2020-10-09 00:00:00+00:00,2021-10-08 00:00:00+00:00,365,3208.458220916145,3200.2070364807014,21.898610797012232,21.78791494406479
1744,2020-10-10 00:00:00+00:00,2021-10-09 00:00:00+00:00,365,3189.287904733515,3180.44743270836,22.185361700925775,22.06377918147734
1745,2020-10-11 00:00:00+00:00,2021-10-10 00:00:00+00:00,365,3170.686895168621,3161.2167149953298,22.01490272919218,21.88415290466656
1746,2020-10-12 00:00:00+00:00,2021-10-11 00:00:00+00:00,365,3152.0352584149005,3141.9203918542107,21.757389335778356,21.61773866348807
1747,2020-10-13 00:00:00+00:00,2021-10-12 00:00:00+00:00,365,3133.900810848936,3123.0718255801085,21.50701650297777,21.35750636718511
1748,2020-10-14 00:00:00+00:00,2021-10-13 00:00:00+00:00,365,3115.5040231489465,3103.889929855715,21.25302167715676,21.09267196550112
1749,2020-10-15 00:00:00+00:00,2021-10-14 00:00:00+00:00,365,3097.158703079036,3084.6676271168108,20.99973743798547,20.8272796853016
1750,2020-10-16 00:00:00+00:00,2021-10-15 00:00:00+00:00,365,3078.7126013064276,3065.3080166705713,20.74506175855623,20.559991669402063
1751,2020-10-17 00:00:00+00:00,2021-10-16 00:00:00+00:00,365,3060.086614151395,3045.642378970241,20.540320648396825,20.340386423040126
1752,2020-10-18 00:00:00+00:00,2021-10-17 00:00:00+00:00,365,3041.551556950923,3025.988597264589,20.560212930699613,20.34185755610213
1753,2020-10-19 00:00:00+00:00,2021-10-18 00:00:00+00:00,365,3023.135611109184,3006.5639238172917,20.857353407188427,20.61848293916953
1754,2020-10-20 00:00:00+00:00,2021-10-19 00:00:00+00:00,365,3005.2799715347346,2987.5002452603467,21.236434992751775,20.976009400666953
1755,2020-10-21 00:00:00+00:00,2021-10-20 00:00:00+00:00,365,2987.7110161691567,2968.681404582535,23.51109775426924,23.207560378523524
1756,2020-10-22 00:00:00+00:00,2021-10-21 00:00:00+00:00,365,2971.0491314901565,2951.750499603747,23.481488531079123,23.170532683527824
1757,2020-10-23 00:00:00+00:00,2021-10-22 00:00:00+00:00,365,2956.372726763516,2935.1813945816857,23.245009909297014,22.90355727689655
1758,2020-10-24 00:00:00+00:00,2021-10-23 00:00:00+00:00,365,2941.8281032217847,2918.503826644826,23.2058987967808,22.826889548088726
1759,2020-10-25 00:00:00+00:00,2021-10-24 00:00:00+00:00,365,2927.456385831436,2902.113285424831,22.972364702269516,22.560550453156903
1760,2020-10-26 00:00:00+00:00,2021-10-25 00:00:00+00:00,365,2911.2672004496344,2885.4523464750127,22.794007344434654,22.37296257055021
1761,2020-10-27 00:00:00+00:00,2021-10-26 00:00:00+00:00,365,2895.2946681722988,2869.043901915833,22.985652443649748,22.54890646086797
1762,2020-10-28 00:00:00+00:00,2021-10-27 00:00:00+00:00,365,2881.28402331501,2853.6883372456145,22.752550948713544,22.293428920991897
1763,2020-10-29 00:00:00+00:00,2021-10-28 00:00:00+00:00,365,2865.1499435077044,2837.597548211638,22.877060161375923,22.410647214543598
1764,2020-10-30 00:00:00+00:00,2021-10-29 00:00:00+00:00,365,2849.184927457064,2821.668481314581,22.861021509055597,22.38997899982976
1765,2020-10-31 00:00:00+00:00,2021-10-30 00:00:00+00:00,365,2833.491877831666,2805.965630454184,22.592378769558056,22.12116847709802
1766,2020-11-01 00:00:00+00:00,2021-10-31 00:00:00+00:00,365,2818.2642026793555,2790.5826441080035,22.331702580624416,21.857833580928254
1767,2020-11-02 00:00:00+00:00,2021-11-01 00:00:00+00:00,365,2802.7730179271243,2775.1229451135014,22.06651548128799,21.593185473082546
1768,2020-11-03 00:00:00+00:00,2021-11-02 00:00:00+00:00,365,2786.9174202950903,2759.3183928261515,22.611467362573066,22.12131441901057
1769,2020-11-04 00:00:00+00:00,2021-11-03 00:00:00+00:00,365,2771.831884777932,2744.0964206286253,22.61206666570157,22.113571067062264
1770,2020-11-05 00:00:00+00:00,2021-11-04 00:00:00+00:00,365,2756.844258268252,2729.1683633342354,23.84697080786354,23.316055425129715
1771,2020-11-06 00:00:00+00:00,2021-11-05 00:00:00+00:00,365,2744.7766141164484,2716.1042184251514,23.61547340086639,23.065441831205007
1772,2020-11-07 00:00:00+00:00,2021-11-06 00:00:00+00:00,365,2731.021620594497,2703.0213024002987,23.351607041074992,22.814468145072386
1773,2020-11-08 00:00:00+00:00,2021-11-07 00:00:00+00:00,365,2716.236643871932,2688.938015398182,23.982946823368163,23.43849757754103
1774,2020-11-09 00:00:00+00:00,2021-11-08 00:00:00+00:00,365,2701.9434801595125,2675.318708533934,24.19931842766123,23.671798371091217
1775,2020-11-10 00:00:00+00:00,2021-11-09 00:00:00+00:00,365,2687.5184503309456,2661.5184870731046,23.913513439051325,23.398372791782148
1776,2020-11-11 00:00:00+00:00,2021-11-10 00:00:00+00:00,365,2673.236407340015,2647.8651523219773,24.458961619619444,23.938654967785588
1777,2020-11-12 00:00:00+00:00,2021-11-11 00:00:00+00:00,365,2659.5328881433034,2634.666691701887,24.692418097712128,24.171617794779838
1778,2020-11-13 00:00:00+00:00,2021-11-12 00:00:00+00:00,365,2646.6844280295063,2622.1235938112595,24.423318561912843,23.90891379835086
1779,2020-11-14 00:00:00+00:00,2021-11-13 00:00:00+00:00,365,2633.5624840772716,2609.6007804260134,24.148491151074815,23.64663464279259
1780,2020-11-15 00:00:00+00:00,2021-11-14 00:00:00+00:00,365,2620.135730084531,2596.798847268739,23.867279765839804,23.37850957259397
1781,2020-11-16 00:00:00+00:00,2021-11-15 00:00:00+00:00,365,2606.7032232415863,2583.9587462795407,25.069511752389477,24.563185596095938
1782,2020-11-17 00:00:00+00:00,2021-11-16 00:00:00+00:00,365,2594.4472184638457,2572.1371853013543,25.50772993709397,24.99683336324765
1783,2020-11-18 00:00:00+00:00,2021-11-17 00:00:00+00:00,365,2583.2861693017994,2561.1973951451264,25.25214350493185,24.74631373072594
1784,2020-11-19 00:00:00+00:00,2021-11-18 00:00:00+00:00,365,2572.111230548474,2550.6336879727487,24.996239003112684,24.504406344834777
1785,2020-11-20 00:00:00+00:00,2021-11-19 00:00:00+00:00,365,2560.8238987272653,2539.9806143621117,24.73776071608722,24.260452480267805
1786,2020-11-21 00:00:00+00:00,2021-11-20 00:00:00+00:00,365,2550.3942891840948,2529.8865979482207,24.49892414675755,24.029300945680415
1787,2020-11-22 00:00:00+00:00,2021-11-21 00:00:00+00:00,365,2539.7684690265573,2519.8818545424924,24.25559438237513,23.80019375023296
1788,2020-11-23 00:00:00+00:00,2021-11-22 00:00:00+00:00,365,2529.1506817744325,2509.917743195053,24.012448570379664,23.5720170231186
1789,2020-11-24 00:00:00+00:00,2021-11-23 00:00:00+00:00,365,2518.36147833529,2499.7592368813193,23.76537735217744,23.339388679033117
1790,2020-11-25 00:00:00+00:00,2021-11-24 00:00:00+00:00,365,2508.3913586580275,2490.24736780405,23.537063035168043,23.1215682353315
1791,2020-11-26 00:00:00+00:00,2021-11-25 00:00:00+00:00,365,2497.813514603886,2480.2771660769536,23.29483191670304,22.893252039392625
1792,2020-11-27 00:00:00+00:00,2021-11-26 00:00:00+00:00,365,2486.2165210766634,2469.360587199757,23.029262420825418,22.64326394184647
1793,2020-11-28 00:00:00+00:00,2021-11-27 00:00:00+00:00,365,2474.5578527292164,2458.3548171239227,23.92449743873726,23.534504977419864
1794,2020-11-29 00:00:00+00:00,2021-11-28 00:00:00+00:00,365,2463.3267039149014,2447.701387269981,24.22984962636977,23.84460943678547
1795,2020-11-30 00:00:00+00:00,2021-11-29 00:00:00+00:00,365,2452.460008220418,2437.3705215743394,23.96193262957351,23.58990326028999
1796,2020-12-01 00:00:00+00:00,2021-11-30 00:00:00+00:00,365,2442.951207507585,2428.2364810505915,23.727494360412294,23.3647046558071
1797,2020-12-02 00:00:00+00:00,2021-12-01 00:00:00+00:00,365,2432.6683394030624,2418.470782145102,23.47397155840595,23.123932594461582
1798,2020-12-03 00:00:00+00:00,2021-12-02 00:00:00+00:00,365,2422.78620945251,2409.0543889500877,23.230328904489866,22.891772620869823
1799,2020-12-04 00:00:00+00:00,2021-12-03 00:00:00+00:00,365,2413.389435700149,2400.0876970832824,22.998652645755165,22.670699976186167
1800,2020-12-05 00:00:00+00:00,2021-12-04 00:00:00+00:00,365,2403.9063534877077,2391.0356488716893,22.76484846294188,22.44752288170508
1801,2020-12-06 00:00:00+00:00,2021-12-05 00:00:00+00:00,365,2394.7383832831383,2382.2567158306642,22.538813326504524,22.231079406930967
1802,2020-12-07 00:00:00+00:00,2021-12-06 00:00:00+00:00,365,2385.6647474897045,2373.523940331766,22.31510399294566,22.015773940472698
1803,2020-12-08 00:00:00+00:00,2021-12-07 00:00:00+00:00,365,2376.5907864082174,2364.658486725615,22.09138663945132,21.797197312197163
1804,2020-12-09 00:00:00+00:00,2021-12-08 00:00:00+00:00,365,2366.7210865106626,2355.1458852091037,21.848050446907013,21.56266533470587
1805,2020-12-10 00:00:00+00:00,2021-12-09 00:00:00+00:00,365,2357.3408013840162,2346.111275668252,21.616780713136926,21.3399181884284
1806,2020-12-11 00:00:00+00:00,2021-12-10 00:00:00+00:00,365,2347.8252051990085,2336.911354841596,21.382174902475693,21.11309531347735
1807,2020-12-12 00:00:00+00:00,2021-12-11 00:00:00+00:00,365,2337.921810344416,2327.297500831475,22.357099311963495,22.080051404706996
1808,2020-12-13 00:00:00+00:00,2021-12-12 00:00:00+00:00,365,2328.571623515098,2318.199305826681,22.675725580851832,22.39836926029941
1809,2020-12-14 00:00:00+00:00,2021-12-13 00:00:00+00:00,365,2319.8880618127405,2309.753136528259,22.657808970095964,22.384213049093628
1810,2020-12-15 00:00:00+00:00,2021-12-14 00:00:00+00:00,365,2311.152248494893,2301.2210836858208,22.66001035744561,22.389068970692747
1811,2020-12-16 00:00:00+00:00,2021-12-15 00:00:00+00:00,365,2302.481762907234,2292.733139618796,25.695046756075325,25.39028169176515
1812,2020-12-17 00:00:00+00:00,2021-12-16 00:00:00+00:00,365,2295.2376688958616,2285.6612036743654,28.020014016778077,27.69063892082375
1813,2020-12-18 00:00:00+00:00,2021-12-17 00:00:00+00:00,365,2289.0830445213774,2279.552133308069,28.082074213525672,27.751038984836036
1814,2020-12-19 00:00:00+00:00,2021-12-18 00:00:00+00:00,365,2282.891551507003,2273.506509413477,27.867026327749358,27.541057541957475
1815,2020-12-20 00:00:00+00:00,2021-12-19 00:00:00+00:00,365,2277.1756478334673,2267.8670210177447,27.668496991215953,27.34518232195049
1816,2020-12-21 00:00:00+00:00,2021-12-20 00:00:00+00:00,365,2271.1850019126173,2262.057579440464,27.460425087278985,27.14340415215609
1817,2020-12-22 00:00:00+00:00,2021-12-21 00:00:00+00:00,365,2264.662319157679,2255.6951565659992,27.90438348310139,27.585260677596384
1818,2020-12-23 00:00:00+00:00,2021-12-22 00:00:00+00:00,365,2258.788770243499,2249.7894467056867,27.69535600215629,27.375088654969048
1819,2020-12-24 00:00:00+00:00,2021-12-23 00:00:00+00:00,365,2252.260356933861,2243.4370508100887,28.189915355600515,27.86760105755321
1820,2020-12-25 00:00:00+00:00,2021-12-24 00:00:00+00:00,365,2245.950623429373,2237.275625539133,29.74589273575608,29.408747965503412
1821,2020-12-26 00:00:00+00:00,2021-12-25 00:00:00+00:00,365,2240.1751338625245,2231.5852529847025,32.98503998010456,32.61203575513896
1822,2020-12-27 00:00:00+00:00,2021-12-26 00:00:00+00:00,365,2235.2151277404073,2226.631441963517,32.76965826926131,32.3969230583664
1823,2020-12-28 00:00:00+00:00,2021-12-27 00:00:00+00:00,365,2230.107336520913,2221.659353383843,33.797421391391694,33.41649524227709
1824,2020-12-29 00:00:00+00:00,2021-12-28 00:00:00+00:00,365,2225.6287596421116,2217.2738946627787,33.9948806929777,33.61367456862925
1825,2020-12-30 00:00:00+00:00,2021-12-29 00:00:00+00:00,365,2221.3556675573186,2213.108561118669,37.29523350716671,36.880031177548574
1826,2020-12-31 00:00:00+00:00,2021-12-30 00:00:00+00:00,365,2217.6527581066243,2209.426861009598,37.51047986941627,37.09186268757571
1827,2021-01-01 00:00:00+00:00,2021-12-31 00:00:00+00:00,365,2214.0168300279424,2205.8972087596094,38.14039441892962,37.718163810442306
1828,2021-01-02 00:00:00+00:00,2022-01-01 00:00:00+00:00,365,2210.377247038503,2202.3328559247566,38.84253883799866,38.41439470382949
1829,2021-01-03 00:00:00+00:00,2022-01-02 00:00:00+00:00,365,2207.6210117531864,2199.5630798152233,38.69584458194964,38.266979768691364
1830,2021-01-04 00:00:00+00:00,2022-01-03 00:00:00+00:00,365,2205.2221696734587,2197.2279847662085,38.56817175367572,38.14269972886898
1831,2021-01-05 00:00:00+00:00,2022-01-04 00:00:00+00:00,365,2202.4563811561684,2194.5812026064878,38.42096904892323,38.00183086258877
1832,2021-01-06 00:00:00+00:00,2022-01-05 00:00:00+00:00,365,2200.6258677223555,2192.820049607917,38.32354419996659,37.90809756257257
1833,2021-01-07 00:00:00+00:00,2022-01-06 00:00:00+00:00,365,2199.467828167214,2191.693348312435,38.26191021976113,37.84813148884484
1834,2021-01-08 00:00:00+00:00,2022-01-07 00:00:00+00:00,365,2199.0502693277485,2191.306757025486,38.23968661510792,37.82755606063809
1835,2021-01-09 00:00:00+00:00,2022-01-08 00:00:00+00:00,365,2198.827766616511,2191.142089629837,38.227844422292314,37.81879201889281
1836,2021-01-10 00:00:00+00:00,2022-01-09 00:00:00+00:00,365,2198.491061570589,2190.896498015257,38.20992407402502,37.80572097253309
1837,2021-01-11 00:00:00+00:00,2022-01-10 00:00:00+00:00,365,2197.776032802506,2190.300353636712,38.1718683195884,37.77399256510199
1838,2021-01-12 00:00:00+00:00,2022-01-11 00:00:00+00:00,365,2196.257266051155,2188.938373246919,38.09103546765869,37.70150430508357
1839,2021-01-13 00:00:00+00:00,2022-01-12 00:00:00+00:00,365,2194.202012402414,2187.043799481078,37.98164933992123,37.600669992936616
1840,2021-01-14 00:00:00+00:00,2022-01-13 00:00:00+00:00,365,2193.1761854734586,2186.1252380325573,37.927052071328156,37.551781681752175
1841,2021-01-15 00:00:00+00:00,2022-01-14 00:00:00+00:00,365,2192.4367956233154,2185.464771460831,37.88769975457393,37.51662987417581
1842,2021-01-16 00:00:00+00:00,2022-01-15 00:00:00+00:00,365,2191.2214375575504,2184.3426547199456,37.82301512904853,37.45690780277601
1843,2021-01-17 00:00:00+00:00,2022-01-16 00:00:00+00:00,365,2189.908501972135,2183.1161270235666,37.75313716544766,37.391628699463475
1844,2021-01-18 00:00:00+00:00,2022-01-17 00:00:00+00:00,365,2188.7093138156724,2182.0110417295195,37.689313145991754,37.33281308747833
1845,2021-01-19 00:00:00+00:00,2022-01-18 00:00:00+00:00,365,2187.651240924584,2180.9811466297174,37.63299966055357,37.27799929988956
1846,2021-01-20 00:00:00+00:00,2022-01-19 00:00:00+00:00,365,2186.536629049696,2179.97960648425,37.57367701830995,37.22469463924419
1847,2021-01-21 00:00:00+00:00,2022-01-20 00:00:00+00:00,365,2185.4141719343,2178.9876756608332,37.51393683126311,37.17190141256707
1848,2021-01-22 00:00:00+00:00,2022-01-21 00:00:00+00:00,365,2183.9151089471243,2177.664073206598,37.43415266666515,37.10145572951414
1849,2021-01-23 00:00:00+00:00,2022-01-22 00:00:00+00:00,365,2183.2740581316516,2177.1870551009015,37.400034217864224,37.07606754276904
1850,2021-01-24 00:00:00+00:00,2022-01-23 00:00:00+00:00,365,2182.109270344342,2176.1885862640383,37.33804107859028,37.02292634542929
1851,2021-01-25 00:00:00+00:00,2022-01-24 00:00:00+00:00,365,2180.934605121037,2175.1577684592075,37.27552223560275,36.96806344899686
1852,2021-01-26 00:00:00+00:00,2022-01-25 00:00:00+00:00,365,2179.7385353210293,2174.121129515837,37.21186418346564,36.912890735912704
1853,2021-01-27 00:00:00+00:00,2022-01-26 00:00:00+00:00,365,2178.6507933523435,2173.167212252134,37.15397162990909,36.86212069313853
1854,2021-01-28 00:00:00+00:00,2022-01-27 00:00:00+00:00,365,2176.8690008409567,2171.543042423713,37.05913983950133,36.775678005917015
1855,2021-01-29 00:00:00+00:00,2022-01-28 00:00:00+00:00,365,2175.820894413396,2170.6214411767305,37.0033567960615,36.72662790848152
1856,2021-01-30 00:00:00+00:00,2022-01-29 00:00:00+00:00,365,2174.8842462222783,2169.7957019777423,36.953505859783434,36.68267984710541
1857,2021-01-31 00:00:00+00:00,2022-01-30 00:00:00+00:00,365,2174.022134484444,2169.032706040217,36.90762195404923,36.64207115088126
1858,2021-02-01 00:00:00+00:00,2022-01-31 00:00:00+00:00,365,2172.803777932729,2167.8931024182084,36.84277774103578,36.58141838062905
1859,2021-02-02 00:00:00+00:00,2022-02-01 00:00:00+00:00,365,2171.6217807169687,2166.7952758131346,36.779868669687,36.52298909559665
1860,2021-02-03 00:00:00+00:00,2022-02-02 00:00:00+00:00,365,2171.281908643259,2166.5148076591845,36.76177976368167,36.50806182599513
1861,2021-02-04 00:00:00+00:00,2022-02-03 00:00:00+00:00,365,2171.309312707226,2166.6172539804156,36.76323828168185,36.513514294787626
1862,2021-02-05 00:00:00+00:00,2022-02-04 00:00:00+00:00,365,2170.5458262797574,2165.9076166295863,36.72260348026351,36.47574548607993
1863,2021-02-06 00:00:00+00:00,2022-02-05 00:00:00+00:00,365,2169.9105214585375,2165.306801995989,36.68879084873321,36.44376851511217
1864,2021-02-07 00:00:00+00:00,2022-02-06 00:00:00+00:00,365,2169.3805756925813,2164.810873555973,36.660585709535766,36.41737386950652
1865,2021-02-08 00:00:00+00:00,2022-02-07 00:00:00+00:00,365,2168.5735329713325,2164.0288783137908,36.61763272499773,36.37575397918114
1866,2021-02-09 00:00:00+00:00,2022-02-08 00:00:00+00:00,365,2168.830977722033,2164.291742029325,36.63133462714626,36.38974429321494
1867,2021-02-10 00:00:00+00:00,2022-02-09 00:00:00+00:00,365,2169.112189235513,2164.575803395972,36.64630146034159,36.40486280326177
1868,2021-02-11 00:00:00+00:00,2022-02-10 00:00:00+00:00,365,2169.311382688119,2164.7797842541595,36.656903071711824,36.415719213235
1869,2021-02-12 00:00:00+00:00,2022-02-11 00:00:00+00:00,365,2170.0555938334464,2165.5273792814573,36.696511990764854,36.455508231589
1870,2021-02-13 00:00:00+00:00,2022-02-12 00:00:00+00:00,365,2170.786980575962,2166.258921961966,36.735438360603084,36.494442900866694
1871,2021-02-14 00:00:00+00:00,2022-02-13 00:00:00+00:00,365,2171.4603244725795,2166.948397717421,36.771275534049664,36.53113865523467
1872,2021-02-15 00:00:00+00:00,2022-02-14 00:00:00+00:00,365,2172.2686479462263,2167.7619547317518,36.814296683675494,36.57443834797371
1873,2021-02-16 00:00:00+00:00,2022-02-15 00:00:00+00:00,365,2172.737622696844,2168.222311743568,36.83925678142699,36.59893978648482
1874,2021-02-17 00:00:00+00:00,2022-02-16 00:00:00+00:00,365,2173.3917288030634,2168.8643722141196,36.87407006791968,36.63311197184499
1875,2021-02-18 00:00:00+00:00,2022-02-17 00:00:00+00:00,365,2174.885649377437,2170.3647892089493,36.953580539475404,36.71296820037251
1876,2021-02-19 00:00:00+00:00,2022-02-18 00:00:00+00:00,365,2176.4352865402934,2171.902141185995,37.036056397745625,36.79479020800721
1877,2021-02-20 00:00:00+00:00,2022-02-19 00:00:00+00:00,365,2178.3591288117,2173.8269767239835,37.1384484584899,36.89723513307083
1878,2021-02-21 00:00:00+00:00,2022-02-20 00:00:00+00:00,365,2180.580596564747,2176.0291496888867,37.256680947967915,37.01444070202161
1879,2021-02-22 00:00:00+00:00,2022-02-21 00:00:00+00:00,365,2183.2047349939735,2178.6495653354527,37.39634465400048,37.153906271546845
1880,2021-02-23 00:00:00+00:00,2022-02-22 00:00:00+00:00,365,2185.3022558653047,2180.7430698582175,37.507980357021346,37.26532821369318
1881,2021-02-24 00:00:00+00:00,2022-02-23 00:00:00+00:00,365,2186.9850465931163,2182.4446688275743,37.59754300619633,37.355891888076634
1882,2021-02-25 00:00:00+00:00,2022-02-24 00:00:00+00:00,365,2188.6005075736834,2184.0737491715295,37.68352218510859,37.44259592614396
1883,2021-02-26 00:00:00+00:00,2022-02-25 00:00:00+00:00,365,2189.7882111309045,2185.281265172066,37.74673496329974,37.506863175863046
1884,2021-02-27 00:00:00+00:00,2022-02-26 00:00:00+00:00,365,2190.8555529597443,2186.3699591420145,37.80354176653812,37.56480639748765
1885,2021-02-28 00:00:00+00:00,2022-02-27 00:00:00+00:00,365,2192.125643524855,2187.666502380694,37.87113940290697,37.63381191630047
1886,2021-03-01 00:00:00+00:00,2022-02-28 00:00:00+00:00,365,2192.428135086794,2187.9714760447887,37.88723881752376,37.65004343507075
1887,2021-03-02 00:00:00+00:00,2022-03-01 00:00:00+00:00,365,2193.0934031200713,2188.631344790945,37.922646171799606,37.685163424762166
1888,2021-03-03 00:00:00+00:00,2022-03-02 00:00:00+00:00,365,2193.6543678430976,2189.1884190172514,37.952502223332104,37.714812413593926
1889,2021-03-04 00:00:00+00:00,2022-03-03 00:00:00+00:00,365,2194.6912647971994,2190.2311142532294,38.00768866844141,37.77030745886184
1890,2021-03-05 00:00:00+00:00,2022-03-04 00:00:00+00:00,365,2196.032432198317,2191.58484851899,38.079069205216435,37.84235683797753
1891,2021-03-06 00:00:00+00:00,2022-03-05 00:00:00+00:00,365,2197.3606406909776,2192.927214522581,38.14976003402441,37.91380116760038
1892,2021-03-07 00:00:00+00:00,2022-03-06 00:00:00+00:00,365,2198.887479768242,2194.4673968461066,38.23102251685347,37.99577381388827
1893,2021-03-08 00:00:00+00:00,2022-03-07 00:00:00+00:00,365,2200.683905179683,2196.2865498917363,38.32663310956403,38.0925940324268
1894,2021-03-09 00:00:00+00:00,2022-03-08 00:00:00+00:00,365,2202.4855947981473,2198.10153310282,38.422523877532896,38.18919232115412
1895,2021-03-10 00:00:00+00:00,2022-03-09 00:00:00+00:00,365,2203.986765029109,2199.621277587641,38.50242019531353,38.27007721068916
1896,2021-03-11 00:00:00+00:00,2022-03-10 00:00:00+00:00,365,2206.0145809495366,2201.67815847216,38.61034601334374,38.379549944291895
1897,2021-03-12 00:00:00+00:00,2022-03-11 00:00:00+00:00,365,2208.2792914355346,2203.9985566593023,38.73087999739065,38.50304777759145
1898,2021-03-13 00:00:00+00:00,2022-03-12 00:00:00+00:00,365,2210.4937798907013,2206.2538261456357,38.84874102986144,38.6230792862403
1899,2021-03-14 00:00:00+00:00,2022-03-13 00:00:00+00:00,365,2213.23242801125,2209.029993346742,38.99449924969273,38.77083437246371
1900,2021-03-15 00:00:00+00:00,2022-03-14 00:00:00+00:00,365,2215.5126693448024,2211.366531199448,39.11585982722387,38.89519120217964
1901,2021-03-16 00:00:00+00:00,2022-03-15 00:00:00+00:00,365,2217.504980347511,2213.4459716588385,39.221895978026225,39.00586461704141
1902,2021-03-17 00:00:00+00:00,2022-03-16 00:00:00+00:00,365,2219.2589022399234,2215.2626505570533,39.315244419121306,39.10255315479917
1903,2021-03-18 00:00:00+00:00,2022-03-17 00:00:00+00:00,365,2221.250607741428,2217.281704587968,39.42124834352084,39.21001264150034
1904,2021-03-19 00:00:00+00:00,2022-03-18 00:00:00+00:00,365,2223.034347102707,2219.086344314475,39.5161837505168,39.30606042215491
1905,2021-03-20 00:00:00+00:00,2022-03-19 00:00:00+00:00,365,2224.7908282426492,2220.869625449108,39.60966840164968,39.40097144109617
1906,2021-03-21 00:00:00+00:00,2022-03-20 00:00:00+00:00,365,2226.69255877633,2222.8006291487472,39.71088361623248,39.50374465231496
1907,2021-03-22 00:00:00+00:00,2022-03-21 00:00:00+00:00,365,2228.554651754911,2224.703343999304,39.80998921350941,39.60501225488966
1908,2021-03-23 00:00:00+00:00,2022-03-22 00:00:00+00:00,365,2229.963190055503,2226.1361814028114,39.88495541077954,39.68127171578058
1909,2021-03-24 00:00:00+00:00,2022-03-23 00:00:00+00:00,365,2231.3214483637385,2227.526107150043,39.957245571605235,39.75524730289383
1910,2021-03-25 00:00:00+00:00,2022-03-24 00:00:00+00:00,365,2232.3140228516468,2228.547295633671,40.010073055838035,39.809597700949354
1911,2021-03-26 00:00:00+00:00,2022-03-25 00:00:00+00:00,365,2233.1366433844087,2229.410226630305,40.05385513340849,39.85552520984063
1912,2021-03-27 00:00:00+00:00,2022-03-26 00:00:00+00:00,365,2234.2889467483938,2230.566287189145,40.115183818090486,39.91705386253952
1913,2021-03-28 00:00:00+00:00,2022-03-27 00:00:00+00:00,365,2235.245186908368,2231.532619863776,40.16607749165272,39.96848468688025
1914,2021-03-29 00:00:00+00:00,2022-03-28 00:00:00+00:00,365,2236.135195224413,2232.416649771907,40.21344612832,40.01553513659666
1915,2021-03-30 00:00:00+00:00,2022-03-29 00:00:00+00:00,365,2237.1272683222764,2233.4300586165,40.26624692722589,40.069471481335825
1916,2021-03-31 00:00:00+00:00,2022-03-30 00:00:00+00:00,365,2238.283059754178,2234.5754463774338,40.32776125626516,40.13043209902073
1917,2021-04-01 00:00:00+00:00,2022-03-31 00:00:00+00:00,365,2239.6344716298295,2235.928584090836,40.39968703153212,40.2024497280152
1918,2021-04-02 00:00:00+00:00,2022-04-01 00:00:00+00:00,365,2240.8933554991995,2237.1943782524013,40.46668821740806,40.2698186982302
1919,2021-04-03 00:00:00+00:00,2022-04-02 00:00:00+00:00,365,2242.2269273781762,2238.5169735975433,40.537664500063094,40.340210780228105
1920,2021-04-04 00:00:00+00:00,2022-04-03 00:00:00+00:00,365,2243.3557308282147,2239.633558976132,40.597742456111014,40.399638457647335
1921,2021-04-05 00:00:00+00:00,2022-04-04 00:00:00+00:00,365,2244.533082259889,2240.7976061060235,40.66040426633374,40.46159217714114
1922,2021-04-06 00:00:00+00:00,2022-04-05 00:00:00+00:00,365,2245.874510025356,2242.1306451063515,40.73179866039981,40.53254009856106
1923,2021-04-07 00:00:00+00:00,2022-04-06 00:00:00+00:00,365,2247.473143233052,2243.740406677429,40.81688221997381,40.61821593956908
1924,2021-04-08 00:00:00+00:00,2022-04-07 00:00:00+00:00,365,2248.8825402720036,2245.159479373279,40.89189412160941,40.69374280569194
1925,2021-04-09 00:00:00+00:00,2022-04-08 00:00:00+00:00,365,2250.6298470781176,2246.9216749660277,40.984890490017364,40.78753159537485
1926,2021-04-10 00:00:00+00:00,2022-04-09 00:00:00+00:00,365,2252.3260250581197,2248.6212985750576,41.07516564476511,40.87799013576806
1927,2021-04-11 00:00:00+00:00,2022-04-10 00:00:00+00:00,365,2254.2105017395997,2250.5107556054663,41.1754625629216,40.97855212149148
1928,2021-04-12 00:00:00+00:00,2022-04-11 00:00:00+00:00,365,2256.5452560447175,2252.8677288848257,41.299724467437194,41.10399657958438
1929,2021-04-13 00:00:00+00:00,2022-04-12 00:00:00+00:00,365,2258.7902445984055,2255.127202560534,41.41920879719535,41.22425184650086
1930,2021-04-14 00:00:00+00:00,2022-04-13 00:00:00+00:00,365,2261.2041781271596,2257.4664312356717,41.547684832981865,41.3487518890248
1931,2021-04-15 00:00:00+00:00,2022-04-14 00:00:00+00:00,365,2263.6807211493124,2259.9722761345797,41.679493114424126,41.48211969516887
1932,2021-04-16 00:00:00+00:00,2022-04-15 00:00:00+00:00,365,2266.085188702058,2262.3995964912265,41.80746534550437,41.61130821394587
1933,2021-04-17 00:00:00+00:00,2022-04-16 00:00:00+00:00,365,2268.3920079322643,2264.724763786996,41.93024047018891,41.735059872035265
1934,2021-04-18 00:00:00+00:00,2022-04-17 00:00:00+00:00,365,2270.7291974047844,2267.0800714178026,42.05463198086416,41.860415679831654
1935,2021-04-19 00:00:00+00:00,2022-04-18 00:00:00+00:00,365,2272.575046439917,2268.9334107301647,42.1528730317752,41.959055383445396
1936,2021-04-20 00:00:00+00:00,2022-04-19 00:00:00+00:00,365,2274.2653101561646,2270.6267376673395,42.24283341349679,42.04917879802468
1937,2021-04-21 00:00:00+00:00,2022-04-20 00:00:00+00:00,365,2276.036592782446,2272.393856695422,42.33710583954806,42.143229626179895
1938,2021-04-22 00:00:00+00:00,2022-04-21 00:00:00+00:00,365,2277.734693560361,2274.094575395212,42.42748333077297,42.2337464502491
1939,2021-04-23 00:00:00+00:00,2022-04-22 00:00:00+00:00,365,2279.342150182874,2275.708372955988,42.513036496218184,42.319637097485554
1940,2021-04-24 00:00:00+00:00,2022-04-23 00:00:00+00:00,365,2280.877410482709,2277.253174180853,42.59474717916521,42.40185557412738
1941,2021-04-25 00:00:00+00:00,2022-04-24 00:00:00+00:00,365,2282.3581101632362,2278.7382015246603,42.67355399918676,42.480892724029935
1942,2021-04-26 00:00:00+00:00,2022-04-25 00:00:00+00:00,365,2283.5302780622987,2279.9100061965473,42.73593992786039,42.54325932077622
1943,2021-04-27 00:00:00+00:00,2022-04-26 00:00:00+00:00,365,2285.658518682263,2282.0271304523185,42.84921061853843,42.655938368649316
1944,2021-04-28 00:00:00+00:00,2022-04-27 00:00:00+00:00,365,2287.7051095086886,2284.0340508195486,42.9581356875696,42.76275206913013
1945,2021-04-29 00:00:00+00:00,2022-04-28 00:00:00+00:00,365,2289.6104704831932,2285.926140201351,43.059544123978796,42.86345415567563
1946,2021-04-30 00:00:00+00:00,2022-04-29 00:00:00+00:00,365,2291.6005157235913,2287.907558211822,43.165459684816184,42.968910552129415
1947,2021-05-01 00:00:00+00:00,2022-04-30 00:00:00+00:00,365,2294.134284688501,2290.4272027519605,43.30031368486749,43.10301281230026
1948,2021-05-02 00:00:00+00:00,2022-05-01 00:00:00+00:00,365,2296.542681403017,2292.8161172528744,43.42849503650645,43.23015726812491
1949,2021-05-03 00:00:00+00:00,2022-05-02 00:00:00+00:00,365,2298.8452840668315,2295.0772488567554,43.551045744185224,43.35050077443851
1950,2021-05-04 00:00:00+00:00,2022-05-03 00:00:00+00:00,365,2301.3399652892863,2297.5574481927392,43.68381938943861,43.4825036547382
1951,2021-05-05 00:00:00+00:00,2022-05-04 00:00:00+00:00,365,2303.1414040974773,2299.3690228435103,43.779696808610055,43.57892053071677
1952,2021-05-06 00:00:00+00:00,2022-05-05 00:00:00+00:00,365,2305.86066441782,2302.096837694059,43.92442315756196,43.724102174777606
1953,2021-05-07 00:00:00+00:00,2022-05-06 00:00:00+00:00,365,2308.5905645550047,2304.8513823669227,44.0697157861869,43.8707064518842
1954,2021-05-08 00:00:00+00:00,2022-05-07 00:00:00+00:00,365,2311.46485407942,2307.7890799082966,44.22269320640202,44.02705861732692
1955,2021-05-09 00:00:00+00:00,2022-05-08 00:00:00+00:00,365,2314.810377308075,2311.1686958792366,44.4007509519569,44.20693087033435
1956,2021-05-10 00:00:00+00:00,2022-05-09 00:00:00+00:00,365,2318.949125413866,2315.46352225075,44.62102625921667,44.43551308274025
1957,2021-05-11 00:00:00+00:00,2022-05-10 00:00:00+00:00,365,2322.758851167183,2319.403127032306,44.82379011182057,44.64518944659654
1958,2021-05-12 00:00:00+00:00,2022-05-11 00:00:00+00:00,365,2327.2652630667944,2324.077731544956,42.50347122057212,42.34346034450822
1959,2021-05-13 00:00:00+00:00,2022-05-12 00:00:00+00:00,365,2331.213310749673,2328.140144485212,42.701659242918346,42.547389387734995
1960,2021-05-14 00:00:00+00:00,2022-05-13 00:00:00+00:00,365,2334.9210452197217,2331.9457062173215,42.88778378371116,42.73842475867898
1961,2021-05-15 00:00:00+00:00,2022-05-14 00:00:00+00:00,365,2338.47155497141,2335.582606209963,43.06601580179435,42.92099347995823
1962,2021-05-16 00:00:00+00:00,2022-05-15 00:00:00+00:00,365,2341.3695562595517,2338.5454116180226,43.211492551364614,43.069723331162024
1963,2021-05-17 00:00:00+00:00,2022-05-16 00:00:00+00:00,365,2344.517839297404,2341.758545454816,43.36953319301238,43.23101941768334
1964,2021-05-18 00:00:00+00:00,2022-05-17 00:00:00+00:00,365,2347.1804674370633,2344.460171388283,43.503194447290284,43.36663832198256
1965,2021-05-19 00:00:00+00:00,2022-05-18 00:00:00+00:00,365,2350.2583736189818,2347.579871144816,43.590785498803406,43.456533460830705
1966,2021-05-20 00:00:00+00:00,2022-05-19 00:00:00+00:00,365,2352.0980400470635,2349.3561816899683,43.68299335358123,43.5455657888047
1967,2021-05-21 00:00:00+00:00,2022-05-20 00:00:00+00:00,365,2354.7079293387214,2352.0159075737593,43.81380635811181,43.678876705554515
1968,2021-05-22 00:00:00+00:00,2022-05-21 00:00:00+00:00,365,2356.611915972593,2353.95840344847,43.909238073533196,43.77623858311438
1969,2021-05-23 00:00:00+00:00,2022-05-22 00:00:00+00:00,365,2358.3265741617925,2355.712800714381,43.99518025896959,43.86417257258572
1970,2021-05-24 00:00:00+00:00,2022-05-23 00:00:00+00:00,365,2359.8527252338404,2357.2528540113135,44.071674081040996,43.94136320268367
1971,2021-05-25 00:00:00+00:00,2022-05-24 00:00:00+00:00,365,2361.9634135583537,2359.4028969145775,44.177466109170204,44.049127763021374
1972,2021-05-26 00:00:00+00:00,2022-05-25 00:00:00+00:00,365,2364.034147701471,2361.50686231015,44.281255551776454,44.15458282416245
1973,2021-05-27 00:00:00+00:00,2022-05-26 00:00:00+00:00,365,2366.3633254034094,2363.857093441481,44.39799871565321,44.27238122910376
1974,2021-05-28 00:00:00+00:00,2022-05-27 00:00:00+00:00,365,2368.8052833958495,2366.318358284423,44.093050196531195,43.96959690318577
1975,2021-05-29 00:00:00+00:00,2022-05-28 00:00:00+00:00,365,2370.5035674339465,2368.0543142025917,44.17735460786057,44.055771381949015
1976,2021-05-30 00:00:00+00:00,2022-05-29 00:00:00+00:00,365,2371.8743114474873,2369.4639859297795,44.24539962539151,44.12574880766951
1977,2021-05-31 00:00:00+00:00,2022-05-30 00:00:00+00:00,365,2372.789947860494,2370.4122646476126,44.290852675092644,44.17282225197548
1978,2021-06-01 00:00:00+00:00,2022-05-31 00:00:00+00:00,365,2374.0374719125375,2371.6766981295514,44.35278093824974,44.23558991508056
1979,2021-06-02 00:00:00+00:00,2022-06-01 00:00:00+00:00,365,2375.7353334396657,2373.3893612878046,44.437064375738636,44.320608119411
1980,2021-06-03 00:00:00+00:00,2022-06-02 00:00:00+00:00,365,2377.4342254986213,2375.0919454694895,44.52139896979329,44.40512599389829
1981,2021-06-04 00:00:00+00:00,2022-06-03 00:00:00+00:00,365,2379.687846405272,2377.3320118703386,44.633270823754565,44.51632498948792
1982,2021-06-05 00:00:00+00:00,2022-06-04 00:00:00+00:00,365,2381.4558932330974,2379.10018895913,44.721038325349646,44.60409895735943
1983,2021-06-06 00:00:00+00:00,2022-06-05 00:00:00+00:00,365,2382.8672102959194,2380.521184473093,44.791097427073076,44.67463850646842
1984,2021-06-07 00:00:00+00:00,2022-06-06 00:00:00+00:00,365,2383.932240120027,2381.595019128772,44.84396650571685,44.72794466520353
1985,2021-06-08 00:00:00+00:00,2022-06-07 00:00:00+00:00,365,2384.5745894154875,2382.259478448395,44.87585332677083,44.76092904857905
1986,2021-06-09 00:00:00+00:00,2022-06-08 00:00:00+00:00,365,2385.442707147081,2383.138493879747,44.918947504590804,44.804564198428665
1987,2021-06-10 00:00:00+00:00,2022-06-09 00:00:00+00:00,365,2387.250006440054,2384.920560676557,45.00866353534432,44.893027664424054
1988,2021-06-11 00:00:00+00:00,2022-06-10 00:00:00+00:00,365,2389.270370463656,2386.905362165469,45.10895629901632,44.99155507054387
1989,2021-06-12 00:00:00+00:00,2022-06-11 00:00:00+00:00,365,2391.6117641633464,2389.197874188065,44.54058481243442,44.42257095561277
1990,2021-06-13 00:00:00+00:00,2022-06-12 00:00:00+00:00,365,2394.198642587967,2391.728258262899,40.667980704057435,40.55801801908829
1991,2021-06-14 00:00:00+00:00,2022-06-13 00:00:00+00:00,365,2399.5411908178444,2396.9666769972496,30.627694858898753,30.54189124802107
1992,2021-06-15 00:00:00+00:00,2022-06-14 00:00:00+00:00,365,2405.261175136986,2402.606686035809,30.319044504392057,30.232008753755185
1993,2021-06-16 00:00:00+00:00,2022-06-15 00:00:00+00:00,365,2410.6691212461583,2407.9660186485376,30.496360978890635,30.407731282303036
1994,2021-06-17 00:00:00+00:00,2022-06-16 00:00:00+00:00,365,2417.031843272161,2414.2956704466033,27.198547851040704,27.119078966464173
1995,2021-06-18 00:00:00+00:00,2022-06-17 00:00:00+00:00,365,2423.230549973292,2420.4768206766275,27.378581912761756,27.298603121368338
1996,2021-06-19 00:00:00+00:00,2022-06-18 00:00:00+00:00,365,2429.9729430933894,2427.2146875774133,25.124879864864187,25.051886076445278
1997,2021-06-20 00:00:00+00:00,2022-06-19 00:00:00+00:00,365,2435.6304852807616,2432.8788414158853,25.274599655146186,25.20178083581867
1998,2021-06-21 00:00:00+00:00,2022-06-20 00:00:00+00:00,365,2441.2486249168223,2438.500951953716,25.423276706103653,25.35056297173363
1999,2021-06-22 00:00:00+00:00,2022-06-21 00:00:00+00:00,365,2445.803650309173,2443.105185136478,25.543819765949344,25.47240825431432
2000,2021-06-23 00:00:00+00:00,2022-06-22 00:00:00+00:00,365,2451.020435029922,2448.34427984201,25.681875460183523,25.611054354440725
2001,2021-06-24 00:00:00+00:00,2022-06-23 00:00:00+00:00,365,2455.8269997476355,2453.179146512024,25.80907519421629,25.73900306430481
2002,2021-06-25 00:00:00+00:00,2022-06-24 00:00:00+00:00,365,2460.7606836954446,2458.137457219308,25.939638979959216,25.870218566489573
2003,2021-06-26 00:00:00+00:00,2022-06-25 00:00:00+00:00,365,2464.82748970034,2462.251990574031,26.047261923280708,25.979104554534416
2004,2021-06-27 00:00:00+00:00,2022-06-26 00:00:00+00:00,365,2469.189864500586,2466.6660536395257,26.162706725739643,26.095917222397937
2005,2021-06-28 00:00:00+00:00,2022-06-27 00:00:00+00:00,365,2474.399707156344,2471.929142397991,26.300578706891343,26.235198295177526
2006,2021-06-29 00:00:00+00:00,2022-06-28 00:00:00+00:00,365,2479.8974026650076,2477.4799905308932,26.44606835439739,26.382094560520503
2007,2021-06-30 00:00:00+00:00,2022-06-29 00:00:00+00:00,365,2485.870405497495,2483.4990252043895,26.604136416784947,26.54138079810744
2008,2021-07-01 00:00:00+00:00,2022-06-30 00:00:00+00:00,365,2492.180875250577,2489.8571562320653,26.77113511988276,26.709640797330042
2009,2021-07-02 00:00:00+00:00,2022-07-01 00:00:00+00:00,365,2498.1097412512518,2495.8448569481297,26.928035156123297,26.868097820855468
2010,2021-07-03 00:00:00+00:00,2022-07-02 00:00:00+00:00,365,2504.1902332411546,2501.9808550636276,27.0889477848566,27.030479349900638
2011,2021-07-04 00:00:00+00:00,2022-07-03 00:00:00+00:00,365,2510.4283720864046,2508.272642480184,27.254032340787166,27.196983648288075
2012,2021-07-05 00:00:00+00:00,2022-07-04 00:00:00+00:00,365,2516.1893237350487,2514.068951351953,27.40648873335016,27.350375725615912
2013,2021-07-06 00:00:00+00:00,2022-07-05 00:00:00+00:00,365,2521.663736950633,2519.557436309263,27.551362244038895,27.49562162738019
2014,2021-07-07 00:00:00+00:00,2022-07-06 00:00:00+00:00,365,2526.9707632211575,2524.853664340174,27.691806068217083,27.63577968962912
2015,2021-07-08 00:00:00+00:00,2022-07-07 00:00:00+00:00,365,2531.5783198160398,2529.433201769628,27.8137393007501,27.756971429932314
2016,2021-07-09 00:00:00+00:00,2022-07-08 00:00:00+00:00,365,2535.8278170572007,2533.64498942329,27.92619693954078,27.86843113157203
2017,2021-07-10 00:00:00+00:00,2022-07-09 00:00:00+00:00,365,2540.503217493424,2538.259401292449,28.049925574628666,27.990545780379648
2018,2021-07-11 00:00:00+00:00,2022-07-10 00:00:00+00:00,365,2545.603220606911,2543.260095583396,28.184890789433968,28.122882911188157
2019,2021-07-12 00:00:00+00:00,2022-07-11 00:00:00+00:00,365,2551.4558568628954,2548.981162209,28.3397735006577,28.274283796414718
2020,2021-07-13 00:00:00+00:00,2022-07-12 00:00:00+00:00,365,2557.5044950345196,2554.879578080106,28.49984315786124,28.43037800799464
2021,2021-07-14 00:00:00+00:00,2022-07-13 00:00:00+00:00,365,2562.8387034864327,2560.0792439403895,28.64100632453165,28.567980672960303
2022,2021-07-15 00:00:00+00:00,2022-07-14 00:00:00+00:00,365,2567.9544966980484,2565.0561034272996,28.776389404569258,28.69968704543885
2023,2021-07-16 00:00:00+00:00,2022-07-15 00:00:00+00:00,365,2572.5904156157226,2569.567232364157,28.89907321056327,28.819068440396688
2024,2021-07-17 00:00:00+00:00,2022-07-16 00:00:00+00:00,365,2576.9272093071963,2573.782809587763,29.013841040917765,28.930628428273515
2025,2021-07-18 00:00:00+00:00,2022-07-17 00:00:00+00:00,365,2581.528966874608,2578.2526091631,29.13562080942913,29.048916093280358
2026,2021-07-19 00:00:00+00:00,2022-07-18 00:00:00+00:00,365,2585.278632142339,2581.894663945818,29.234851019106657,29.145298525828757
2027,2021-07-20 00:00:00+00:00,2022-07-19 00:00:00+00:00,365,2588.1834040564813,2584.7461483926672,29.311722181070433,29.220759501502524
2028,2021-07-21 00:00:00+00:00,2022-07-20 00:00:00+00:00,365,2590.792861243545,2587.3102484237443,29.380778207496366,29.28861520742581
2029,2021-07-22 00:00:00+00:00,2022-07-21 00:00:00+00:00,365,2594.2187104900568,2590.6139378900093,29.471439030471814,29.37604322433924
2030,2021-07-23 00:00:00+00:00,2022-07-22 00:00:00+00:00,365,2597.939208151086,2594.1996856520464,29.569897355855097,29.470935561887273
2031,2021-07-24 00:00:00+00:00,2022-07-23 00:00:00+00:00,365,2602.084721289302,2598.191602282647,29.679603185190366,29.576576651420954
2032,2021-07-25 00:00:00+00:00,2022-07-24 00:00:00+00:00,365,2606.3195323626514,2602.2670783023163,29.79167217288629,29.68442903585851
2033,2021-07-26 00:00:00+00:00,2022-07-25 00:00:00+00:00,365,2611.4524047481254,2607.2029353958333,29.927507231935905,29.81505033118932
2034,2021-07-27 00:00:00+00:00,2022-07-26 00:00:00+00:00,365,2617.306543323607,2612.820651680685,30.082429700169406,29.96371617868562
2035,2021-07-28 00:00:00+00:00,2022-07-27 00:00:00+00:00,365,2622.4875273355997,2617.783129911849,30.21953797334522,30.095041969186514
2036,2021-07-29 00:00:00+00:00,2022-07-28 00:00:00+00:00,365,2627.332650420599,2622.4162220895932,30.34775810642627,30.217650969037603
2037,2021-07-30 00:00:00+00:00,2022-07-29 00:00:00+00:00,365,2632.154790655335,2627.020632972284,30.47537002707028,30.33950095422504
2038,2021-07-31 00:00:00+00:00,2022-07-30 00:00:00+00:00,365,2637.450742141606,2632.0621360560303,30.615520770910585,30.4729180387833
2039,2021-08-01 00:00:00+00:00,2022-07-31 00:00:00+00:00,365,2642.8972088143883,2637.236920318982,30.75965471123664,30.60986224334141
2040,2021-08-02 00:00:00+00:00,2022-08-01 00:00:00+00:00,365,2648.0442659919963,2642.124922038179,30.895865153099706,30.73921710594053
2041,2021-08-03 00:00:00+00:00,2022-08-02 00:00:00+00:00,365,2653.23743888458,2647.0499498162226,31.033295989781973,30.86955181695824
2042,2021-08-04 00:00:00+00:00,2022-08-03 00:00:00+00:00,365,2658.3308732741893,2651.905737652096,31.16808737151122,30.998054179355737
2043,2021-08-05 00:00:00+00:00,2022-08-04 00:00:00+00:00,365,2663.800814099499,2657.1249918951216,31.312842525975327,31.13617522641366
2044,2021-08-06 00:00:00+00:00,2022-08-05 00:00:00+00:00,365,2669.135056079728,2662.217498969181,31.45400657993076,31.27094206789468
2045,2021-08-07 00:00:00+00:00,2022-08-06 00:00:00+00:00,365,2674.914492728788,2667.7286092207387,31.606952154950363,31.416786719822483
2046,2021-08-08 00:00:00+00:00,2022-08-07 00:00:00+00:00,365,2680.8888071557767,2673.402631455666,31.765054927048812,31.566942633986905
2047,2021-08-09 00:00:00+00:00,2022-08-08 00:00:00+00:00,365,2686.4167278653367,2678.681747615129,31.911344446759003,31.70664785192294
2048,2021-08-10 00:00:00+00:00,2022-08-09 00:00:00+00:00,365,2692.7578127582083,2684.5761642358975,32.079153341306906,31.862636228335923
2049,2021-08-11 00:00:00+00:00,2022-08-10 00:00:00+00:00,365,2698.428756200723,2690.0055444549885,32.22922777907415,32.00631799699828
2050,2021-08-12 00:00:00+00:00,2022-08-11 00:00:00+00:00,365,2704.0725670467045,2695.454207547683,32.37858418655047,32.150510062834975
2051,2021-08-13 00:00:00+00:00,2022-08-12 00:00:00+00:00,365,2709.4408094866844,2700.51453642281,32.52064802022203,32.28442534845724
2052,2021-08-14 00:00:00+00:00,2022-08-13 00:00:00+00:00,365,2715.026519205352,2705.9893118815116,32.66846685390597,32.4293084454578
2053,2021-08-15 00:00:00+00:00,2022-08-14 00:00:00+00:00,365,2720.6317950186717,2711.4434786979514,32.816803479855686,32.57364616047176
2054,2021-08-16 00:00:00+00:00,2022-08-15 00:00:00+00:00,365,2726.333898491715,2716.999215553673,32.967702528926104,32.72067179976035
2055,2021-08-17 00:00:00+00:00,2022-08-16 00:00:00+00:00,365,2732.018478861273,2722.519574034356,33.11813785094121,32.86676119452512
2056,2021-08-18 00:00:00+00:00,2022-08-17 00:00:00+00:00,365,2737.805884233854,2728.1325310149773,33.27129430827949,33.01530109297717
2057,2021-08-19 00:00:00+00:00,2022-08-18 00:00:00+00:00,365,2743.698612429439,2733.836467890914,33.427238002628066,33.16624866076607
2058,2021-08-20 00:00:00+00:00,2022-08-19 00:00:00+00:00,365,2751.1660467482952,2741.0676282135173,33.62485432843456,33.35761229026091
2059,2021-08-21 00:00:00+00:00,2022-08-20 00:00:00+00:00,365,2758.764361997217,2748.4595339236625,33.82593425464425,33.553229845738876
2060,2021-08-22 00:00:00+00:00,2022-08-21 00:00:00+00:00,365,2766.146597259476,2755.5872486242997,34.021295893792924,33.74185591600508
2061,2021-08-23 00:00:00+00:00,2022-08-22 00:00:00+00:00,365,2773.732284899252,2762.8990319624304,34.22204164609274,33.93535313294422
2062,2021-08-24 00:00:00+00:00,2022-08-23 00:00:00+00:00,365,2781.1884109758516,2770.0968626566846,34.419358713386785,34.125834735438396
2063,2021-08-25 00:00:00+00:00,2022-08-24 00:00:00+00:00,365,2788.551414665148,2777.1678062119227,34.61421141296852,34.312958428223055
2064,2021-08-26 00:00:00+00:00,2022-08-25 00:00:00+00:00,365,2795.938128536331,2784.2678545702865,34.80969157291061,34.500852343283725
2065,2021-08-27 00:00:00+00:00,2022-08-26 00:00:00+00:00,365,2804.015908481238,2791.994236294415,35.02345993366539,34.705321388862764
2066,2021-08-28 00:00:00+00:00,2022-08-27 00:00:00+00:00,365,2812.4493120901666,2800.077050137873,35.24663943067568,34.91922296545764
2067,2021-08-29 00:00:00+00:00,2022-08-28 00:00:00+00:00,365,2821.159821649974,2808.3948296919893,35.4771521906962,35.13934261621938
2068,2021-08-30 00:00:00+00:00,2022-08-29 00:00:00+00:00,365,2829.443466772607,2816.3131735605443,35.69636851634716,35.34889170027693
2069,2021-08-31 00:00:00+00:00,2022-08-30 00:00:00+00:00,365,2837.8582573374465,2824.318754463813,35.919055442384895,35.56074940353865
2070,2021-09-01 00:00:00+00:00,2022-08-31 00:00:00+00:00,365,2846.1286822249226,2832.1983684078887,36.13792191101852,35.769273548500976
2071,2021-09-02 00:00:00+00:00,2022-09-01 00:00:00+00:00,365,2854.559820959084,2840.198097562856,36.3610414709459,35.98097639255008
2072,2021-09-03 00:00:00+00:00,2022-09-02 00:00:00+00:00,365,2863.1867151268216,2848.3824264570867,36.58934145401303,36.19756443821735
2073,2021-09-04 00:00:00+00:00,2022-09-03 00:00:00+00:00,365,2872.0264483793026,2856.721969544893,36.823273957718314,36.4182600337254
2074,2021-09-05 00:00:00+00:00,2022-09-04 00:00:00+00:00,365,2880.7395408294274,2864.9584575331646,37.05385507070621,36.63622840469339
2075,2021-09-06 00:00:00+00:00,2022-09-05 00:00:00+00:00,365,2889.834296622296,2873.5025999065856,37.29453642753525,36.86233846484343
2076,2021-09-07 00:00:00+00:00,2022-09-06 00:00:00+00:00,365,2899.719904349381,2882.835335701638,37.096663639780445,36.65530136971736
2077,2021-09-08 00:00:00+00:00,2022-09-07 00:00:00+00:00,365,2908.5808848591187,2891.188707744262,37.328289484322546,36.87365833958326
2078,2021-09-09 00:00:00+00:00,2022-09-08 00:00:00+00:00,365,2917.271942724585,2899.4384399368973,37.555473554509895,37.08930616594575
2079,2021-09-10 00:00:00+00:00,2022-09-09 00:00:00+00:00,365,2924.5157684655414,2906.3645014855215,37.74482700733839,37.270353269456216
2080,2021-09-11 00:00:00+00:00,2022-09-10 00:00:00+00:00,365,2931.2279993850734,2912.8609196773073,37.92028458269245,37.44016950463667
2081,2021-09-12 00:00:00+00:00,2022-09-11 00:00:00+00:00,365,2937.905252698088,2919.3923772081944,38.0948278441463,37.6109016674058
2082,2021-09-13 00:00:00+00:00,2022-09-12 00:00:00+00:00,365,2944.3039654893864,2925.7096876632804,38.26209006220875,37.77603603010821
2083,2021-09-14 00:00:00+00:00,2022-09-13 00:00:00+00:00,365,2951.878265085219,2933.2067731373836,38.46008209466742,37.972009687045514
2084,2021-09-15 00:00:00+00:00,2022-09-14 00:00:00+00:00,365,2959.6220021497993,2940.912312272751,38.66250321900285,38.17343231831305
2085,2021-09-16 00:00:00+00:00,2022-09-15 00:00:00+00:00,365,2967.8748077970504,2949.1338102749914,38.87823138540449,38.38834210353122
2086,2021-09-17 00:00:00+00:00,2022-09-16 00:00:00+00:00,365,2976.0178005012813,2957.2797942572374,39.09108904378043,38.6012779538517
2087,2021-09-18 00:00:00+00:00,2022-09-17 00:00:00+00:00,365,2983.8401660365616,2965.0934390684447,39.295565514689635,38.805526465216666
2088,2021-09-19 00:00:00+00:00,2022-09-18 00:00:00+00:00,365,2992.2388411760576,2973.512432348937,39.51510670655691,39.02559877286314
2089,2021-09-20 00:00:00+00:00,2022-09-19 00:00:00+00:00,365,3000.4313915187477,2981.718427154562,39.72925980056202,39.24010330484718
2090,2021-09-21 00:00:00+00:00,2022-09-20 00:00:00+00:00,365,3008.508424053904,2989.842171100756,39.94039326150279,39.452457801092045
2091,2021-09-22 00:00:00+00:00,2022-09-21 00:00:00+00:00,365,3016.523951689257,2997.885756979441,39.15399314499373,38.67887625870226
2092,2021-09-23 00:00:00+00:00,2022-09-22 00:00:00+00:00,365,3024.2933616112173,3005.7104705466386,39.35204761904102,38.87834050961555
2093,2021-09-24 00:00:00+00:00,2022-09-23 00:00:00+00:00,365,3032.316532364784,3013.779106355767,39.556570855651046,39.08402272197241
2094,2021-09-25 00:00:00+00:00,2022-09-24 00:00:00+00:00,365,3040.3142545447918,3021.8553053793444,39.76044536811057,39.289897732556526
2095,2021-09-26 00:00:00+00:00,2022-09-25 00:00:00+00:00,365,3048.4280154005965,3030.0226977354005,39.96727788885322,39.49809740456051
2096,2021-09-27 00:00:00+00:00,2022-09-26 00:00:00+00:00,365,3056.2739767592757,3037.939202290634,40.16728377937734,39.69990155207346
2097,2021-09-28 00:00:00+00:00,2022-09-27 00:00:00+00:00,365,3064.1175608350013,3045.8313566357147,40.367229069221395,39.901084974445986
2098,2021-09-29 00:00:00+00:00,2022-09-28 00:00:00+00:00,365,3071.4847078140865,3053.2677934533044,40.55502922841337,40.09065144055956
2099,2021-09-30 00:00:00+00:00,2022-09-29 00:00:00+00:00,365,3078.864593811447,3060.679203946697,40.74315412520958,40.27957994632273
2100,2021-10-01 00:00:00+00:00,2022-09-30 00:00:00+00:00,365,3086.643517457742,3068.518210570087,40.941451119047734,40.47940854971003
2101,2021-10-02 00:00:00+00:00,2022-10-01 00:00:00+00:00,365,3095.1028598120024,3077.006476249265,41.15709305551238,40.695787787200324
2102,2021-10-03 00:00:00+00:00,2022-10-02 00:00:00+00:00,365,3103.7156330876333,3085.6819389731027,41.376646187388225,40.9169389716719
2103,2021-10-04 00:00:00+00:00,2022-10-03 00:00:00+00:00,365,3111.9796336577956,3093.952560769371,41.58730855465809,41.127770124405146
2104,2021-10-05 00:00:00+00:00,2022-10-04 00:00:00+00:00,365,3119.854347930448,3101.8636758634566,41.788047402164985,41.329436886080074
2105,2021-10-06 00:00:00+00:00,2022-10-05 00:00:00+00:00,365,3128.136141536823,3110.1430240984164,41.99916334190227,41.54049048945536
2106,2021-10-07 00:00:00+00:00,2022-10-06 00:00:00+00:00,365,3137.184934629582,3118.932022604659,42.22983130443102,41.7645358795224
2107,2021-10-08 00:00:00+00:00,2022-10-07 00:00:00+00:00,365,3146.029993608952,3127.8618132386964,42.45530576409686,41.9921702822816
2108,2021-10-09 00:00:00+00:00,2022-10-08 00:00:00+00:00,365,3154.956925241395,3136.8925260632714,42.68286728641047,42.222377350348374
2109,2021-10-10 00:00:00+00:00,2022-10-09 00:00:00+00:00,365,3163.975992643971,3146.0138743656544,42.91277749436146,42.454894859242394
2110,2021-10-11 00:00:00+00:00,2022-10-10 00:00:00+00:00,365,3173.1624399089824,3155.308725386488,43.14695447816205,42.69183522521225
2111,2021-10-12 00:00:00+00:00,2022-10-11 00:00:00+00:00,365,3182.8749312724917,3164.9163110714903,43.394541153084646,42.936747689456055
2112,2021-10-13 00:00:00+00:00,2022-10-12 00:00:00+00:00,365,3192.149111553422,3174.3425241261803,43.63095458939566,43.1770366801975
2113,2021-10-14 00:00:00+00:00,2022-10-13 00:00:00+00:00,365,3201.3598722950637,3183.696389899132,43.86575136194143,43.415481424982396
2114,2021-10-15 00:00:00+00:00,2022-10-14 00:00:00+00:00,365,3210.6950348286427,3193.208023653263,44.1037193317493,43.65794792365178
2115,2021-10-16 00:00:00+00:00,2022-10-15 00:00:00+00:00,365,3220.7293866931022,3203.116050696659,44.35951073687311,43.91051911047765
2116,2021-10-17 00:00:00+00:00,2022-10-16 00:00:00+00:00,365,3230.2095030340397,3212.843350056241,44.601173807128234,44.158483264501406
2117,2021-10-18 00:00:00+00:00,2022-10-17 00:00:00+00:00,365,3239.5212863904294,3222.3946850962184,44.8385458049526,44.401961811365744
2118,2021-10-19 00:00:00+00:00,2022-10-18 00:00:00+00:00,365,3248.880254635853,3232.1392172718374,45.077120619782946,44.65036525696387
2119,2021-10-20 00:00:00+00:00,2022-10-19 00:00:00+00:00,365,3258.688555910887,3242.1977727493713,45.32714963998352,44.90677365023809
2120,2021-10-21 00:00:00+00:00,2022-10-20 00:00:00+00:00,365,3268.5101853940196,3252.4448809213845,45.57751841716325,45.16798854813883
2121,2021-10-22 00:00:00+00:00,2022-10-21 00:00:00+00:00,365,3278.2308545268106,3262.3405588215946,45.825313556282,45.42024493588946
2122,2021-10-23 00:00:00+00:00,2022-10-22 00:00:00+00:00,365,3287.793388385512,3272.0945327028126,46.0690775786425,45.66888906540763
2123,2021-10-24 00:00:00+00:00,2022-10-23 00:00:00+00:00,365,3296.931008452298,3281.624421277208,46.30200988039377,45.91182090814596
2124,2021-10-25 00:00:00+00:00,2022-10-24 00:00:00+00:00,365,3306.6047254903388,3291.288180603974,46.54860813679882,46.15816532683502
2125,2021-10-26 00:00:00+00:00,2022-10-25 00:00:00+00:00,365,3316.1381454381853,3300.5754899900508,46.791629999798474,46.39491344467791
2126,2021-10-27 00:00:00+00:00,2022-10-26 00:00:00+00:00,365,3324.96747581103,3309.2127078943604,47.01670351255534,46.61508970857085
2127,2021-10-28 00:00:00+00:00,2022-10-27 00:00:00+00:00,365,3334.022485124924,3318.0438610160763,47.24752993633402,46.84020968606218
2128,2021-10-29 00:00:00+00:00,2022-10-28 00:00:00+00:00,365,3342.9667905096853,3326.8168791739304,47.475534342909384,47.06384771192435
2129,2021-10-30 00:00:00+00:00,2022-10-29 00:00:00+00:00,365,3351.9350287274333,3335.5836459273028,47.704148835024995,47.28732637965777
2130,2021-10-31 00:00:00+00:00,2022-10-30 00:00:00+00:00,365,3360.9417752637505,3344.4351993498976,47.93374496472406,47.51296639289205
2131,2021-11-01 00:00:00+00:00,2022-10-31 00:00:00+00:00,365,3370.0463430555087,3353.3459792458893,48.16583471201979,47.740116182049604
2132,2021-11-02 00:00:00+00:00,2022-11-01 00:00:00+00:00,365,3378.8122035895794,3362.236373775854,48.38929027879844,47.96674631617707
2133,2021-11-03 00:00:00+00:00,2022-11-02 00:00:00+00:00,365,3388.2029082812655,3371.4871227441427,48.62867410554035,48.202562451489925
2134,2021-11-04 00:00:00+00:00,2022-11-03 00:00:00+00:00,365,3397.712772281043,3380.6995791227737,48.871095490388846,48.43740244848844
2135,2021-11-05 00:00:00+00:00,2022-11-04 00:00:00+00:00,365,3406.4858606196435,3389.1863921067957,49.094735305268586,48.65374465449528
2136,2021-11-06 00:00:00+00:00,2022-11-05 00:00:00+00:00,365,3415.1237824927025,3397.568020343512,49.31492951443174,48.86740553592088
2137,2021-11-07 00:00:00+00:00,2022-11-06 00:00:00+00:00,365,3424.0076572298467,3406.18937026429,49.541393448789734,49.08717729996581
2138,2021-11-08 00:00:00+00:00,2022-11-07 00:00:00+00:00,365,3433.237398741747,3415.1635888408,49.77667407101113,49.31594424082864
2139,2021-11-09 00:00:00+00:00,2022-11-08 00:00:00+00:00,365,3444.2977070923594,3425.8998061009925,49.93296295248699,49.462791517913104
2140,2021-11-10 00:00:00+00:00,2022-11-09 00:00:00+00:00,365,3458.102530697288,3439.2024216501163,39.940450206216354,39.54736670964999
2141,2021-11-11 00:00:00+00:00,2022-11-10 00:00:00+00:00,365,3469.6088059711547,3450.590067055706,40.17975712798163,39.784206373511985
2142,2021-11-12 00:00:00+00:00,2022-11-11 00:00:00+00:00,365,3481.4679178997203,3462.56794749624,40.426402328356815,40.03332171529481
2143,2021-11-13 00:00:00+00:00,2022-11-12 00:00:00+00:00,365,3493.261888727969,3474.6282569224077,40.67169272747562,40.28415141088431
2144,2021-11-14 00:00:00+00:00,2022-11-13 00:00:00+00:00,365,3505.369425537639,3487.16090237805,40.92350465575988,40.54480472693847
2145,2021-11-15 00:00:00+00:00,2022-11-14 00:00:00+00:00,365,3517.1472764194787,3499.4231449275226,40.788647412664126,40.41764201546639
2146,2021-11-16 00:00:00+00:00,2022-11-15 00:00:00+00:00,365,3528.5731538007,3511.379877302428,39.90557186474277,39.538829644976374
2147,2021-11-17 00:00:00+00:00,2022-11-16 00:00:00+00:00,365,3539.926829664236,3523.2834019894804,40.08851894332606,39.73315396531946
2148,2021-11-18 00:00:00+00:00,2022-11-17 00:00:00+00:00,365,3551.309738733894,3535.1588699304325,40.187716671226326,39.842037301310576
2149,2021-11-19 00:00:00+00:00,2022-11-18 00:00:00+00:00,365,3562.5071042410505,3546.778343236686,40.427375497035165,40.09073056110585
2150,2021-11-20 00:00:00+00:00,2022-11-19 00:00:00+00:00,365,3573.7856251345975,3558.4652950327304,40.668771303261224,40.34086807273163
2151,2021-11-21 00:00:00+00:00,2022-11-20 00:00:00+00:00,365,3585.6808066211033,3570.7430659549045,40.66526527607621,40.34415385896702
2152,2021-11-22 00:00:00+00:00,2022-11-21 00:00:00+00:00,365,3597.9858568750115,3583.4662258003427,40.92104412216146,40.608874487639824
2153,2021-11-23 00:00:00+00:00,2022-11-22 00:00:00+00:00,365,3609.6952063892195,3595.5473781739033,41.172793174154485,40.86861723879238
2154,2021-11-24 00:00:00+00:00,2022-11-23 00:00:00+00:00,365,3621.1076587428233,3607.324599892409,41.41815898695641,41.12182553180199
2155,2021-11-25 00:00:00+00:00,2022-11-24 00:00:00+00:00,365,3632.5101763534826,3619.050763871802,41.663311204450146,41.37393609197828
2156,2021-11-26 00:00:00+00:00,2022-11-25 00:00:00+00:00,365,3644.1065046670656,3630.9897418255505,41.51235719464751,41.228405707175305
2157,2021-11-27 00:00:00+00:00,2022-11-26 00:00:00+00:00,365,3655.354492848483,3642.5536179407027,41.755853475991756,41.47874032582444
2158,2021-11-28 00:00:00+00:00,2022-11-27 00:00:00+00:00,365,3666.6793574663157,3654.2080843104295,42.00101397729144,41.73103604096115
2159,2021-11-29 00:00:00+00:00,2022-11-28 00:00:00+00:00,365,3678.498588412388,3666.3211820613597,42.256876513533435,41.99326020143668
2160,2021-11-30 00:00:00+00:00,2022-11-29 00:00:00+00:00,365,3690.138686066029,3678.2529724927135,42.22939279784937,41.970840285182526
2161,2021-12-01 00:00:00+00:00,2022-11-30 00:00:00+00:00,365,3701.0627849112775,3689.4046645392123,42.46702709617211,42.21342546791672
2162,2021-12-02 00:00:00+00:00,2022-12-01 00:00:00+00:00,365,3712.17511244471,3700.7661241567744,42.47759124807861,42.22840765262795
2163,2021-12-03 00:00:00+00:00,2022-12-02 00:00:00+00:00,365,3723.1802894042644,3711.969300462327,41.49296040593647,41.242864922338015
2164,2021-12-04 00:00:00+00:00,2022-12-03 00:00:00+00:00,365,3734.073851151309,3723.0765608504903,40.333215727611005,40.08198094776668
2165,2021-12-05 00:00:00+00:00,2022-12-04 00:00:00+00:00,365,3744.337332403402,3733.5049207588154,40.567686527441936,40.32021842573072
2166,2021-12-06 00:00:00+00:00,2022-12-05 00:00:00+00:00,365,3754.753059992864,3744.103477080218,40.80563541814842,40.562344066796776
2167,2021-12-07 00:00:00+00:00,2022-12-06 00:00:00+00:00,365,3765.2486076067285,3754.7315425266825,41.045407809527276,40.80514384834067
2168,2021-12-08 00:00:00+00:00,2022-12-07 00:00:00+00:00,365,3775.938700954044,3765.575520018968,41.28962462795829,41.052876173612496
2169,2021-12-09 00:00:00+00:00,2022-12-08 00:00:00+00:00,365,3786.3036740802595,3776.04995194677,41.52641402518491,41.292166173911916
2170,2021-12-10 00:00:00+00:00,2022-12-09 00:00:00+00:00,365,3796.4328779663665,3786.3227776008466,41.75781723804135,41.52685044803614
2171,2021-12-11 00:00:00+00:00,2022-12-10 00:00:00+00:00,365,3806.547692012803,3796.546434917622,41.988891712808424,41.76041146397046
2172,2021-12-12 00:00:00+00:00,2022-12-11 00:00:00+00:00,365,3816.8774711849164,3807.01870927623,42.224877098767834,41.99965217427147
2173,2021-12-13 00:00:00+00:00,2022-12-12 00:00:00+00:00,365,3827.2824256828153,3817.486968275175,42.462579876548936,42.238801153066504
2174,2021-12-14 00:00:00+00:00,2022-12-13 00:00:00+00:00,365,3836.7700289695936,3827.044456480876,42.679325625529174,42.45714343371406
2175,2021-12-15 00:00:00+00:00,2022-12-14 00:00:00+00:00,365,3846.4703484966876,3836.754601743252,42.90093090957152,42.67897318818256
2176,2021-12-16 00:00:00+00:00,2022-12-15 00:00:00+00:00,365,3856.62047469755,3846.9402710482386,43.1328120959103,42.911666362174245
2177,2021-12-17 00:00:00+00:00,2022-12-16 00:00:00+00:00,365,3867.3707432582332,3857.6905093957885,43.37840362629934,43.15725720233963
2178,2021-12-18 00:00:00+00:00,2022-12-17 00:00:00+00:00,365,3877.77905440799,3868.1103737638236,43.61618308730581,43.39530059838566
2179,2021-12-19 00:00:00+00:00,2022-12-18 00:00:00+00:00,365,3888.300559798092,3878.6004579091714,43.85654848805515,43.63494817599018
2180,2021-12-20 00:00:00+00:00,2022-12-19 00:00:00+00:00,365,3899.1387416586094,3889.436988468308,44.10414841123233,43.88251037493461
2181,2021-12-21 00:00:00+00:00,2022-12-20 00:00:00+00:00,365,3909.5251062246202,3899.8118221570403,44.341426499174624,44.11952503822091
2182,2021-12-22 00:00:00+00:00,2022-12-21 00:00:00+00:00,365,3920.239763017613,3910.5372685316074,44.586204473281086,44.36454950196957
2183,2021-12-23 00:00:00+00:00,2022-12-22 00:00:00+00:00,365,3930.954031154395,3921.2047335790994,44.83097356847694,44.60824937342828
2184,2021-12-24 00:00:00+00:00,2022-12-23 00:00:00+00:00,365,3941.8735694722777,3932.129144129036,45.080432092372654,44.85781920421087
2185,2021-12-25 00:00:00+00:00,2022-12-24 00:00:00+00:00,365,3952.7857783289974,3943.0057300459225,45.32972317360647,45.1062964739328
2186,2021-12-26 00:00:00+00:00,2022-12-25 00:00:00+00:00,365,3963.6386418838656,3953.8740469596532,45.57765850233784,45.35458483701222
2187,2021-12-27 00:00:00+00:00,2022-12-26 00:00:00+00:00,365,3974.51289026927,3964.711369525883,45.82515719930217,45.60123613397219
2188,2021-12-28 00:00:00+00:00,2022-12-27 00:00:00+00:00,365,3985.520631309159,3975.724438140951,44.439515985087205,44.208922059159036
2189,2021-12-29 00:00:00+00:00,2022-12-28 00:00:00+00:00,365,3996.3529048407104,3986.5454865313786,44.62952045275555,44.398391063702206
2190,2021-12-30 00:00:00+00:00,2022-12-29 00:00:00+00:00,365,4006.709249708305,3997.1238524238506,44.873586279925924,44.64768921422399
2191,2021-12-31 00:00:00+00:00,2022-12-30 00:00:00+00:00,365,4017.48054378618,4007.8179793646445,45.127431128897484,44.899715481313336
2192,2022-01-01 00:00:00+00:00,2022-12-31 00:00:00+00:00,365,4028.1864149669045,4018.4877452320056,45.379734170048515,45.15116763604797
2193,2022-01-02 00:00:00+00:00,2023-01-01 00:00:00+00:00,365,4038.9923675065716,4029.224841847977,45.5796837716871,45.34926286836935
2194,2022-01-03 00:00:00+00:00,2023-01-02 00:00:00+00:00,365,4049.6605122416836,4039.85567256181,45.8313507375605,45.600049577482736
2195,2022-01-04 00:00:00+00:00,2023-01-03 00:00:00+00:00,365,4060.297973994992,4050.392875119308,46.082293876271244,45.848627550718405
2196,2022-01-05 00:00:00+00:00,2023-01-04 00:00:00+00:00,365,4070.7161668197828,4060.685826689897,46.32806434931982,46.09144351881512
2197,2022-01-06 00:00:00+00:00,2023-01-05 00:00:00+00:00,365,4080.946555112518,4070.67593780908,46.56940441783853,46.327115326475166
2198,2022-01-07 00:00:00+00:00,2023-01-06 00:00:00+00:00,365,4090.7885794667527,4080.4819711277164,46.80158278331665,46.55844464509907
2199,2022-01-08 00:00:00+00:00,2023-01-07 00:00:00+00:00,365,4100.482521409573,4090.052862629893,47.03026780931492,46.78422684855274
2200,2022-01-09 00:00:00+00:00,2023-01-08 00:00:00+00:00,365,4110.04844635821,4099.558535687186,47.25593284924192,47.00847051568634
2201,2022-01-10 00:00:00+00:00,2023-01-09 00:00:00+00:00,365,4119.552324580812,4108.962732269831,47.480134175311335,47.23032030111731
2202,2022-01-11 00:00:00+00:00,2023-01-10 00:00:00+00:00,365,4128.780034063272,4118.125942347469,47.69782054019244,47.446485092199495
2203,2022-01-12 00:00:00+00:00,2023-01-11 00:00:00+00:00,365,4137.860705436195,4127.082575063357,47.912038201206656,47.65777661814129
2204,2022-01-13 00:00:00+00:00,2023-01-12 00:00:00+00:00,365,4146.207766571364,4135.369583031554,48.108949623202456,47.853271355352774
2205,2022-01-14 00:00:00+00:00,2023-01-13 00:00:00+00:00,365,4153.643950738891,4142.73149333593,48.28437299376828,48.026942567671135
2206,2022-01-15 00:00:00+00:00,2023-01-14 00:00:00+00:00,365,4160.329674358528,4149.414743053253,48.44209261792038,48.184603831208086
2207,2022-01-16 00:00:00+00:00,2023-01-15 00:00:00+00:00,365,4167.18549730828,4156.197566344808,48.60382497187416,48.344614086058016
2208,2022-01-17 00:00:00+00:00,2023-01-16 00:00:00+00:00,365,4173.80259095423,4162.786220741371,48.75992558000478,48.50004379781603
2209,2022-01-18 00:00:00+00:00,2023-01-17 00:00:00+00:00,365,4180.316910782616,4169.232190327586,48.91360170145286,48.65210750225151
2210,2022-01-19 00:00:00+00:00,2023-01-18 00:00:00+00:00,365,4187.136330989984,4176.004540787742,49.07447529617974,48.81187069767661
2211,2022-01-20 00:00:00+00:00,2023-01-19 00:00:00+00:00,365,4193.663684934296,4182.450086327499,49.228458899058694,48.96392439864022
2212,2022-01-21 00:00:00+00:00,2023-01-20 00:00:00+00:00,365,4199.118307990423,4187.818042985013,49.35713623411589,49.09055722922886
2213,2022-01-22 00:00:00+00:00,2023-01-21 00:00:00+00:00,365,4203.846894598707,4192.3250281483815,49.46868599971474,49.196879303916155
2214,2022-01-23 00:00:00+00:00,2023-01-22 00:00:00+00:00,365,4208.04421744196,4196.557061744282,49.56770298260925,49.29671513113821
2215,2022-01-24 00:00:00+00:00,2023-01-23 00:00:00+00:00,365,4212.3821610997375,4200.952307676977,49.67003728211395,49.40040122048308
2216,2022-01-25 00:00:00+00:00,2023-01-24 00:00:00+00:00,365,4216.950091361954,4205.595628793726,49.77779708271262,49.509939529724605
2217,2022-01-26 00:00:00+00:00,2023-01-25 00:00:00+00:00,365,4221.309589998626,4210.037086438062,49.880639875143935,49.61471577687528
2218,2022-01-27 00:00:00+00:00,2023-01-26 00:00:00+00:00,365,4225.678807795073,4214.504753250614,49.983711947502776,49.72011031164829
2219,2022-01-28 00:00:00+00:00,2023-01-27 00:00:00+00:00,365,4230.080726879904,4218.979929178624,50.08755545990409,49.825681990278134
2220,2022-01-29 00:00:00+00:00,2023-01-28 00:00:00+00:00,365,4234.625181860556,4223.633290025724,50.19476146665844,49.935457141870266
2221,2022-01-30 00:00:00+00:00,2023-01-29 00:00:00+00:00,365,4238.840034406874,4227.963757740814,50.29419198417331,50.03761508008069
2222,2022-01-31 00:00:00+00:00,2023-01-30 00:00:00+00:00,365,4243.544354178579,4232.7674657695,50.40516928274206,50.150936998234094
2223,2022-02-01 00:00:00+00:00,2023-01-31 00:00:00+00:00,365,4248.1952795032885,4237.489264361667,50.51488697912099,50.262326631076704
2224,2022-02-02 00:00:00+00:00,2023-02-01 00:00:00+00:00,365,4252.549681771109,4241.972695899525,50.61760954561635,50.36809306374613
2225,2022-02-03 00:00:00+00:00,2023-02-02 00:00:00+00:00,365,4256.694159345211,4246.212100536784,50.71537988170596,50.46810277758673
2226,2022-02-04 00:00:00+00:00,2023-02-03 00:00:00+00:00,365,4260.895515528917,4250.504308328482,50.81449201315527,50.569358144724696
2227,2022-02-05 00:00:00+00:00,2023-02-04 00:00:00+00:00,365,4265.897816687131,4255.565574354774,50.93249884434583,50.68875598717454
2228,2022-02-06 00:00:00+00:00,2023-02-05 00:00:00+00:00,365,4271.165382875251,4260.899236697091,51.056763412648735,50.81457979740708
2229,2022-02-07 00:00:00+00:00,2023-02-06 00:00:00+00:00,365,4276.709118453002,4266.476557794395,51.187542957461694,50.946151641726054
2230,2022-02-08 00:00:00+00:00,2023-02-07 00:00:00+00:00,365,4282.156554539113,4272.009684962945,51.31605074823705,51.07668092876483
2231,2022-02-09 00:00:00+00:00,2023-02-08 00:00:00+00:00,365,4287.880897729763,4277.750909004736,51.451090918592755,51.21211932699366
2232,2022-02-10 00:00:00+00:00,2023-02-09 00:00:00+00:00,365,4294.270927041242,4284.138127632476,51.60183496346583,51.362797066406294
2233,2022-02-11 00:00:00+00:00,2023-02-10 00:00:00+00:00,365,4300.672146243464,4290.528269865827,51.75284298355872,51.51354377516378
2234,2022-02-12 00:00:00+00:00,2023-02-11 00:00:00+00:00,365,4306.722607109894,4296.590409942763,51.89557643592542,51.65655274605266
2235,2022-02-13 00:00:00+00:00,2023-02-12 00:00:00+00:00,365,4312.841396696747,4302.677716255158,52.039921797595746,51.80015540124916
2236,2022-02-14 00:00:00+00:00,2023-02-13 00:00:00+00:00,365,4318.8282794295565,4308.753087697145,52.1811554094202,51.94347650677621
2237,2022-02-15 00:00:00+00:00,2023-02-14 00:00:00+00:00,365,4324.71357754859,4314.65742755926,52.31999258848498,52.08276289025516
2238,2022-02-16 00:00:00+00:00,2023-02-15 00:00:00+00:00,365,4329.703320802864,4319.774839788791,52.43770317232786,52.203485250225654
2239,2022-02-17 00:00:00+00:00,2023-02-16 00:00:00+00:00,365,4334.952731421963,4325.096832095758,52.56153944151383,52.32903375838263
2240,2022-02-18 00:00:00+00:00,2023-02-17 00:00:00+00:00,365,4339.222378990831,4329.484181777157,52.66226260150895,52.43253357113912
2241,2022-02-19 00:00:00+00:00,2023-02-18 00:00:00+00:00,365,4343.3871710944895,4333.763015933954,52.76051216769373,52.53347344742074
2242,2022-02-20 00:00:00+00:00,2023-02-19 00:00:00+00:00,365,4347.672799336549,4338.173676781984,52.861612319905824,52.637523182466694
2243,2022-02-21 00:00:00+00:00,2023-02-20 00:00:00+00:00,365,4351.504500101375,4342.11527746425,52.95200409181764,52.73050754938529
2244,2022-02-22 00:00:00+00:00,2023-02-21 00:00:00+00:00,365,4355.204907453149,4345.958386411992,53.03929858526891,52.82116844614046
2245,2022-02-23 00:00:00+00:00,2023-02-22 00:00:00+00:00,365,4359.2479413222445,4350.124986679244,53.13467581270845,52.91946066782502
2246,2022-02-24 00:00:00+00:00,2023-02-23 00:00:00+00:00,365,4363.219041150232,4354.239982676827,53.22835607949381,53.01653551851433
2247,2022-02-25 00:00:00+00:00,2023-02-24 00:00:00+00:00,365,4367.771299397173,4358.905104854501,53.335746169272866,53.12658812588285
2248,2022-02-26 00:00:00+00:00,2023-02-25 00:00:00+00:00,365,4372.485350494286,4363.767659761628,53.4469530347626,53.24129827185996
2249,2022-02-27 00:00:00+00:00,2023-02-26 00:00:00+00:00,365,4376.982776679615,4368.390459526334,53.553049608291104,53.35035247195856
2250,2022-02-28 00:00:00+00:00,2023-02-27 00:00:00+00:00,365,4381.248339130364,4372.772816740179,53.65367639826989,53.4537345098636
2251,2022-03-01 00:00:00+00:00,2023-02-28 00:00:00+00:00,365,4386.593052087035,4378.264552248904,53.77976089812135,53.58328734657297
2252,2022-03-02 00:00:00+00:00,2023-03-01 00:00:00+00:00,365,4391.845555642152,4383.68864348992,53.903670131242734,53.71124442056675
2253,2022-03-03 00:00:00+00:00,2023-03-02 00:00:00+00:00,365,4397.163080315729,4389.133109254737,54.02911324565337,53.83968213995046
2254,2022-03-04 00:00:00+00:00,2023-03-03 00:00:00+00:00,365,4402.5163284504815,4394.943828133832,54.15539909470139,53.97675995677385
2255,2022-03-05 00:00:00+00:00,2023-03-04 00:00:00+00:00,365,4407.747876811519,4400.204910976485,54.27881398412531,54.10087157965625
2256,2022-03-06 00:00:00+00:00,2023-03-05 00:00:00+00:00,365,4412.951982646842,4405.468555037142,54.401581490395564,54.22504362297539
2257,2022-03-07 00:00:00+00:00,2023-03-06 00:00:00+00:00,365,4417.990557154033,4410.556626384485,54.520444028356664,54.345073816596454
2258,2022-03-08 00:00:00+00:00,2023-03-07 00:00:00+00:00,365,4423.08103411473,4415.729771510163,54.64053097162155,54.46711094396287
2259,2022-03-09 00:00:00+00:00,2023-03-08 00:00:00+00:00,365,4428.542914005844,4421.279693598799,54.769379499110826,54.59803643171743
2260,2022-03-10 00:00:00+00:00,2023-03-09 00:00:00+00:00,365,4435.371830983759,4428.218040193227,54.93047712749007,54.76171556046516
2261,2022-03-11 00:00:00+00:00,2023-03-10 00:00:00+00:00,365,4441.897426026839,4434.814832005926,55.084419236993455,54.91733723801292
2262,2022-03-12 00:00:00+00:00,2023-03-11 00:00:00+00:00,365,4448.0401778580335,4441.067476131508,55.229329880207914,55.06484029640245
2263,2022-03-13 00:00:00+00:00,2023-03-12 00:00:00+00:00,365,4453.293651578309,4446.449786971771,55.353262000019335,55.19181174947042
2264,2022-03-14 00:00:00+00:00,2023-03-13 00:00:00+00:00,365,4457.185814062609,4450.545970002189,55.44508009467698,55.288442792685885
2265,2022-03-15 00:00:00+00:00,2023-03-14 00:00:00+00:00,365,4461.154031410563,4454.697128931167,55.53869236229075,55.386370745338766
2266,2022-03-16 00:00:00+00:00,2023-03-15 00:00:00+00:00,365,4465.201498086159,4458.9597559909635,55.63417416189254,55.48692828795048
2267,2022-03-17 00:00:00+00:00,2023-03-16 00:00:00+00:00,365,4469.279130743559,4463.234025577337,55.73036759236379,55.587760483691795
2268,2022-03-18 00:00:00+00:00,2023-03-17 00:00:00+00:00,365,4472.29362791913,4466.526847597803,55.80148111553459,55.66543983165979
2269,2022-03-19 00:00:00+00:00,2023-03-18 00:00:00+00:00,365,4475.709946797753,4470.129068599001,55.88207381726363,55.75041805911045
2270,2022-03-20 00:00:00+00:00,2023-03-19 00:00:00+00:00,365,4478.725330724517,4473.356215134008,55.95320825934657,55.82654808893852
2271,2022-03-21 00:00:00+00:00,2023-03-20 00:00:00+00:00,365,4481.804324895865,4476.564620730459,56.0258432994857,55.90223601048429
2272,2022-03-22 00:00:00+00:00,2023-03-21 00:00:00+00:00,365,4484.674070392039,4479.6175686203605,56.093542056840754,55.974256605582916
2273,2022-03-23 00:00:00+00:00,2023-03-22 00:00:00+00:00,365,4488.1388985559515,4483.173757773162,56.17527911730777,56.058148918293284
2274,2022-03-24 00:00:00+00:00,2023-03-23 00:00:00+00:00,365,4491.217990251872,4486.413710448736,56.24791645810122,56.13458105149742
2275,2022-03-25 00:00:00+00:00,2023-03-24 00:00:00+00:00,365,4494.866430795025,4490.159116739898,56.33398502807878,56.22293709283961
2276,2022-03-26 00:00:00+00:00,2023-03-25 00:00:00+00:00,365,4498.44508080663,4493.947835954446,56.418407203884044,56.31231490809677
2277,2022-03-27 00:00:00+00:00,2023-03-26 00:00:00+00:00,365,4501.929784104322,4497.561409989791,56.5006131288761,56.397560959403236
2278,2022-03-28 00:00:00+00:00,2023-03-27 00:00:00+00:00,365,4506.089238912336,4501.793657078339,56.59873678553922,56.49740182302553
2279,2022-03-29 00:00:00+00:00,2023-03-28 00:00:00+00:00,365,4510.068246985188,4506.033585160054,56.69260361184732,56.59742388518736
2280,2022-03-30 00:00:00+00:00,2023-03-29 00:00:00+00:00,365,4513.650155455129,4509.911892226675,56.621355013104846,56.53284970885329
2281,2022-03-31 00:00:00+00:00,2023-03-30 00:00:00+00:00,365,4517.338706226597,4513.875147862784,56.49306591304285,56.41065596959077
2282,2022-04-01 00:00:00+00:00,2023-03-31 00:00:00+00:00,365,4520.63150356402,4517.470117881343,56.57141286547513,56.49619264742957
2283,2022-04-02 00:00:00+00:00,2023-04-01 00:00:00+00:00,365,4524.031724474903,4521.16133673771,56.65231579349218,56.58401941553043
2284,2022-04-03 00:00:00+00:00,2023-04-02 00:00:00+00:00,365,4527.446395581729,4524.926068979625,56.733562541276484,56.67359531943602
2285,2022-04-04 00:00:00+00:00,2023-04-03 00:00:00+00:00,365,4531.050275621808,4528.863732115618,56.81931121911427,56.7672858429626
2286,2022-04-05 00:00:00+00:00,2023-04-04 00:00:00+00:00,365,4534.551628816266,4532.737503714268,56.43102492945883,56.38738833822337
2287,2022-04-06 00:00:00+00:00,2023-04-05 00:00:00+00:00,365,4537.96348800731,4536.460245242262,55.36769387446798,55.330582801121054
2288,2022-04-07 00:00:00+00:00,2023-04-06 00:00:00+00:00,365,4541.092273097469,4539.901271280651,55.44493527264228,55.41553259942944
2289,2022-04-08 00:00:00+00:00,2023-04-07 00:00:00+00:00,365,4544.348678546476,4543.419901621516,54.9947315324506,54.97152894565388
2290,2022-04-09 00:00:00+00:00,2023-04-08 00:00:00+00:00,365,4547.384875668875,4546.728367695314,55.070581422097156,55.054180623552384
2291,2022-04-10 00:00:00+00:00,2023-04-09 00:00:00+00:00,365,4550.410014805107,4549.970566433465,54.885914527461196,54.87487258882774
2292,2022-04-11 00:00:00+00:00,2023-04-10 00:00:00+00:00,365,4552.935041352205,4552.716757446227,54.443580984634195,54.43803462784382
2293,2022-04-12 00:00:00+00:00,2023-04-11 00:00:00+00:00,365,4554.944405433747,4554.846279316176,54.49463674189713,54.492143463906395
2294,2022-04-13 00:00:00+00:00,2023-04-12 00:00:00+00:00,365,4557.113256649089,4557.172405834074,54.54974489387767,54.5512478103768
2295,2022-04-14 00:00:00+00:00,2023-04-13 00:00:00+00:00,365,4559.343853506784,4559.535866139423,54.606421935516906,54.61130076780692
2296,2022-04-15 00:00:00+00:00,2023-04-14 00:00:00+00:00,365,4561.293704140112,4561.66703109819,54.655965520747976,54.66545135297043
2297,2022-04-16 00:00:00+00:00,2023-04-15 00:00:00+00:00,365,4563.397630469192,4563.93630406424,54.70942400193779,54.723111112484524
2298,2022-04-17 00:00:00+00:00,2023-04-16 00:00:00+00:00,365,4565.437763112427,4566.199585675042,54.76126155490988,54.78061863817396
2299,2022-04-18 00:00:00+00:00,2023-04-17 00:00:00+00:00,365,4567.647559232795,4568.596161297308,54.81741007242268,54.84151301981272
2300,2022-04-19 00:00:00+00:00,2023-04-18 00:00:00+00:00,365,4569.728860544241,4570.906340455282,54.870293676506336,54.90021216120121
2301,2022-04-20 00:00:00+00:00,2023-04-19 00:00:00+00:00,365,4572.4680557950305,4573.816959492805,54.877130481214834,54.91145239770404
2302,2022-04-21 00:00:00+00:00,2023-04-20 00:00:00+00:00,365,4575.296121929449,4576.896274569996,54.30939585330589,54.350688746925066
2303,2022-04-22 00:00:00+00:00,2023-04-21 00:00:00+00:00,365,4578.3734593855315,4580.162972408715,54.38880838245116,54.43498783372601
2304,2022-04-23 00:00:00+00:00,2023-04-22 00:00:00+00:00,365,4580.794464224567,4583.113867551011,54.451283856813184,54.51113744352233
2305,2022-04-24 00:00:00+00:00,2023-04-23 00:00:00+00:00,365,4583.590522387261,4586.1171594831,54.523437805967525,54.58863918374176
2306,2022-04-25 00:00:00+00:00,2023-04-24 00:00:00+00:00,365,4586.426306412334,4589.138516127728,54.596616904702934,54.666607094646544
2307,2022-04-26 00:00:00+00:00,2023-04-25 00:00:00+00:00,365,4589.292337683492,4592.049461948827,54.136647596227796,54.20863488986485
2308,2022-04-27 00:00:00+00:00,2023-04-26 00:00:00+00:00,365,4591.573123268573,4594.505723832488,54.19619789785934,54.27276679994656
2309,2022-04-28 00:00:00+00:00,2023-04-27 00:00:00+00:00,365,4593.8285307081205,4596.817995065485,54.255085587349164,54.33313917790249
2310,2022-04-29 00:00:00+00:00,2023-04-28 00:00:00+00:00,365,4596.109905526584,4599.259666997914,54.23416169427835,54.31654546198481
2311,2022-04-30 00:00:00+00:00,2023-04-29 00:00:00+00:00,365,4598.28711430513,4601.539394054794,54.291107803973595,54.376172994417885
2312,2022-05-01 00:00:00+00:00,2023-04-30 00:00:00+00:00,365,4600.174912823937,4603.605760962315,54.34048422693948,54.43021997316693
2313,2022-05-02 00:00:00+00:00,2023-05-01 00:00:00+00:00,365,4602.680349119322,4606.226774275754,54.40601531036949,54.49877403795418
2314,2022-05-03 00:00:00+00:00,2023-05-02 00:00:00+00:00,365,4604.926150641652,4608.672010294879,54.46475550152827,54.562730549588714
2315,2022-05-04 00:00:00+00:00,2023-05-03 00:00:00+00:00,365,4606.921634988079,4610.838361885964,54.51694850736515,54.61939268349154
2316,2022-05-05 00:00:00+00:00,2023-05-04 00:00:00+00:00,365,4609.247904954507,4613.421689092358,51.84477660498875,51.96051278432579
2317,2022-05-06 00:00:00+00:00,2023-05-05 00:00:00+00:00,365,4611.040873548354,4615.186567573839,51.424541286569145,51.54062158869098
2318,2022-05-07 00:00:00+00:00,2023-05-06 00:00:00+00:00,365,4612.761585189779,4617.065493723878,50.89877210443385,51.02070776486476
2319,2022-05-08 00:00:00+00:00,2023-05-07 00:00:00+00:00,365,4614.403135855043,4618.875441488759,49.22063843456375,49.35179970287476
2320,2022-05-09 00:00:00+00:00,2023-05-08 00:00:00+00:00,365,4616.038474394419,4620.712335126169,46.01568684148614,46.16154832345135
2321,2022-05-10 00:00:00+00:00,2023-05-09 00:00:00+00:00,365,4616.4904421552765,4621.628524479356,46.029791816191825,46.19014068948161
2322,2022-05-11 00:00:00+00:00,2023-05-10 00:00:00+00:00,365,4617.404793503081,4622.6980815815,46.05832682189315,46.22351934428521
2323,2022-05-12 00:00:00+00:00,2023-05-11 00:00:00+00:00,365,4617.7489910134955,4623.336302197447,46.06906851101039,46.24343688359706
2324,2022-05-13 00:00:00+00:00,2023-05-12 00:00:00+00:00,365,4618.458163288938,4624.132000148422,46.09120030418984,46.26826896332451
2325,2022-05-14 00:00:00+00:00,2023-05-13 00:00:00+00:00,365,4619.2310632895915,4624.983999795333,46.115320907257974,46.29485810199698
2326,2022-05-15 00:00:00+00:00,2023-05-14 00:00:00+00:00,365,4620.173473420962,4626.045307972756,46.1447315692931,46.32797932499985
2327,2022-05-16 00:00:00+00:00,2023-05-15 00:00:00+00:00,365,4621.321806276392,4627.3200667247265,46.18056865167436,46.36776189692106
2328,2022-05-17 00:00:00+00:00,2023-05-16 00:00:00+00:00,365,4622.1560778491275,4628.291396251683,46.20660453398769,46.39807507320293
2329,2022-05-18 00:00:00+00:00,2023-05-17 00:00:00+00:00,365,4623.013502478616,4629.289067448736,46.23336297509421,46.42921031827509
2330,2022-05-19 00:00:00+00:00,2023-05-18 00:00:00+00:00,365,4623.540694685644,4629.973007021688,46.2498155484615,46.450554651239
2331,2022-05-20 00:00:00+00:00,2023-05-19 00:00:00+00:00,365,4624.524316499746,4631.107252527459,46.280512341483956,46.4859520967085
2332,2022-05-21 00:00:00+00:00,2023-05-20 00:00:00+00:00,365,4625.106190731284,4631.841783435177,46.29867142721642,46.50887528011041
2333,2022-05-22 00:00:00+00:00,2023-05-21 00:00:00+00:00,365,4625.888773884033,4632.760949043458,46.32309422134153,46.53756052887801
2334,2022-05-23 00:00:00+00:00,2023-05-22 00:00:00+00:00,365,4626.89656043044,4633.928953064081,46.35454514544908,46.57401150745169
2335,2022-05-24 00:00:00+00:00,2023-05-23 00:00:00+00:00,365,4627.404481027484,4634.572871299485,46.37039629191182,46.594106857628134
2336,2022-05-25 00:00:00+00:00,2023-05-24 00:00:00+00:00,365,4628.434222064415,4635.731504485507,46.402532370051,46.63026539192488
2337,2022-05-26 00:00:00+00:00,2023-05-25 00:00:00+00:00,365,4629.3942610210015,4636.813065290985,46.432493191091474,46.66401865736791
2338,2022-05-27 00:00:00+00:00,2023-05-26 00:00:00+00:00,365,4630.170649737845,4637.726138799091,46.45672266974295,46.69251378434737
2339,2022-05-28 00:00:00+00:00,2023-05-27 00:00:00+00:00,365,4630.694246266021,4638.352804801987,46.47306302944445,46.71207072819439
2340,2022-05-29 00:00:00+00:00,2023-05-28 00:00:00+00:00,365,4630.87456922621,4638.671054555359,46.47869053435209,46.72200264172928
2341,2022-05-30 00:00:00+00:00,2023-05-29 00:00:00+00:00,365,4631.308219319623,4639.229306521419,46.492223852717764,46.739424525639166
2342,2022-05-31 00:00:00+00:00,2023-05-30 00:00:00+00:00,365,4632.412948073427,4640.482678680992,46.52670014168906,46.77853966644927
2343,2022-06-01 00:00:00+00:00,2023-05-31 00:00:00+00:00,365,4633.737779382328,4641.941667400297,45.72274412935757,45.98282080119093
2344,2022-06-02 00:00:00+00:00,2023-06-01 00:00:00+00:00,365,4634.634071502262,4642.969135871277,45.751158055904625,46.01539323267232
2345,2022-06-03 00:00:00+00:00,2023-06-02 00:00:00+00:00,365,4635.575748858937,4644.039796338617,45.78101076870721,46.049334921100936
2346,2022-06-04 00:00:00+00:00,2023-06-03 00:00:00+00:00,365,4636.3232767061745,4644.9208984634615,45.80470862442957,46.07726729995265
2347,2022-06-05 00:00:00+00:00,2023-06-04 00:00:00+00:00,365,4637.085506843281,4645.8128488394,45.82887256679392,46.10554358611193
2348,2022-06-06 00:00:00+00:00,2023-06-05 00:00:00+00:00,365,4638.445180171271,4647.279525092105,45.871976435733835,46.15203962282342
2349,2022-06-07 00:00:00+00:00,2023-06-06 00:00:00+00:00,365,4639.637477975092,4648.603239862451,45.629844355857976,45.915544630578644
2350,2022-06-08 00:00:00+00:00,2023-06-07 00:00:00+00:00,365,4641.137634862469,4650.2165898657295,44.34014648740571,44.636576937775594
2351,2022-06-09 00:00:00+00:00,2023-06-08 00:00:00+00:00,365,4642.287941706814,4651.483324253102,44.37770433143186,44.67793617403274
2352,2022-06-10 00:00:00+00:00,2023-06-09 00:00:00+00:00,365,4643.419998800182,4652.720533524967,44.41466631592356,44.71833140691241
2353,2022-06-11 00:00:00+00:00,2023-06-10 00:00:00+00:00,365,4644.522984015428,4653.889219435994,44.45067909536671,44.75648933266733
2354,2022-06-12 00:00:00+00:00,2023-06-11 00:00:00+00:00,365,4645.451047047964,4654.804264244054,44.48098061603813,44.78636580462521
2355,2022-06-13 00:00:00+00:00,2023-06-12 00:00:00+00:00,365,4645.857171190424,4655.168280562506,44.494240684230164,44.79825104044606
2356,2022-06-14 00:00:00+00:00,2023-06-13 00:00:00+00:00,365,4644.224145903827,4653.477379341858,44.44092194644618,44.743042637035366
2357,2022-06-15 00:00:00+00:00,2023-06-14 00:00:00+00:00,365,4642.801410172411,4651.981482976559,44.39446922215474,44.69420119734181
2358,2022-06-16 00:00:00+00:00,2023-06-15 00:00:00+00:00,365,4641.449739303859,4650.535326343048,44.350336785748475,44.646983773968394
2359,2022-06-17 00:00:00+00:00,2023-06-16 00:00:00+00:00,365,4638.518328613828,4647.450522447802,44.25462539707512,44.54626405373163
2360,2022-06-18 00:00:00+00:00,2023-06-17 00:00:00+00:00,365,4635.6229009390345,4644.396165353117,44.16008886403313,44.446538430150206
2361,2022-06-19 00:00:00+00:00,2023-06-18 00:00:00+00:00,365,4631.792429746429,4640.382950068461,44.03502289549984,44.31550581529148
2362,2022-06-20 00:00:00+00:00,2023-06-19 00:00:00+00:00,365,4628.8221368049435,4637.244640844943,43.9380419903121,44.21303913094366
2363,2022-06-21 00:00:00+00:00,2023-06-20 00:00:00+00:00,365,4625.383722301582,4633.605814909555,43.82577678364197,44.09423043429771
2364,2022-06-22 00:00:00+00:00,2023-06-21 00:00:00+00:00,365,4621.477506592236,4629.465270453616,43.69823773520001,43.95904048596005
2365,2022-06-23 00:00:00+00:00,2023-06-22 00:00:00+00:00,365,4617.163678567582,4624.915709307616,43.55739002930135,43.81049602693261
2366,2022-06-24 00:00:00+00:00,2023-06-23 00:00:00+00:00,365,4613.349052425452,4620.871587693459,43.78564788587373,44.029728916241545
2367,2022-06-25 00:00:00+00:00,2023-06-24 00:00:00+00:00,365,4609.678822033953,4616.976762190063,43.66656122376737,43.90335489629977
2368,2022-06-26 00:00:00+00:00,2023-06-25 00:00:00+00:00,365,4606.12775036125,4613.20736779436,43.55134086229302,43.78105069496506
2369,2022-06-27 00:00:00+00:00,2023-06-26 00:00:00+00:00,365,4602.393783342025,4609.257494520568,43.43018616046158,43.65289055956633
2370,2022-06-28 00:00:00+00:00,2023-06-27 00:00:00+00:00,365,4598.355577830886,4604.988434655008,43.355344067210275,43.570344764349166
2371,2022-06-29 00:00:00+00:00,2023-06-28 00:00:00+00:00,365,4594.162069313674,4600.568607330506,43.21941361091282,43.42707829845085
2372,2022-06-30 00:00:00+00:00,2023-06-29 00:00:00+00:00,365,4589.728866567728,4595.9194677953055,43.075713587497546,43.2763787932951
2373,2022-07-01 00:00:00+00:00,2023-06-30 00:00:00+00:00,365,4584.76370304161,4590.735436990144,42.914770324612434,43.10834105832608
2374,2022-07-02 00:00:00+00:00,2023-07-01 00:00:00+00:00,365,4579.771391857243,4585.529403651085,42.752947084124294,42.93959012235601
2375,2022-07-03 00:00:00+00:00,2023-07-02 00:00:00+00:00,365,4574.688623153819,4580.238660943104,42.58819170893549,42.76809337506281
2376,2022-07-04 00:00:00+00:00,2023-07-03 00:00:00+00:00,365,4569.4838441413485,4574.825298799782,43.32052471574351,43.49095589177605
2377,2022-07-05 00:00:00+00:00,2023-07-04 00:00:00+00:00,365,4565.034496984294,4570.1751629884675,43.178558244614415,43.342582805095994
2378,2022-07-06 00:00:00+00:00,2023-07-05 00:00:00+00:00,365,4560.61177778113,4565.591041241962,43.03744139850082,43.19631604626471
2379,2022-07-07 00:00:00+00:00,2023-07-06 00:00:00+00:00,365,4556.58413965056,4561.404667214097,42.90893050640841,43.062740326820084
2380,2022-07-08 00:00:00+00:00,2023-07-07 00:00:00+00:00,365,4553.108380897078,4557.783964300565,42.798028572414445,42.94721362200318
2381,2022-07-09 00:00:00+00:00,2023-07-08 00:00:00+00:00,365,4549.747070936954,4554.277226493827,42.69077838568687,42.835323231340325
2382,2022-07-10 00:00:00+00:00,2023-07-09 00:00:00+00:00,365,4546.28619896446,4550.667575221114,42.58035144806625,42.72014915408696
2383,2022-07-11 00:00:00+00:00,2023-07-10 00:00:00+00:00,365,4542.269451573532,4546.5294311899,42.45218804962187,42.588112321626284
2384,2022-07-12 00:00:00+00:00,2023-07-11 00:00:00+00:00,365,4537.612489922447,4541.759737276416,42.303597169105885,42.43592446364141
2385,2022-07-13 00:00:00+00:00,2023-07-12 00:00:00+00:00,365,4532.562839610591,4536.609530409396,42.142476669871876,42.27159548038006
2386,2022-07-14 00:00:00+00:00,2023-07-13 00:00:00+00:00,365,4527.800855776221,4531.732204902748,42.5512292760659,42.67545541486589
2387,2022-07-15 00:00:00+00:00,2023-07-14 00:00:00+00:00,365,4523.618158299833,4527.440901787347,42.41906081670569,42.539855141450936
2388,2022-07-16 00:00:00+00:00,2023-07-15 00:00:00+00:00,365,4519.622517026239,4523.333919391311,42.292803119545354,42.41007919208623
2389,2022-07-17 00:00:00+00:00,2023-07-16 00:00:00+00:00,365,4515.866732415696,4519.465568603222,42.174124618777256,42.287843728772714
2390,2022-07-18 00:00:00+00:00,2023-07-17 00:00:00+00:00,365,4511.905996579854,4515.400316266788,42.04896989355241,42.15938640159327
2391,2022-07-19 00:00:00+00:00,2023-07-18 00:00:00+00:00,365,4508.919201336968,4512.300388637577,41.95459057783448,42.0614322317797
2392,2022-07-20 00:00:00+00:00,2023-07-19 00:00:00+00:00,365,4506.473509753069,4509.736703312761,41.87730951924993,41.980422705851005
2393,2022-07-21 00:00:00+00:00,2023-07-20 00:00:00+00:00,365,4504.013958301763,4507.1605758260475,41.79959050469736,41.89902002182795
2394,2022-07-22 00:00:00+00:00,2023-07-21 00:00:00+00:00,365,4501.450933716427,4504.484069846285,41.718601857381024,41.81444549215886
2395,2022-07-23 00:00:00+00:00,2023-07-22 00:00:00+00:00,365,4498.704683393534,4501.634621240074,41.631823486187955,41.72440617317033
2396,2022-07-24 00:00:00+00:00,2023-07-23 00:00:00+00:00,365,4495.730787958785,4498.561844322557,41.53785178966246,41.627309934812544
2397,2022-07-25 00:00:00+00:00,2023-07-24 00:00:00+00:00,365,4493.115545269806,4495.857298236912,41.45521310995714,41.5418493698479
2398,2022-07-26 00:00:00+00:00,2023-07-25 00:00:00+00:00,365,4489.823615294115,4492.496183709072,41.35119188545672,41.43564199257866
2399,2022-07-27 00:00:00+00:00,2023-07-26 00:00:00+00:00,365,4486.2816870545485,4488.892743779768,41.239271001570025,41.32177740960517
2400,2022-07-28 00:00:00+00:00,2023-07-27 00:00:00+00:00,365,4483.780469501144,4486.310128072351,41.16023538581622,41.240169705224034
2401,2022-07-29 00:00:00+00:00,2023-07-28 00:00:00+00:00,365,4481.727002045108,4484.162690625613,41.09534816135337,41.172313136464275
2402,2022-07-30 00:00:00+00:00,2023-07-29 00:00:00+00:00,365,4479.712694519749,4482.055059497272,41.03169834593944,41.105714401866564
2403,2022-07-31 00:00:00+00:00,2023-07-30 00:00:00+00:00,365,4477.566344119731,4479.820043163221,40.963876126613535,41.03509044037186
2404,2022-08-01 00:00:00+00:00,2023-07-31 00:00:00+00:00,365,4475.294029707515,4477.466100845606,40.89207358848113,40.96070855373093
2405,2022-08-02 00:00:00+00:00,2023-08-01 00:00:00+00:00,365,4472.920776434629,4475.010803123088,40.817081497726406,40.88312395214601
2406,2022-08-03 00:00:00+00:00,2023-08-02 00:00:00+00:00,365,4470.516671806383,4472.516130391098,40.74111453940589,40.80429514526806
2407,2022-08-04 00:00:00+00:00,2023-08-03 00:00:00+00:00,365,4467.953306617176,4469.890006985868,40.66011512939654,40.72131264736607
2408,2022-08-05 00:00:00+00:00,2023-08-04 00:00:00+00:00,365,4465.333804276351,4467.211220289037,40.57734184956174,40.6366660496445
2409,2022-08-06 00:00:00+00:00,2023-08-05 00:00:00+00:00,365,4463.040981255375,4464.856996886483,40.504891262834235,40.5622752810408
2410,2022-08-07 00:00:00+00:00,2023-08-06 00:00:00+00:00,365,4460.61112234854,4462.374921040243,40.4281104987479,40.483844521354094
2411,2022-08-08 00:00:00+00:00,2023-08-07 00:00:00+00:00,365,4458.223491583562,4459.936211125012,40.35266409567674,40.4067840755193
2412,2022-08-09 00:00:00+00:00,2023-08-08 00:00:00+00:00,365,4455.975118932333,4457.626559490175,40.28161808982573,40.33380172382916
2413,2022-08-10 00:00:00+00:00,2023-08-09 00:00:00+00:00,365,4453.469235876834,4455.0715812717435,40.20243504953849,40.25306733250984
2414,2022-08-11 00:00:00+00:00,2023-08-10 00:00:00+00:00,365,4451.386532936011,4452.928587607785,40.136624017172984,40.18535118220659
2415,2022-08-12 00:00:00+00:00,2023-08-11 00:00:00+00:00,365,4449.311838820892,4450.800657459005,40.071066054545554,40.11811102176516
2416,2022-08-13 00:00:00+00:00,2023-08-12 00:00:00+00:00,365,4447.456258495551,4448.88438481911,40.012431837224334,40.057558996676356
2417,2022-08-14 00:00:00+00:00,2023-08-13 00:00:00+00:00,365,4445.652813309332,4447.023086810191,39.95544503070801,39.99874410708948
2418,2022-08-15 00:00:00+00:00,2023-08-14 00:00:00+00:00,365,4443.757904585116,4445.071032842513,39.89556808093539,39.93706143294142
2419,2022-08-16 00:00:00+00:00,2023-08-15 00:00:00+00:00,365,4441.825891064087,4443.088347673058,39.834518661994856,39.87441084782917
2420,2022-08-17 00:00:00+00:00,2023-08-16 00:00:00+00:00,365,4439.921285113562,4441.138143257386,39.77433529095492,39.81278661741043
2421,2022-08-18 00:00:00+00:00,2023-08-17 00:00:00+00:00,365,4438.487648986452,4439.674302411127,39.72903402800849,39.76653091986339
2422,2022-08-19 00:00:00+00:00,2023-08-18 00:00:00+00:00,365,4437.2354202552,4438.398190560329,39.689465031419445,39.72620724399549
2423,2022-08-20 00:00:00+00:00,2023-08-19 00:00:00+00:00,365,4434.6183888861115,4435.7931517029665,39.60676983146718,39.64389099370612
2424,2022-08-21 00:00:00+00:00,2023-08-20 00:00:00+00:00,365,4432.116451517784,4433.30368363783,39.52771147038459,39.56522664835171
2425,2022-08-22 00:00:00+00:00,2023-08-21 00:00:00+00:00,365,4429.884875847177,4431.0781171706385,39.45719622992196,39.49490129184842
2426,2022-08-23 00:00:00+00:00,2023-08-22 00:00:00+00:00,365,4427.553449665451,4428.762454754017,39.3835258274388,39.42172900632433
2427,2022-08-24 00:00:00+00:00,2023-08-23 00:00:00+00:00,365,4425.182185520633,4426.397240111689,39.3085965908574,39.346990927106916
2428,2022-08-25 00:00:00+00:00,2023-08-24 00:00:00+00:00,365,4422.86841071297,4424.095973864327,39.235483951618825,39.27427354407635
2429,2022-08-26 00:00:00+00:00,2023-08-25 00:00:00+00:00,365,4420.689531608706,4421.925777481441,39.16663386241957,39.205697818948174
2430,2022-08-27 00:00:00+00:00,2023-08-26 00:00:00+00:00,365,4417.640703445988,4418.928610007544,39.07029437733963,39.11099075258592
2431,2022-08-28 00:00:00+00:00,2023-08-27 00:00:00+00:00,365,4414.418855008975,4415.762567284248,38.96848764935702,39.0109474213699
2432,2022-08-29 00:00:00+00:00,2023-08-28 00:00:00+00:00,365,4410.912972687502,4412.332341801246,38.857705775281005,38.90255621691253
2433,2022-08-30 00:00:00+00:00,2023-08-29 00:00:00+00:00,365,4407.228238881386,4408.717456358905,38.741272398720525,38.788329968809485
2434,2022-08-31 00:00:00+00:00,2023-08-30 00:00:00+00:00,365,4403.37076550281,4404.934222941032,38.61938064911457,38.6687841171042
2435,2022-09-01 00:00:00+00:00,2023-08-31 00:00:00+00:00,365,4400.172475279765,4401.808201839109,38.51831833376593,38.570005423378184
2436,2022-09-02 00:00:00+00:00,2023-09-01 00:00:00+00:00,365,4397.088719954716,4398.799372974656,38.420875190278636,38.47492987040353
2437,2022-09-03 00:00:00+00:00,2023-09-02 00:00:00+00:00,365,4393.847685520628,4395.656680571765,38.318462206718394,38.37562438262251
2438,2022-09-04 00:00:00+00:00,2023-09-03 00:00:00+00:00,365,4390.457767131014,4392.3749673503635,38.2113446603404,38.271925995879705
2439,2022-09-05 00:00:00+00:00,2023-09-04 00:00:00+00:00,365,4387.235424802639,4389.2694880476665,38.10952232595527,38.173796399529614
2440,2022-09-06 00:00:00+00:00,2023-09-05 00:00:00+00:00,365,4383.841177067907,4386.057305727345,38.00226797722006,38.072295109785934
2441,2022-09-07 00:00:00+00:00,2023-09-06 00:00:00+00:00,365,4379.730479688122,4382.157715189185,37.87237463861518,37.949072506077734
2442,2022-09-08 00:00:00+00:00,2023-09-07 00:00:00+00:00,365,4375.802744115802,4378.409763440587,37.74826268399777,37.830641514793996
2443,2022-09-09 00:00:00+00:00,2023-09-08 00:00:00+00:00,365,4372.074502613182,4374.804518788833,37.63045451395779,37.71671990465391
2444,2022-09-10 00:00:00+00:00,2023-09-09 00:00:00+00:00,365,4369.722517376001,4372.560365840155,37.5561344688216,37.645807236580296
2445,2022-09-11 00:00:00+00:00,2023-09-10 00:00:00+00:00,365,4367.660744571154,4370.54990223238,37.49098480482949,37.58227888456837
2446,2022-09-12 00:00:00+00:00,2023-09-11 00:00:00+00:00,365,4365.96920389986,4368.843501243462,37.437534053076064,37.52835856376362
2447,2022-09-13 00:00:00+00:00,2023-09-12 00:00:00+00:00,365,4364.317176423598,4367.188135308485,37.385331873121395,37.47605089232947
2448,2022-09-14 00:00:00+00:00,2023-09-13 00:00:00+00:00,365,4361.2017133618865,4364.047880013131,37.28688680139806,37.37682241436099
2449,2022-09-15 00:00:00+00:00,2023-09-14 00:00:00+00:00,365,4358.000160808322,4360.8327055445825,37.18572140013391,37.2752265761534
2450,2022-09-16 00:00:00+00:00,2023-09-15 00:00:00+00:00,365,4354.387162879858,4357.1949377131195,37.07155479531191,37.16027727070907
2451,2022-09-17 00:00:00+00:00,2023-09-16 00:00:00+00:00,365,4350.857195589993,4353.633917589259,36.960011863764244,37.04775310510103
2452,2022-09-18 00:00:00+00:00,2023-09-17 00:00:00+00:00,365,4347.602688997534,4350.355104358761,36.85717317539836,36.94414635475604
2453,2022-09-19 00:00:00+00:00,2023-09-18 00:00:00+00:00,365,4343.769369306647,4346.48887275767,36.736044654715286,36.82197785532938
2454,2022-09-20 00:00:00+00:00,2023-09-19 00:00:00+00:00,365,4339.8585539927135,4342.5475964874,36.61246736092275,36.697438030134
2455,2022-09-21 00:00:00+00:00,2023-09-20 00:00:00+00:00,365,4335.491109398892,4338.128159134423,36.47446110382071,36.55778886127124
2456,2022-09-22 00:00:00+00:00,2023-09-21 00:00:00+00:00,365,4330.990555490809,4333.63497147093,36.33224874453419,36.41580926689403
2457,2022-09-23 00:00:00+00:00,2023-09-22 00:00:00+00:00,365,4327.25130802539,4329.830275493098,36.21409279864977,36.295585222826105
2458,2022-09-24 00:00:00+00:00,2023-09-23 00:00:00+00:00,365,4323.441669947563,4325.963645929028,36.09371258987091,36.17340414822417
2459,2022-09-25 00:00:00+00:00,2023-09-24 00:00:00+00:00,365,4319.467081794101,4321.9092158229,35.96812014724271,36.04528879115241
2460,2022-09-26 00:00:00+00:00,2023-09-25 00:00:00+00:00,365,4315.377107056509,4317.752541608902,35.83888162044478,35.91394263713871
2461,2022-09-27 00:00:00+00:00,2023-09-26 00:00:00+00:00,365,4311.630622365164,4313.9431263278875,35.72049698649336,35.793569468484456
2462,2022-09-28 00:00:00+00:00,2023-09-27 00:00:00+00:00,365,4307.748219946667,4310.00700694264,35.597817507720194,35.66919259496139
2463,2022-09-29 00:00:00+00:00,2023-09-28 00:00:00+00:00,365,4303.863827701756,4306.059173666429,35.47507515270677,35.54444557587303
2464,2022-09-30 00:00:00+00:00,2023-09-29 00:00:00+00:00,365,4300.075909358584,4302.219276417771,35.355381262716975,35.42310921188264
2465,2022-10-01 00:00:00+00:00,2023-09-30 00:00:00+00:00,365,4296.1944257177975,4298.278074674288,35.23273081626929,35.29857174164855
2466,2022-10-02 00:00:00+00:00,2023-10-01 00:00:00+00:00,365,4291.865185448356,4293.893510930772,35.09593177214946,35.16002453898363
2467,2022-10-03 00:00:00+00:00,2023-10-02 00:00:00+00:00,365,4287.467858021077,4289.424323971947,34.95698125166673,35.018803339440716
2468,2022-10-04 00:00:00+00:00,2023-10-03 00:00:00+00:00,365,4283.548807085488,4285.45466899247,34.833143721643346,34.89336677947173
2469,2022-10-05 00:00:00+00:00,2023-10-04 00:00:00+00:00,365,4279.98151450297,4281.841107973875,34.720421353511256,34.77918238164522
2470,2022-10-06 00:00:00+00:00,2023-10-05 00:00:00+00:00,365,4276.414671306152,4278.237288313225,34.60771318545365,34.66530579959522
2471,2022-10-07 00:00:00+00:00,2023-10-06 00:00:00+00:00,365,4272.533281023674,4274.309761961871,34.4850656890218,34.5412004561212
2472,2022-10-08 00:00:00+00:00,2023-10-07 00:00:00+00:00,365,4268.340560440143,4270.08229903084,34.352580510932455,34.407617459561926
2473,2022-10-09 00:00:00+00:00,2023-10-08 00:00:00+00:00,365,4264.07623622999,4265.778804056091,34.217832740085996,34.271631937327086
2474,2022-10-10 00:00:00+00:00,2023-10-09 00:00:00+00:00,365,4259.929761450112,4261.606781504619,34.086808876532345,34.1398007933926
2475,2022-10-11 00:00:00+00:00,2023-10-10 00:00:00+00:00,365,4255.658229924014,4257.295188544235,33.951833362740125,34.003559384067835
2476,2022-10-12 00:00:00+00:00,2023-10-11 00:00:00+00:00,365,4251.512132037515,4253.117451752994,33.82082140858643,33.871547676688124
2477,2022-10-13 00:00:00+00:00,2023-10-12 00:00:00+00:00,365,4247.490552535241,4249.061233101446,33.693744093047655,33.743375803625426
2478,2022-10-14 00:00:00+00:00,2023-10-13 00:00:00+00:00,365,4243.58540072629,4245.136764515115,33.57034575953909,33.61936708203103
2479,2022-10-15 00:00:00+00:00,2023-10-14 00:00:00+00:00,365,4239.527276809452,4241.050028224778,33.442113682270985,33.490230886464765
2480,2022-10-16 00:00:00+00:00,2023-10-15 00:00:00+00:00,365,4235.275714920255,4236.781650015221,33.3077691861792,33.355355013870955
2481,2022-10-17 00:00:00+00:00,2023-10-16 00:00:00+00:00,365,4230.6873213000645,4232.168771648485,33.162781192392345,33.209593330079734
2482,2022-10-18 00:00:00+00:00,2023-10-17 00:00:00+00:00,365,4226.320741371455,4227.795516047211,33.02480225772268,33.07140345178428
2483,2022-10-19 00:00:00+00:00,2023-10-18 00:00:00+00:00,365,4221.848481792608,4223.301851314111,32.88348396689912,32.92940878255279
2484,2022-10-20 00:00:00+00:00,2023-10-19 00:00:00+00:00,365,4217.083886155805,4218.531135270705,32.73292819078918,32.77865960858991
2485,2022-10-21 00:00:00+00:00,2023-10-20 00:00:00+00:00,365,4211.9303036997335,4213.359928733837,32.570080875808856,32.615255392801025
2486,2022-10-22 00:00:00+00:00,2023-10-21 00:00:00+00:00,365,4206.79527437194,4208.2278851041565,32.407819818475566,32.45308868011542
2487,2022-10-23 00:00:00+00:00,2023-10-22 00:00:00+00:00,365,4201.674702726926,4203.101390717238,32.246015607392735,32.29109731715821
2488,2022-10-24 00:00:00+00:00,2023-10-23 00:00:00+00:00,365,4195.9855517517335,4197.412232444556,35.07538432530788,35.11846891126593
2489,2022-10-25 00:00:00+00:00,2023-10-24 00:00:00+00:00,365,4189.854794025374,4191.333520299844,36.482460183532176,36.52602446010189
2490,2022-10-26 00:00:00+00:00,2023-10-25 00:00:00+00:00,365,4184.037590110998,4185.643470882062,37.2721666194263,37.31876302613448
2491,2022-10-27 00:00:00+00:00,2023-10-26 00:00:00+00:00,365,4178.713087021217,4180.485062972033,37.11767027327095,37.169086115324205
2492,2022-10-28 00:00:00+00:00,2023-10-27 00:00:00+00:00,365,4173.062076593098,4175.058200070548,36.9536999555702,37.01161968602031
2493,2022-10-29 00:00:00+00:00,2023-10-28 00:00:00+00:00,365,4167.561500520891,4169.797906655933,36.79409465708959,36.85898645460708
2494,2022-10-30 00:00:00+00:00,2023-10-29 00:00:00+00:00,365,4162.040320215225,4164.552776642719,36.76572775656143,36.838477783115444
2495,2022-10-31 00:00:00+00:00,2023-10-30 00:00:00+00:00,365,4156.411131511918,4159.2062726755485,36.60273045115087,36.68366582246757
2496,2022-11-01 00:00:00+00:00,2023-10-31 00:00:00+00:00,365,4150.637159494056,4153.745748812585,36.530825600818936,36.62070216480043
2497,2022-11-02 00:00:00+00:00,2023-11-01 00:00:00+00:00,365,4144.675322020595,4148.103124612086,37.52930180718188,37.62658427040989
2498,2022-11-03 00:00:00+00:00,2023-11-02 00:00:00+00:00,365,4138.582948963987,4142.359373963142,37.356397725913624,37.463574238069135
2499,2022-11-04 00:00:00+00:00,2023-11-03 00:00:00+00:00,365,4132.576830011119,4136.688699225469,37.185941571984,37.302638130483714
2500,2022-11-05 00:00:00+00:00,2023-11-04 00:00:00+00:00,365,4127.094959437956,4131.5468198595245,37.0303638051143,37.156709455483
2501,2022-11-06 00:00:00+00:00,2023-11-05 00:00:00+00:00,365,4121.711489372881,4126.47863367168,36.87757868559056,37.01287222352698
2502,2022-11-07 00:00:00+00:00,2023-11-06 00:00:00+00:00,365,4116.109983561412,4121.223015188539,36.71860562089937,36.86371558507418
2503,2022-11-08 00:00:00+00:00,2023-11-07 00:00:00+00:00,365,4110.188897945722,4115.638350124436,36.550562748445685,36.70522046779761
2504,2022-11-09 00:00:00+00:00,2023-11-08 00:00:00+00:00,365,4102.589311609893,4108.499104833625,36.85190235310037,37.018262683438365
2505,2022-11-10 00:00:00+00:00,2023-11-09 00:00:00+00:00,365,4090.3571355303657,4098.583387225895,37.76277747288568,37.990569252252584
2506,2022-11-11 00:00:00+00:00,2023-11-10 00:00:00+00:00,365,4082.143041740178,4090.2967448725776,38.39687596054655,38.61954466519177
2507,2022-11-12 00:00:00+00:00,2023-11-11 00:00:00+00:00,365,4073.5435574950407,4081.510179600062,38.162033461820684,38.379593188452645
2508,2022-11-13 00:00:00+00:00,2023-11-12 00:00:00+00:00,365,4064.876210072898,4072.568329119213,37.925337694037616,38.13540104270354
2509,2022-11-14 00:00:00+00:00,2023-11-13 00:00:00+00:00,365,4055.93145324282,4063.278516093086,37.681066179073376,37.88170642084464
2510,2022-11-15 00:00:00+00:00,2023-11-14 00:00:00+00:00,365,4047.6286641818247,4054.5012732234086,37.454326100959904,37.64200952871945
2511,2022-11-16 00:00:00+00:00,2023-11-15 00:00:00+00:00,365,4038.894930037168,4045.487352408115,37.784236509150034,37.962638420245426
2512,2022-11-17 00:00:00+00:00,2023-11-16 00:00:00+00:00,365,4030.950843959482,4036.6186208936415,37.56925633063308,37.72263579872853
2513,2022-11-18 00:00:00+00:00,2023-11-17 00:00:00+00:00,365,4022.108366971498,4027.6804461806987,37.32996420025845,37.4807539287924
2514,2022-11-19 00:00:00+00:00,2023-11-18 00:00:00+00:00,365,4013.201447996627,4018.727225435696,37.088928162565914,37.238464888210515
2515,2022-11-20 00:00:00+00:00,2023-11-19 00:00:00+00:00,365,4004.2480094652933,4009.6348649920888,36.84663322832378,36.99241049602591
2516,2022-11-21 00:00:00+00:00,2023-11-20 00:00:00+00:00,365,3994.838362241301,4000.074548560811,36.59199252828435,36.73369243670782
2517,2022-11-22 00:00:00+00:00,2023-11-21 00:00:00+00:00,365,3985.3734927603355,3990.313302874969,37.92398226728428,38.063504447809734
2518,2022-11-23 00:00:00+00:00,2023-11-22 00:00:00+00:00,365,3975.9810849322193,3980.697940679596,37.820403834719166,37.95420085596742
2519,2022-11-24 00:00:00+00:00,2023-11-23 00:00:00+00:00,365,3967.0780464449463,3971.510540783615,37.56786271549621,37.6935936199326
2520,2022-11-25 00:00:00+00:00,2023-11-24 00:00:00+00:00,365,3958.0795279941613,3962.2533288017585,37.312613238123035,37.431006113642
2521,2022-11-26 00:00:00+00:00,2023-11-25 00:00:00+00:00,365,3949.055330686469,3952.9193568183473,37.05663536142047,37.16624125444747
2522,2022-11-27 00:00:00+00:00,2023-11-26 00:00:00+00:00,365,3939.9689618982056,3943.5724186466546,36.798893945752006,36.90110859995413
2523,2022-11-28 00:00:00+00:00,2023-11-27 00:00:00+00:00,365,3930.977088491186,3934.2625040135385,36.54383295984635,36.637026144882384
2524,2022-11-29 00:00:00+00:00,2023-11-28 00:00:00+00:00,365,3921.611306698651,3924.6062374862113,37.11457090862666,37.2014829124677
2525,2022-11-30 00:00:00+00:00,2023-11-29 00:00:00+00:00,365,3912.4987907489644,3915.183294867057,36.85818845178083,36.936082022557635
2526,2022-12-01 00:00:00+00:00,2023-11-30 00:00:00+00:00,365,3904.029450438308,3906.4979609652187,36.612442075578734,36.68406837637123
2527,2022-12-02 00:00:00+00:00,2023-12-01 00:00:00+00:00,365,3895.224299445835,3897.4238917189687,37.41896212646239,37.481720475958205
2528,2022-12-03 00:00:00+00:00,2023-12-02 00:00:00+00:00,365,3886.3469569747795,3888.3213917339917,38.04382010789617,38.0993670041653
2529,2022-12-04 00:00:00+00:00,2023-12-03 00:00:00+00:00,365,3877.2492268475717,3878.962568668416,38.35503936473796,38.402801480338276
2530,2022-12-05 00:00:00+00:00,2023-12-04 00:00:00+00:00,365,3867.9916374800127,3869.4982177196384,40.024896906522514,40.0655872071452
2531,2022-12-06 00:00:00+00:00,2023-12-05 00:00:00+00:00,365,3858.295281770071,3859.5626424082166,41.60477226382782,41.63795505921384
2532,2022-12-07 00:00:00+00:00,2023-12-06 00:00:00+00:00,365,3848.6921769966802,3849.776007189086,41.35333802232238,41.381715513642
2533,2022-12-08 00:00:00+00:00,2023-12-07 00:00:00+00:00,365,3838.984275468789,3839.844671269092,41.09915992941661,41.12168732764339
2534,2022-12-09 00:00:00+00:00,2023-12-08 00:00:00+00:00,365,3829.4477517502582,3830.1428763323843,40.95901759899913,40.97718405990838
2535,2022-12-10 00:00:00+00:00,2023-12-09 00:00:00+00:00,365,3819.9240207124144,3820.41854663774,40.710123383404,40.723047377349886
2536,2022-12-11 00:00:00+00:00,2023-12-10 00:00:00+00:00,365,3810.400638657365,3810.6841192200513,40.46123828816292,40.46864679980672
2537,2022-12-12 00:00:00+00:00,2023-12-11 00:00:00+00:00,365,3801.533401466371,3801.3052678664167,40.22950095366884,40.22353888552707
2538,2022-12-13 00:00:00+00:00,2023-12-12 00:00:00+00:00,365,3792.258799809173,3791.9794425028304,39.98711751221582,39.97981675819865
2539,2022-12-14 00:00:00+00:00,2023-12-13 00:00:00+00:00,365,3783.253518992968,3782.9465012349556,39.751772530710475,39.74374889546179
2540,2022-12-15 00:00:00+00:00,2023-12-14 00:00:00+00:00,365,3774.2659347337367,3773.929735450114,39.51689003293648,39.508103764545616
2541,2022-12-16 00:00:00+00:00,2023-12-15 00:00:00+00:00,365,3765.0392494904354,3764.659955013566,39.27575884421965,39.265846321393795
2542,2022-12-17 00:00:00+00:00,2023-12-16 00:00:00+00:00,365,3755.1026670001806,3754.653401441203,39.016075124175394,39.00433396953219
2543,2022-12-18 00:00:00+00:00,2023-12-17 00:00:00+00:00,365,3745.4600258013006,3744.933722857395,38.76407329758834,38.750318839606656
2544,2022-12-19 00:00:00+00:00,2023-12-18 00:00:00+00:00,365,3735.633201425761,3735.0285040389163,38.50725800796894,38.491454781148164
2545,2022-12-20 00:00:00+00:00,2023-12-19 00:00:00+00:00,365,3725.5277727956095,3724.8286073643944,38.615329834500244,38.59687995268179
2546,2022-12-21 00:00:00+00:00,2023-12-20 00:00:00+00:00,365,3715.682958190298,3714.9019858135803,38.355540580221835,38.33493194110637
2547,2022-12-22 00:00:00+00:00,2023-12-21 00:00:00+00:00,365,3705.7117432328655,3704.8396777208513,38.09241581841642,38.06940337398442
2548,2022-12-23 00:00:00+00:00,2023-12-22 00:00:00+00:00,365,3695.7301853393847,3694.77088472085,37.829018122711204,37.80370368030581
2549,2022-12-24 00:00:00+00:00,2023-12-23 00:00:00+00:00,365,3685.76767349252,3684.7035975604545,37.56612302237682,37.538043723378365
2550,2022-12-25 00:00:00+00:00,2023-12-24 00:00:00+00:00,365,3675.9445077697146,3674.7891294427814,37.306905048236,37.27641642188833
2551,2022-12-26 00:00:00+00:00,2023-12-25 00:00:00+00:00,365,3666.044186933573,3664.7856663843577,37.04565107137081,37.012440683153
2552,2022-12-27 00:00:00+00:00,2023-12-26 00:00:00+00:00,365,3656.3393532944374,3655.0027635039555,36.789555695776144,36.75428518242813
2553,2022-12-28 00:00:00+00:00,2023-12-27 00:00:00+00:00,365,3646.336148265551,3644.90351026231,36.52558676603659,36.48778169063049
2554,2022-12-29 00:00:00+00:00,2023-12-28 00:00:00+00:00,365,3636.254717195951,3634.756182755558,36.25955357347474,36.220009594193485
2555,2022-12-30 00:00:00+00:00,2023-12-29 00:00:00+00:00,365,3626.3766015289057,3624.8055441964693,35.99888555627988,35.95742781134662
2556,2022-12-31 00:00:00+00:00,2023-12-30 00:00:00+00:00,365,3616.3927782109686,3614.786444145378,35.73542807956774,35.693039436840365
2557,2023-01-01 00:00:00+00:00,2023-12-31 00:00:00+00:00,365,3606.35108592671,3604.69598235337,35.75421546733711,35.71019045852695
2558,2023-01-02 00:00:00+00:00,2024-01-01 00:00:00+00:00,365,3596.085134756256,3594.417975799029,35.69835473284812,35.65373758032456
2559,2023-01-03 00:00:00+00:00,2024-01-02 00:00:00+00:00,365,3585.7643299372353,3584.097592590235,36.05623197005774,36.012064083546775
2560,2023-01-04 00:00:00+00:00,2024-01-03 00:00:00+00:00,365,3575.731071276883,3574.0677719087917,36.32132197600163,36.27659129395728
2561,2023-01-05 00:00:00+00:00,2024-01-04 00:00:00+00:00,365,3565.664434285324,3563.998060382115,36.05060249689673,36.00578913217035
2562,2023-01-06 00:00:00+00:00,2024-01-05 00:00:00+00:00,365,3555.5708020279244,3553.920217551288,36.18135440194949,36.13646667955732
2563,2023-01-07 00:00:00+00:00,2024-01-06 00:00:00+00:00,365,3545.624739388365,3544.0024149896553,35.91087076116701,35.86675157292182
2564,2023-01-08 00:00:00+00:00,2024-01-07 00:00:00+00:00,365,3535.655604754863,3534.080584135654,36.035141242204546,35.99183330295333
2565,2023-01-09 00:00:00+00:00,2024-01-08 00:00:00+00:00,365,3525.3725358145975,3523.8520347511594,37.84080918946687,37.79961916718587
2566,2023-01-10 00:00:00+00:00,2024-01-09 00:00:00+00:00,365,3515.335700152471,3513.85207409675,38.44360392028624,38.40247709295715
2567,2023-01-11 00:00:00+00:00,2024-01-10 00:00:00+00:00,365,3505.449038714045,3503.9889972505484,39.58039747703553,39.538428424979784
2568,2023-01-12 00:00:00+00:00,2024-01-11 00:00:00+00:00,365,3495.9775279842115,3494.5333899296074,43.12439173116844,43.078849616260825
2569,2023-01-13 00:00:00+00:00,2024-01-12 00:00:00+00:00,365,3487.8468110443227,3486.4128348512177,46.800732688982414,46.75136235909011
2570,2023-01-14 00:00:00+00:00,2024-01-13 00:00:00+00:00,365,3480.45017344461,3479.0179102334205,48.07586990122602,48.02493786725577
2571,2023-01-15 00:00:00+00:00,2024-01-14 00:00:00+00:00,365,3473.9552659705464,3472.5189532421227,47.8449075714543,47.79383153451886
2572,2023-01-16 00:00:00+00:00,2024-01-15 00:00:00+00:00,365,3467.274622152314,3465.8371819304975,47.607340359481576,47.5562242282874
2573,2023-01-17 00:00:00+00:00,2024-01-16 00:00:00+00:00,365,3460.6915221045474,3459.248147143249,47.37324185534981,47.321914681694615
2574,2023-01-18 00:00:00+00:00,2024-01-17 00:00:00+00:00,365,3454.173887110726,3452.7294969817444,47.14147132300796,47.09010804945541
2575,2023-01-19 00:00:00+00:00,2024-01-18 00:00:00+00:00,365,3447.5578228767463,3446.140128022239,46.90620059505665,46.85578661952121
2576,2023-01-20 00:00:00+00:00,2024-01-19 00:00:00+00:00,365,3441.1323489273177,3439.723083243267,46.67770735798224,46.627593128186746
2577,2023-01-21 00:00:00+00:00,2024-01-20 00:00:00+00:00,365,3435.7107762747128,3434.207906239098,46.48491337964264,46.43147052981671
2578,2023-01-22 00:00:00+00:00,2024-01-21 00:00:00+00:00,365,3430.2810819160595,3428.78908689756,46.29183058915935,46.23877446066845
2579,2023-01-23 00:00:00+00:00,2024-01-22 00:00:00+00:00,365,3425.0839288870266,3423.6509606624677,46.1070170908056,46.05605998618869
2580,2023-01-24 00:00:00+00:00,2024-01-23 00:00:00+00:00,365,3419.983175470938,3418.596828940181,45.92563161344885,45.876332400812906
2581,2023-01-25 00:00:00+00:00,2024-01-24 00:00:00+00:00,365,3414.621204461862,3413.3120310629674,45.73495710093731,45.6884022055071
2582,2023-01-26 00:00:00+00:00,2024-01-25 00:00:00+00:00,365,3409.5845384525906,3408.3198509516515,45.55585060551319,45.51087765203903
2583,2023-01-27 00:00:00+00:00,2024-01-26 00:00:00+00:00,365,3404.1537670192665,3402.957356784009,45.36272951368746,45.32018453573338
2584,2023-01-28 00:00:00+00:00,2024-01-27 00:00:00+00:00,365,3398.7177712298844,3397.5856576306023,45.16942264100934,45.12916408528694
2585,2023-01-29 00:00:00+00:00,2024-01-28 00:00:00+00:00,365,3393.266389319484,3392.204161522266,44.975568629766,44.93779524996445
2586,2023-01-30 00:00:00+00:00,2024-01-29 00:00:00+00:00,365,3388.082386764064,3387.0198673912228,44.7912227691785,44.75343902079426
2587,2023-01-31 00:00:00+00:00,2024-01-30 00:00:00+00:00,365,3382.3465934077935,3381.3820884394963,44.5872549371588,44.55295663261113
2588,2023-02-01 00:00:00+00:00,2024-01-31 00:00:00+00:00,365,3376.8543668257453,3375.9700839119887,44.39194846788427,44.36050290183823
2589,2023-02-02 00:00:00+00:00,2024-02-01 00:00:00+00:00,365,3371.61957567699,3370.7917522882635,44.20579653817425,44.176358702567924
2590,2023-02-03 00:00:00+00:00,2024-02-02 00:00:00+00:00,365,3366.255337138307,3365.4846383996355,44.01504139111588,43.987634938145376
2591,2023-02-04 00:00:00+00:00,2024-02-03 00:00:00+00:00,365,3360.887201129168,3360.1733533373626,43.82414764795581,43.79876284459162
2592,2023-02-05 00:00:00+00:00,2024-02-04 00:00:00+00:00,365,3355.5257785905974,3354.8776896499407,43.633492639344254,43.61044625535324
2593,2023-02-06 00:00:00+00:00,2024-02-05 00:00:00+00:00,365,3349.9529270407943,3349.3720159743343,43.43531910376204,43.41466160035101
2594,2023-02-07 00:00:00+00:00,2024-02-06 00:00:00+00:00,365,3344.19193143009,3343.6829780704065,43.23045506630401,43.21235641683641
2595,2023-02-08 00:00:00+00:00,2024-02-07 00:00:00+00:00,365,3338.575234619307,3338.098497257419,43.03072237015396,43.01376933853178
2596,2023-02-09 00:00:00+00:00,2024-02-08 00:00:00+00:00,365,3332.6340665037715,3332.1979080741294,42.81945130355152,42.803941280127475
2597,2023-02-10 00:00:00+00:00,2024-02-09 00:00:00+00:00,365,3325.839575598283,3325.4481785683784,42.75751324585397,42.74363851257472
2598,2023-02-11 00:00:00+00:00,2024-02-10 00:00:00+00:00,365,3318.8657826679773,3318.508823701814,43.06167654686641,43.049143980115225
2599,2023-02-12 00:00:00+00:00,2024-02-11 00:00:00+00:00,365,3312.0199713485827,3311.6625397782364,43.17459118934187,43.162119562066174
2600,2023-02-13 00:00:00+00:00,2024-02-12 00:00:00+00:00,365,3304.9458042820866,3304.5594756804508,44.36895390296633,44.355814387192375
2601,2023-02-14 00:00:00+00:00,2024-02-13 00:00:00+00:00,365,3297.940073203948,3297.511698957634,44.130680284032756,44.11611074363951
2602,2023-02-15 00:00:00+00:00,2024-02-14 00:00:00+00:00,365,3290.9714804468094,3290.46756652369,45.22668002678179,45.20994848128333
2603,2023-02-16 00:00:00+00:00,2024-02-15 00:00:00+00:00,365,3285.074876836178,3284.469990514633,45.095111364526986,45.075050677339156
2604,2023-02-17 00:00:00+00:00,2024-02-16 00:00:00+00:00,365,3278.8892763156446,3278.183445998927,45.036767493400305,45.0134214135325
2605,2023-02-18 00:00:00+00:00,2024-02-17 00:00:00+00:00,365,3273.175406883036,3272.351527662181,44.84777525409241,44.82052458259823
2606,2023-02-19 00:00:00+00:00,2024-02-18 00:00:00+00:00,365,3267.429960788393,3266.4846864897845,44.65773858348658,44.62647264215535
2607,2023-02-20 00:00:00+00:00,2024-02-19 00:00:00+00:00,365,3261.6786885241904,3260.5296461706785,44.467509206196645,44.429503422198415
2608,2023-02-21 00:00:00+00:00,2024-02-20 00:00:00+00:00,365,3255.955779933589,3254.7190782772504,44.37986454578066,44.339033956632754
2609,2023-02-22 00:00:00+00:00,2024-02-21 00:00:00+00:00,365,3250.064458011927,3248.7856096374144,44.18535834156511,44.143136248391244
2610,2023-02-23 00:00:00+00:00,2024-02-22 00:00:00+00:00,365,3244.1031384537255,3242.7888343578907,43.98854111534662,43.94514842619042
2611,2023-02-24 00:00:00+00:00,2024-02-23 00:00:00+00:00,365,3238.0578434041577,3236.724670612238,43.78895137825706,43.74493572561273
2612,2023-02-25 00:00:00+00:00,2024-02-24 00:00:00+00:00,365,3231.5705261524745,3230.214975102154,43.57476796221806,43.5300134753772
2613,2023-02-26 00:00:00+00:00,2024-02-25 00:00:00+00:00,365,3225.0608660554913,3223.679837938914,43.35984688117137,43.314251250777666
2614,2023-02-27 00:00:00+00:00,2024-02-26 00:00:00+00:00,365,3218.5486275267913,3217.064520520414,44.583509207558485,44.53575022574463
2615,2023-02-28 00:00:00+00:00,2024-02-27 00:00:00+00:00,365,3211.686853814721,3210.2105236377224,45.76363557205024,45.717323114291005
2616,2023-03-01 00:00:00+00:00,2024-02-28 00:00:00+00:00,365,3204.1982679048733,3202.76009964557,48.005433826872995,47.96236982360003
2617,2023-03-02 00:00:00+00:00,2024-02-29 00:00:00+00:00,365,3196.9037069154724,3195.6188057260147,47.787008064594936,47.748533436421006
2618,2023-03-03 00:00:00+00:00,2024-03-01 00:00:00+00:00,365,3189.368608923846,3188.3273585156708,47.58696337617138,47.55579975253911
2619,2023-03-04 00:00:00+00:00,2024-03-02 00:00:00+00:00,365,3181.1815454169728,3180.4845089016353,47.34193243666,47.32107080390443
2620,2023-03-05 00:00:00+00:00,2024-03-03 00:00:00+00:00,365,3172.8886944958936,3172.566964064708,47.28084006913747,47.27124504020831
2621,2023-03-06 00:00:00+00:00,2024-03-04 00:00:00+00:00,365,3164.2629381512324,3164.370430093525,48.83797638797654,48.84107234745129
2622,2023-03-07 00:00:00+00:00,2024-03-05 00:00:00+00:00,365,3155.881576255675,3156.4316672070054,48.59657823088334,48.612421830472464
2623,2023-03-08 00:00:00+00:00,2024-03-06 00:00:00+00:00,365,3147.16718001365,3148.221036466872,48.3455880911878,48.37594103487628
2624,2023-03-09 00:00:00+00:00,2024-03-07 00:00:00+00:00,365,3138.1134118106393,3139.6812289030922,48.084823434299004,48.12997936020861
2625,2023-03-10 00:00:00+00:00,2024-03-08 00:00:00+00:00,365,3128.1001601484645,3130.226824930806,47.877676399538174,47.93883279921349
2626,2023-03-11 00:00:00+00:00,2024-03-09 00:00:00+00:00,365,3118.0164962843887,3120.6903548916052,48.799038179183604,48.87772620189188
2627,2023-03-12 00:00:00+00:00,2024-03-10 00:00:00+00:00,365,3108.127951236951,3111.3585791071732,53.77648899337996,53.88137575292097
2628,2023-03-13 00:00:00+00:00,2024-03-11 00:00:00+00:00,365,3098.986103952385,3102.737250808809,62.21195819843711,62.348118488211945
2629,2023-03-14 00:00:00+00:00,2024-03-12 00:00:00+00:00,365,3090.9839577998628,3095.230103025123,62.91055529240344,63.06714504478972
2630,2023-03-15 00:00:00+00:00,2024-03-13 00:00:00+00:00,365,3083.1909152460416,3087.917862199849,62.852547588846534,63.025798571869295
2631,2023-03-16 00:00:00+00:00,2024-03-14 00:00:00+00:00,365,3075.3172823654018,3080.525487690037,65.0338881559355,65.23231413483563
2632,2023-03-17 00:00:00+00:00,2024-03-15 00:00:00+00:00,365,3067.8637809745287,3073.531820195022,64.96392830093505,65.18058709831213
2633,2023-03-18 00:00:00+00:00,2024-03-16 00:00:00+00:00,365,3061.5902248798066,3067.738288802949,64.72412383489579,64.95913140699749
2634,2023-03-19 00:00:00+00:00,2024-03-17 00:00:00+00:00,365,3055.108771499338,3061.597979653836,64.47637256853359,64.72442025839425
2635,2023-03-20 00:00:00+00:00,2024-03-18 00:00:00+00:00,365,3049.1274930014797,3055.9201688767725,64.24774031040843,64.50738794671838
2636,2023-03-21 00:00:00+00:00,2024-03-19 00:00:00+00:00,365,3043.4305633667373,3050.4982980216937,64.02997718715014,64.30013884816805
2637,2023-03-22 00:00:00+00:00,2024-03-20 00:00:00+00:00,365,3037.460494139661,3044.811604573787,63.80177339944177,64.08276699953636
2638,2023-03-23 00:00:00+00:00,2024-03-21 00:00:00+00:00,365,3031.3852726235186,3038.976911878912,63.569550202621315,63.85973793195938
2639,2023-03-24 00:00:00+00:00,2024-03-22 00:00:00+00:00,365,3025.8249689108657,3033.64132153176,63.357009556981644,63.655786875352184
2640,2023-03-25 00:00:00+00:00,2024-03-23 00:00:00+00:00,365,3019.9139057142193,3027.922462497051,63.13106125394683,63.43718550852516
2641,2023-03-26 00:00:00+00:00,2024-03-24 00:00:00+00:00,365,3013.8339814595665,3022.0273659842082,62.898658296607714,63.21184752633966
2642,2023-03-27 00:00:00+00:00,2024-03-25 00:00:00+00:00,365,3007.804582318628,3016.1714062008155,62.66818664389597,62.98800553181515
2643,2023-03-28 00:00:00+00:00,2024-03-26 00:00:00+00:00,365,3001.4775341722307,3009.99211688418,62.42633746307362,62.751804380075306
2644,2023-03-29 00:00:00+00:00,2024-03-27 00:00:00+00:00,365,2995.26808070902,3003.905853193807,62.188983297484235,62.51915910004473
2645,2023-03-30 00:00:00+00:00,2024-03-28 00:00:00+00:00,365,2989.360598067612,2998.1234918211426,61.96317185990884,62.298130378776975
2646,2023-03-31 00:00:00+00:00,2024-03-29 00:00:00+00:00,365,2983.4014138610437,2992.2648220499277,61.73538414826503,62.07418479592507
2647,2023-04-01 00:00:00+00:00,2024-03-30 00:00:00+00:00,365,2977.630983436764,2986.5895251474785,61.514811483285534,61.857248576218495
2648,2023-04-02 00:00:00+00:00,2024-03-31 00:00:00+00:00,365,2971.789662490937,2980.8210641936016,61.29152905315688,61.63675119354958
2649,2023-04-03 00:00:00+00:00,2024-04-01 00:00:00+00:00,365,2965.926013215742,2975.0181935155097,61.067393130523975,61.41493851132529
2650,2023-04-04 00:00:00+00:00,2024-04-02 00:00:00+00:00,365,2960.2412441112156,2969.361736660374,60.850094839238366,61.19872244577338
2651,2023-04-05 00:00:00+00:00,2024-04-03 00:00:00+00:00,365,2954.6036936947303,2963.759588942092,60.63460146562654,60.98458232779691
2652,2023-04-06 00:00:00+00:00,2024-04-04 00:00:00+00:00,365,2948.8665948961543,2958.044124966671,60.415302890267576,60.766110735912115
2653,2023-04-07 00:00:00+00:00,2024-04-05 00:00:00+00:00,365,2943.1161417136755,2952.3111593434605,60.19549384830041,60.54697014972176
2654,2023-04-08 00:00:00+00:00,2024-04-06 00:00:00+00:00,365,2937.265749664786,2946.4670921250045,59.971864678460896,60.32358274429177
2655,2023-04-09 00:00:00+00:00,2024-04-07 00:00:00+00:00,365,2931.409740233048,2940.6179259878827,59.748020786145915,60.1000004344966
2656,2023-04-10 00:00:00+00:00,2024-04-08 00:00:00+00:00,365,2925.5615376774686,2934.7770643804483,59.524475308914894,59.87673556241576
2657,2023-04-11 00:00:00+00:00,2024-04-09 00:00:00+00:00,365,2920.1922137784964,2929.514866349429,59.319234799203315,59.6755899011722
2658,2023-04-12 00:00:00+00:00,2024-04-10 00:00:00+00:00,365,2915.053536328819,2924.338813124081,59.1228106685568,59.477737094700956
2659,2023-04-13 00:00:00+00:00,2024-04-11 00:00:00+00:00,365,2909.8878644047236,2919.091126186764,58.925354683659506,59.27714611488917
2660,2023-04-14 00:00:00+00:00,2024-04-12 00:00:00+00:00,365,2904.970824675252,2914.1533752478363,58.737402576590306,59.08840232915325
2661,2023-04-15 00:00:00+00:00,2024-04-13 00:00:00+00:00,365,2900.178863368157,2909.4028054276578,58.55423154804152,58.90681347557328
2662,2023-04-16 00:00:00+00:00,2024-04-14 00:00:00+00:00,365,2895.2892742745603,2904.546645504321,58.367328731833666,58.72118847759219
2663,2023-04-17 00:00:00+00:00,2024-04-15 00:00:00+00:00,365,2890.5380200102068,2899.8302919709736,58.18571371561685,58.54090752949189
2664,2023-04-18 00:00:00+00:00,2024-04-16 00:00:00+00:00,365,2885.5169263052776,2894.8287381097434,57.99378418208535,58.34972489958476
2665,2023-04-19 00:00:00+00:00,2024-04-17 00:00:00+00:00,365,2880.9357855286844,2890.2742584045855,57.81867169385784,58.175631521396745
2666,2023-04-20 00:00:00+00:00,2024-04-18 00:00:00+00:00,365,2875.7278683047216,2885.0740852103268,57.61960089729321,57.976856737632545
2667,2023-04-21 00:00:00+00:00,2024-04-19 00:00:00+00:00,365,2870.3164832574657,2879.673136259821,57.41275261504356,57.77040737149537
2668,2023-04-22 00:00:00+00:00,2024-04-20 00:00:00+00:00,365,2864.49708163001,2873.8555136785226,57.19030804311822,57.54803080298107
2669,2023-04-23 00:00:00+00:00,2024-04-21 00:00:00+00:00,365,2858.8582894963038,2868.2271667639666,56.974767205304154,57.33288922998
2670,2023-04-24 00:00:00+00:00,2024-04-22 00:00:00+00:00,365,2853.0164717834427,2862.3948356354904,56.751465786431055,57.10995043244457
2671,2023-04-25 00:00:00+00:00,2024-04-23 00:00:00+00:00,365,2847.1784241731875,2856.5665151144103,56.52830847839855,56.88716493896039
2672,2023-04-26 00:00:00+00:00,2024-04-24 00:00:00+00:00,365,2841.7551627242824,2851.1545789601837,56.32100622489033,56.68029559084141
2673,2023-04-27 00:00:00+00:00,2024-04-25 00:00:00+00:00,365,2836.334104634469,2845.748922118307,56.11378819400523,56.47366626721929
2674,2023-04-28 00:00:00+00:00,2024-04-26 00:00:00+00:00,365,2831.307691108537,2840.7466157501867,55.92165531219473,56.28245487300205
2675,2023-04-29 00:00:00+00:00,2024-04-27 00:00:00+00:00,365,2826.270198609128,2835.7315402464646,55.729098940535934,56.0907553830862
2676,2023-04-30 00:00:00+00:00,2024-04-28 00:00:00+00:00,365,2821.21737033928,2830.706075639358,55.53595636446836,55.898658773362676
2677,2023-05-01 00:00:00+00:00,2024-04-29 00:00:00+00:00,365,2816.144182139778,2825.662205292419,55.342035537280445,55.70585861073455
2678,2023-05-02 00:00:00+00:00,2024-04-30 00:00:00+00:00,365,2810.8936201785705,2820.4357677759,55.141334660695826,55.50607988252793
2679,2023-05-03 00:00:00+00:00,2024-05-01 00:00:00+00:00,365,2806.0350103205938,2815.5986971385855,54.95561601482838,55.321184565763126
2680,2023-05-04 00:00:00+00:00,2024-05-02 00:00:00+00:00,365,2801.2021601845818,2810.7962703221365,54.77088202523527,55.13761349681546
2681,2023-05-05 00:00:00+00:00,2024-05-03 00:00:00+00:00,365,2796.026745201582,2805.651647300221,54.573053615352386,54.940962098769994
2682,2023-05-06 00:00:00+00:00,2024-05-04 00:00:00+00:00,365,2791.0080880750643,2800.6698740685697,54.38121721917012,54.7505355764424
2683,2023-05-07 00:00:00+00:00,2024-05-05 00:00:00+00:00,365,2785.77218568238,2795.4659823830716,54.181076699414874,54.55161865466387
2684,2023-05-08 00:00:00+00:00,2024-05-06 00:00:00+00:00,365,2780.545005816139,2790.2734725306964,53.98126959515231,54.353136799436655
2685,2023-05-09 00:00:00+00:00,2024-05-07 00:00:00+00:00,365,2775.029409088144,2784.7832956329225,53.770437858211665,54.14327672652849
2686,2023-05-10 00:00:00+00:00,2024-05-08 00:00:00+00:00,365,2769.578849350428,2779.3575130574445,53.5620921372548,53.935878103847436
2687,2023-05-11 00:00:00+00:00,2024-05-09 00:00:00+00:00,365,2764.0008635923596,2773.796363632254,53.34887560167404,53.72330513114469
2688,2023-05-12 00:00:00+00:00,2024-05-10 00:00:00+00:00,365,2758.3324437651763,2768.1430451568085,53.132202255740665,53.50720902904804
2689,2023-05-13 00:00:00+00:00,2024-05-11 00:00:00+00:00,365,2752.600176913655,2762.4129102156035,52.91308837985134,53.2881766446776
2690,2023-05-14 00:00:00+00:00,2024-05-12 00:00:00+00:00,365,2746.848845386028,2756.665641777498,52.69324576345109,53.06848933843932
2691,2023-05-15 00:00:00+00:00,2024-05-13 00:00:00+00:00,365,2741.028250816088,2750.8442860172195,52.4707555917206,52.84597007047698
2692,2023-05-16 00:00:00+00:00,2024-05-14 00:00:00+00:00,365,2735.415928264475,2745.2342777896893,52.256226544333586,52.63152948731066
2693,2023-05-17 00:00:00+00:00,2024-05-15 00:00:00+00:00,365,2729.4178953078526,2739.2302687132033,52.026953852939485,52.40202836084541
2694,2023-05-18 00:00:00+00:00,2024-05-16 00:00:00+00:00,365,2723.616320809354,2733.4292244107014,51.80519071672237,52.18028549118302
2695,2023-05-19 00:00:00+00:00,2024-05-17 00:00:00+00:00,365,2717.504472427814,2727.314635110045,51.571567470907894,51.94655747470334
2696,2023-05-20 00:00:00+00:00,2024-05-18 00:00:00+00:00,365,2711.402431720623,2721.216315168228,51.33831911998155,51.71345134871933
2697,2023-05-21 00:00:00+00:00,2024-05-19 00:00:00+00:00,365,2705.436743866325,2715.241789643237,51.11028280870021,51.485077220597034
2698,2023-05-22 00:00:00+00:00,2024-05-20 00:00:00+00:00,365,2699.0521783590902,2708.8579985917645,50.866235047073715,51.241059062268526
2699,2023-05-23 00:00:00+00:00,2024-05-21 00:00:00+00:00,365,2692.7589583683175,2702.5592811282095,50.62567893555276,51.00029281179205
2700,2023-05-24 00:00:00+00:00,2024-05-22 00:00:00+00:00,365,2686.6611363859975,2696.4630054066697,50.39259184389465,50.76726482540616
2701,2023-05-25 00:00:00+00:00,2024-05-23 00:00:00+00:00,365,2680.302064339774,2690.105535701872,50.14951856081158,50.524252791258185
2702,2023-05-26 00:00:00+00:00,2024-05-24 00:00:00+00:00,365,2673.943699705889,2683.7542734126455,49.906472318315295,50.28147803337808
2703,2023-05-27 00:00:00+00:00,2024-05-25 00:00:00+00:00,365,2667.6492784133925,2677.4553655235272,49.66587028746023,50.0407045039517
2704,2023-05-28 00:00:00+00:00,2024-05-26 00:00:00+00:00,365,2661.474830545538,2671.256082951877,49.429854198390146,49.803739117100086
2705,2023-05-29 00:00:00+00:00,2024-05-27 00:00:00+00:00,365,2655.75876188873,2665.4560108129867,49.21135949277288,49.5820334080484
2706,2023-05-30 00:00:00+00:00,2024-05-28 00:00:00+00:00,365,2649.992067720918,2659.597282534589,48.9909296448773,49.3580855887801
2707,2023-05-31 00:00:00+00:00,2024-05-29 00:00:00+00:00,365,2644.265122586223,2653.764825999514,48.77201918973413,49.13514199762171
2708,2023-06-01 00:00:00+00:00,2024-05-30 00:00:00+00:00,365,2638.3019129749355,2647.7057319586042,48.54407760841662,48.90353526784615
2709,2023-06-02 00:00:00+00:00,2024-05-31 00:00:00+00:00,365,2632.245093013583,2641.558759377015,48.31255780452898,48.66856941188989
2710,2023-06-03 00:00:00+00:00,2024-06-01 00:00:00+00:00,365,2626.326233766875,2635.5526523396334,48.08631150023395,48.43898809161035
2711,2023-06-04 00:00:00+00:00,2024-06-02 00:00:00+00:00,365,2620.3335151637402,2629.4758415921224,47.85724194812501,48.206704146982105
2712,2023-06-05 00:00:00+00:00,2024-06-03 00:00:00+00:00,365,2614.2944156299595,2623.3680700620525,47.62639950132284,47.97323673737522
2713,2023-06-06 00:00:00+00:00,2024-06-04 00:00:00+00:00,365,2607.5899713520002,2616.626307260811,47.370124486659506,47.715535235339495
2714,2023-06-07 00:00:00+00:00,2024-06-05 00:00:00+00:00,365,2601.4245904917043,2610.412904381362,47.13445498075107,47.47803010470925
2715,2023-06-08 00:00:00+00:00,2024-06-06 00:00:00+00:00,365,2594.9190911797778,2603.881646621254,46.885784567151376,47.22837508352514
2716,2023-06-09 00:00:00+00:00,2024-06-07 00:00:00+00:00,365,2588.4823284918025,2597.5027673666013,46.63974158672597,46.98454467689533
2717,2023-06-10 00:00:00+00:00,2024-06-08 00:00:00+00:00,365,2581.7858471789586,2591.105578177835,46.383770953591835,46.7400143795007
2718,2023-06-11 00:00:00+00:00,2024-06-09 00:00:00+00:00,365,2574.7140433787235,2584.4463397615987,46.113453750932784,46.48546734293602
2719,2023-06-12 00:00:00+00:00,2024-06-10 00:00:00+00:00,365,2568.4265811128953,2577.8150199015467,45.873117726414335,46.23198748332128
2720,2023-06-13 00:00:00+00:00,2024-06-11 00:00:00+00:00,365,2562.280501244773,2571.306474374699,45.63818599411505,45.98320062923208
2721,2023-06-14 00:00:00+00:00,2024-06-12 00:00:00+00:00,365,2556.060001629314,2564.736937490732,45.400409593257216,45.7320824020578
2722,2023-06-15 00:00:00+00:00,2024-06-13 00:00:00+00:00,365,2549.6657491039596,2557.92304438921,45.25870617612707,45.57505632873857
2723,2023-06-16 00:00:00+00:00,2024-06-14 00:00:00+00:00,365,2543.513034386966,2551.3561029319135,45.022985861852646,45.323466327359135
2724,2023-06-17 00:00:00+00:00,2024-06-15 00:00:00+00:00,365,2537.5826978435043,2545.0897345227054,44.795785210095325,45.083391758860444
2725,2023-06-18 00:00:00+00:00,2024-06-16 00:00:00+00:00,365,2531.7190221478286,2538.868978810831,44.5711384417395,44.845064685548
2726,2023-06-19 00:00:00+00:00,2024-06-17 00:00:00+00:00,365,2525.751137887589,2532.5939877632522,44.34249927706448,44.60465977002038
2727,2023-06-20 00:00:00+00:00,2024-06-18 00:00:00+00:00,365,2520.039857966206,2526.570459855779,44.12369103389027,44.37388880846927
2728,2023-06-21 00:00:00+00:00,2024-06-19 00:00:00+00:00,365,2514.8220847000507,2521.1141457350413,43.92378981781182,44.16484871178351
2729,2023-06-22 00:00:00+00:00,2024-06-20 00:00:00+00:00,365,2510.1626170173827,2516.233526556517,43.74527817912387,43.97786440655675
2730,2023-06-23 00:00:00+00:00,2024-06-21 00:00:00+00:00,365,2505.4820240879953,2511.361701335143,43.56595719853972,43.79121701185462
2731,2023-06-24 00:00:00+00:00,2024-06-22 00:00:00+00:00,365,2500.9764917123657,2506.6831814600846,43.393343066988386,43.611975453288295
2732,2023-06-25 00:00:00+00:00,2024-06-23 00:00:00+00:00,365,2496.5309080297943,2502.0399710248785,43.22302566548517,43.43408665568062
2733,2023-06-26 00:00:00+00:00,2024-06-24 00:00:00+00:00,365,2492.287328894912,2497.5942505109465,43.060447380397456,43.26376401194973
2734,2023-06-27 00:00:00+00:00,2024-06-25 00:00:00+00:00,365,2487.867780934196,2492.976612874524,42.89112744892501,43.086854949051606
2735,2023-06-28 00:00:00+00:00,2024-06-26 00:00:00+00:00,365,2483.6433384036723,2488.5493807599332,42.729282317672784,42.91724062538814
2736,2023-06-29 00:00:00+00:00,2024-06-27 00:00:00+00:00,365,2479.198655936253,2483.8983032535807,42.55899944315947,42.739050427737006
2737,2023-06-30 00:00:00+00:00,2024-06-28 00:00:00+00:00,365,2474.955996902776,2479.4472758846578,42.396456408624125,42.568524469927084
2738,2023-07-01 00:00:00+00:00,2024-06-29 00:00:00+00:00,365,2470.6674092065596,2474.959518714274,42.23215377376387,42.39659133483984
2739,2023-07-02 00:00:00+00:00,2024-06-30 00:00:00+00:00,365,2466.292640501824,2470.365978250627,42.06454940701011,42.220605473065284
2740,2023-07-03 00:00:00+00:00,2024-07-01 00:00:00+00:00,365,2461.901453844991,2465.7710959593633,41.896316042325196,42.044568203734535
2741,2023-07-04 00:00:00+00:00,2024-07-02 00:00:00+00:00,365,2457.645734577234,2461.388565828884,41.733272649383764,41.876666484381225
2742,2023-07-05 00:00:00+00:00,2024-07-03 00:00:00+00:00,365,2453.508498532503,2457.043137309223,41.574768537694986,41.71018618691473
2743,2023-07-06 00:00:00+00:00,2024-07-04 00:00:00+00:00,365,2449.5024963579217,2452.831313004669,41.421292204887266,41.54882448002526
2744,2023-07-07 00:00:00+00:00,2024-07-05 00:00:00+00:00,365,2445.3968446957624,2448.5228985695785,41.26399814127134,41.38376225117545
2745,2023-07-08 00:00:00+00:00,2024-07-06 00:00:00+00:00,365,2441.266063705791,2444.1924550754375,41.10574133302612,41.217856053937474
2746,2023-07-09 00:00:00+00:00,2024-07-07 00:00:00+00:00,365,2437.2785609860193,2440.0221383364724,40.95297374383843,41.05808456808951
2747,2023-07-10 00:00:00+00:00,2024-07-08 00:00:00+00:00,365,2433.207112220896,2435.771793563641,40.79699004776093,40.89524708062089
2748,2023-07-11 00:00:00+00:00,2024-07-09 00:00:00+00:00,365,2429.0911762663472,2431.4831304972,40.639301976500306,40.730941558207114
2749,2023-07-12 00:00:00+00:00,2024-07-10 00:00:00+00:00,365,2425.055096216483,2427.2809434257015,40.48467331231683,40.5699490690872
2750,2023-07-13 00:00:00+00:00,2024-07-11 00:00:00+00:00,365,2420.9790984682595,2423.045146653059,40.328515337441225,40.407668938709605
2751,2023-07-14 00:00:00+00:00,2024-07-12 00:00:00+00:00,365,2417.1203229888406,2419.0647130435636,40.18067949414903,40.25517217841171
2752,2023-07-15 00:00:00+00:00,2024-07-13 00:00:00+00:00,365,2412.8830614551152,2414.643746671714,40.018343246438086,40.085797905346396
2753,2023-07-16 00:00:00+00:00,2024-07-14 00:00:00+00:00,365,2408.508970167414,2410.0892748588767,39.850764832611404,39.91130882589814
2754,2023-07-17 00:00:00+00:00,2024-07-15 00:00:00+00:00,365,2403.875333656284,2405.2644944971426,39.67324282730531,39.726463794804495
2755,2023-07-18 00:00:00+00:00,2024-07-16 00:00:00+00:00,365,2399.176226728108,2400.382895909605,39.493212545898075,39.539441966856295
2756,2023-07-19 00:00:00+00:00,2024-07-17 00:00:00+00:00,365,2394.4504798581384,2395.4675946711445,39.31216164583052,39.35112893659614
2757,2023-07-20 00:00:00+00:00,2024-07-18 00:00:00+00:00,365,2389.7405674422334,2390.590494723451,39.13171738895385,39.16427945871561
2758,2023-07-21 00:00:00+00:00,2024-07-19 00:00:00+00:00,365,2384.827621727515,2385.5026154797656,38.94349460256527,38.96935468981656
2759,2023-07-22 00:00:00+00:00,2024-07-20 00:00:00+00:00,365,2379.9152586937075,2380.4235366288353,38.75529413961175,38.774767078000416
2760,2023-07-23 00:00:00+00:00,2024-07-21 00:00:00+00:00,365,2374.901687788708,2375.2325981626686,38.56321624168817,38.57589394591054
2761,2023-07-24 00:00:00+00:00,2024-07-22 00:00:00+00:00,365,2370.0028777725083,2370.1771367853808,38.37553501645602,38.38221115717907
2762,2023-07-25 00:00:00+00:00,2024-07-23 00:00:00+00:00,365,2364.926756205396,2364.943918983701,38.18106070289976,38.18171823631094
2763,2023-07-26 00:00:00+00:00,2024-07-24 00:00:00+00:00,365,2359.8934773671026,2359.7602918239063,37.9882277626179,37.98312521202957
2764,2023-07-27 00:00:00+00:00,2024-07-25 00:00:00+00:00,365,2354.8907417232977,2354.5979608431244,37.796564980832734,37.7853480783332
2765,2023-07-28 00:00:00+00:00,2024-07-26 00:00:00+00:00,365,2349.6910255651746,2349.250094524872,37.59735556136376,37.5804627899329
2766,2023-07-29 00:00:00+00:00,2024-07-27 00:00:00+00:00,365,2344.518044880175,2343.9291266036357,37.39917042051272,37.376608022024726
2767,2023-07-30 00:00:00+00:00,2024-07-28 00:00:00+00:00,365,2339.347698599762,2338.616676256182,37.20108620790324,37.17307957595354
2768,2023-07-31 00:00:00+00:00,2024-07-29 00:00:00+00:00,365,2334.230983436708,2333.3514668631683,37.0050566889404,36.971361006195394
2769,2023-08-01 00:00:00+00:00,2024-07-30 00:00:00+00:00,365,2329.1257437597787,2328.1145849955874,36.8094668141542,36.770727709118475
2770,2023-08-02 00:00:00+00:00,2024-07-31 00:00:00+00:00,365,2324.198033386856,2323.062368342709,36.620678370160455,36.5771692309544
2771,2023-08-03 00:00:00+00:00,2024-08-01 00:00:00+00:00,365,2319.1261879154795,2317.8648913119505,36.42636788065212,36.378045596026126
2772,2023-08-04 00:00:00+00:00,2024-08-02 00:00:00+00:00,365,2314.3153152926275,2312.934156252163,36.242055677217635,36.189141271454275
2773,2023-08-05 00:00:00+00:00,2024-08-03 00:00:00+00:00,365,2309.5109256927453,2308.0198659987227,36.05799184873343,36.00086697364274
2774,2023-08-06 00:00:00+00:00,2024-08-04 00:00:00+00:00,365,2304.8781118895627,2303.2886538804423,35.88050136268101,35.819606691195425
2775,2023-08-07 00:00:00+00:00,2024-08-05 00:00:00+00:00,365,2300.577678105956,2298.8984332913196,35.715744885318536,35.65141033810534
2776,2023-08-08 00:00:00+00:00,2024-08-06 00:00:00+00:00,365,2296.157821887537,2294.392567669278,35.54641314400183,35.47878343935243
2777,2023-08-09 00:00:00+00:00,2024-08-07 00:00:00+00:00,365,2292.0010904213605,2290.16212792626,35.38716213162266,35.31670854532412
2778,2023-08-10 00:00:00+00:00,2024-08-08 00:00:00+00:00,365,2287.242430222939,2285.326383731592,35.20485026944596,35.13144347230367
2779,2023-08-11 00:00:00+00:00,2024-08-09 00:00:00+00:00,365,2282.5210967049215,2280.5291329417623,35.023968451930905,34.94765314301885
2780,2023-08-12 00:00:00+00:00,2024-08-10 00:00:00+00:00,365,2277.783059665196,2275.7111000387595,34.84244669585741,34.76306661783127
2781,2023-08-13 00:00:00+00:00,2024-08-11 00:00:00+00:00,365,2273.195488678448,2271.0538272674803,34.66668953426405,34.58463906969947
2782,2023-08-14 00:00:00+00:00,2024-08-12 00:00:00+00:00,365,2268.520690769622,2266.3115807241225,34.48759057016056,34.40295604082774
2783,2023-08-15 00:00:00+00:00,2024-08-13 00:00:00+00:00,365,2263.798233719561,2261.521388942969,34.3066657083409,34.21943615342429
2784,2023-08-16 00:00:00+00:00,2024-08-14 00:00:00+00:00,365,2259.1336035975123,2256.7845215728084,34.12795628836629,34.037959209257416
2785,2023-08-17 00:00:00+00:00,2024-08-15 00:00:00+00:00,365,2254.4244392815153,2252.009284970748,33.94754069239029,33.855012278618254
2786,2023-08-18 00:00:00+00:00,2024-08-16 00:00:00+00:00,365,2248.8668959276265,2246.3822943531095,33.73462234232375,33.639433293110365
2787,2023-08-19 00:00:00+00:00,2024-08-17 00:00:00+00:00,365,2243.0276655648427,2240.47120285476,33.51091211366087,33.41296994972679
2788,2023-08-20 00:00:00+00:00,2024-08-18 00:00:00+00:00,365,2237.2571882477296,2234.631683703775,33.28983592383747,33.18924865712729
2789,2023-08-21 00:00:00+00:00,2024-08-19 00:00:00+00:00,365,2231.4703926164448,2228.7767543565583,33.06813455337075,32.9649369753312
2790,2023-08-22 00:00:00+00:00,2024-08-20 00:00:00+00:00,365,2225.6799509073267,2222.9252513885644,32.8462934958468,32.74075656358814
2791,2023-08-23 00:00:00+00:00,2024-08-21 00:00:00+00:00,365,2219.687958479464,2216.860585842932,32.61673070881808,32.508409553505366
2792,2023-08-24 00:00:00+00:00,2024-08-22 00:00:00+00:00,365,2213.9368111316994,2211.0396976731686,32.39639508095136,32.285402043512555
2793,2023-08-25 00:00:00+00:00,2024-08-23 00:00:00+00:00,365,2207.81243334618,2204.8271183218894,32.1617603997186,32.04738821961568
2794,2023-08-26 00:00:00+00:00,2024-08-24 00:00:00+00:00,365,2201.6497013427174,2198.585521966783,31.925656307222173,31.808262708020575
2795,2023-08-27 00:00:00+00:00,2024-08-25 00:00:00+00:00,365,2195.4514296087427,2192.2983835941677,31.688190630964602,31.56739240909605
2796,2023-08-28 00:00:00+00:00,2024-08-26 00:00:00+00:00,365,2189.381608257381,2186.1457755252713,31.455646093740924,31.33167618068034
2797,2023-08-29 00:00:00+00:00,2024-08-27 00:00:00+00:00,365,2183.5693077342266,2180.2509279050487,31.23296759018685,31.105835166176472
2798,2023-08-30 00:00:00+00:00,2024-08-28 00:00:00+00:00,365,2178.368252412306,2174.985977225443,31.033706865216843,30.904126508141644
2799,2023-08-31 00:00:00+00:00,2024-08-29 00:00:00+00:00,365,2173.0239640855125,2169.5669955910453,30.82895865537616,30.69651667855219
2800,2023-09-01 00:00:00+00:00,2024-08-30 00:00:00+00:00,365,2167.1658132876055,2163.6436446122807,30.604523554665963,30.469583654920257
2801,2023-09-02 00:00:00+00:00,2024-08-31 00:00:00+00:00,365,2161.266967624727,2157.6724586858377,30.37852936877115,30.240817998146902
2802,2023-09-03 00:00:00+00:00,2024-09-01 00:00:00+00:00,365,2155.5057420974017,2151.858681283477,30.157807629770954,30.018082912994824
2803,2023-09-04 00:00:00+00:00,2024-09-02 00:00:00+00:00,365,2149.6552090382365,2145.9371937664137,29.93366437678211,29.791221281552854
2804,2023-09-05 00:00:00+00:00,2024-09-03 00:00:00+00:00,365,2143.8498193093506,2140.0712568466834,29.71125063677904,29.566487882096887
2805,2023-09-06 00:00:00+00:00,2024-09-04 00:00:00+00:00,365,2138.01095888108,2134.1658462024097,29.487554580897406,29.340242181293803
2806,2023-09-07 00:00:00+00:00,2024-09-05 00:00:00+00:00,365,2132.297078393482,2128.4106321919817,29.268646705883622,29.1197507530942
2807,2023-09-08 00:00:00+00:00,2024-09-06 00:00:00+00:00,365,2126.967724804474,2123.046636509381,29.064470669668136,28.914247523019682
2808,2023-09-09 00:00:00+00:00,2024-09-07 00:00:00+00:00,365,2121.497797748093,2117.537794267487,28.8549090397055,28.703194990231022
2809,2023-09-10 00:00:00+00:00,2024-09-08 00:00:00+00:00,365,2115.9523470959393,2111.951603623918,28.642453980330075,28.489179116804948
2810,2023-09-11 00:00:00+00:00,2024-09-09 00:00:00+00:00,365,2110.1736074713044,2106.1405596974178,28.421061248327284,28.266548755472936
2811,2023-09-12 00:00:00+00:00,2024-09-10 00:00:00+00:00,365,2104.061124420241,2099.991681417216,29.44455574865214,29.28169247222837
2812,2023-09-13 00:00:00+00:00,2024-09-11 00:00:00+00:00,365,2098.279966080636,2094.1693817633422,29.80276794280787,29.634938014932168
2813,2023-09-14 00:00:00+00:00,2024-09-12 00:00:00+00:00,365,2092.5935644822525,2088.4366604838137,29.570599400220406,29.400878298694984
2814,2023-09-15 00:00:00+00:00,2024-09-13 00:00:00+00:00,365,2086.8386102549402,2082.6456091846107,29.33563194101166,29.164437041966394
2815,2023-09-16 00:00:00+00:00,2024-09-14 00:00:00+00:00,365,2081.1681109609262,2076.939592655094,29.10411266927947,28.931467646696372
2816,2023-09-17 00:00:00+00:00,2024-09-15 00:00:00+00:00,365,2075.5081966704793,2071.2560645628564,28.87302556977587,28.699416425708936
2817,2023-09-18 00:00:00+00:00,2024-09-16 00:00:00+00:00,365,2069.8992251170266,2065.623637225193,28.644018397410502,28.46945158351648
2818,2023-09-19 00:00:00+00:00,2024-09-17 00:00:00+00:00,365,2064.2125852153763,2059.93542246554,28.411840125203835,28.237209011861218
2819,2023-09-20 00:00:00+00:00,2024-09-18 00:00:00+00:00,365,2058.6372575876403,2054.337389781779,28.18420659152111,28.008648459628116
2820,2023-09-21 00:00:00+00:00,2024-09-19 00:00:00+00:00,365,2052.9075124593664,2048.589289194573,27.95026838775317,27.77396082582519
2821,2023-09-22 00:00:00+00:00,2024-09-20 00:00:00+00:00,365,2046.9753103940288,2042.6167273839926,27.708064124826095,27.53010872584859
2822,2023-09-23 00:00:00+00:00,2024-09-21 00:00:00+00:00,365,2041.0134995013882,2036.633235604574,27.464650971150846,27.285810369150287
2823,2023-09-24 00:00:00+00:00,2024-09-22 00:00:00+00:00,365,2035.063270297614,2030.6337714760098,27.221710683096912,27.0408598817576
2824,2023-09-25 00:00:00+00:00,2024-09-23 00:00:00+00:00,365,2029.0066373019688,2024.536968392293,26.974426063595907,26.79193516866809
2825,2023-09-26 00:00:00+00:00,2024-09-24 00:00:00+00:00,365,2022.9132251553988,2018.3733404589168,26.725639798155893,26.54028208198667
2826,2023-09-27 00:00:00+00:00,2024-09-25 00:00:00+00:00,365,2016.8338126192543,2012.258849820731,26.701104938876668,26.512737037619626
2827,2023-09-28 00:00:00+00:00,2024-09-26 00:00:00+00:00,365,2010.7143740348724,2006.0671322946432,27.091007441185923,26.895020060471815
2828,2023-09-29 00:00:00+00:00,2024-09-27 00:00:00+00:00,365,2004.8036852514324,2000.0983066917527,26.84173691091531,26.6432977354369
2829,2023-09-30 00:00:00+00:00,2024-09-28 00:00:00+00:00,365,1998.8710632689915,1994.0832929789854,26.59154139536028,26.38962752665053
2830,2023-10-01 00:00:00+00:00,2024-09-29 00:00:00+00:00,365,1992.9424822799194,1988.1030504966852,26.341516299970607,26.137423719390995
2831,2023-10-02 00:00:00+00:00,2024-09-30 00:00:00+00:00,365,1987.540426761564,1982.6317566752257,26.11369627882782,25.90668372239393
2832,2023-10-03 00:00:00+00:00,2024-10-01 00:00:00+00:00,365,1982.1596640779894,1977.1947451746946,25.88677423699189,25.677389508220127
2833,2023-10-04 00:00:00+00:00,2024-10-02 00:00:00+00:00,365,1976.7660487516187,1971.7245945673276,25.659310162712266,25.44669772380767
2834,2023-10-05 00:00:00+00:00,2024-10-03 00:00:00+00:00,365,1971.4602797625807,1966.3771966655327,25.435550817930608,25.22118276956361
2835,2023-10-06 00:00:00+00:00,2024-10-04 00:00:00+00:00,365,1965.9531809727177,1960.8029749431453,25.20330082374248,24.986102010705455
2836,2023-10-07 00:00:00+00:00,2024-10-05 00:00:00+00:00,365,1960.6120157846483,1955.4146593052294,24.97804872073493,24.758861439337224
2837,2023-10-08 00:00:00+00:00,2024-10-06 00:00:00+00:00,365,1955.261023207334,1949.9837162176764,24.7523821688166,24.52982314737086
2838,2023-10-09 00:00:00+00:00,2024-10-07 00:00:00+00:00,365,1949.8777486181546,1944.566103837796,24.52535419278839,24.30134704920156
2839,2023-10-10 00:00:00+00:00,2024-10-08 00:00:00+00:00,365,1944.4179411845193,1939.0463746342452,24.29509860938317,24.068564394602298
2840,2023-10-11 00:00:00+00:00,2024-10-09 00:00:00+00:00,365,1938.9855068695388,1933.5744558541683,24.065997428121626,23.837798041325676
2841,2023-10-12 00:00:00+00:00,2024-10-10 00:00:00+00:00,365,1933.4306878662935,1927.911776717107,23.83173493702658,23.59898678210284
2842,2023-10-13 00:00:00+00:00,2024-10-11 00:00:00+00:00,365,1927.5852360925026,1922.0526842519312,23.726155095028343,23.491437389928954
2843,2023-10-14 00:00:00+00:00,2024-10-12 00:00:00+00:00,365,1921.7643582430692,1916.1808036081106,23.506233737529687,23.2690795556527
2844,2023-10-15 00:00:00+00:00,2024-10-13 00:00:00+00:00,365,1915.9841873358441,1910.3469776641923,23.6302540997424,23.38701729801886
2845,2023-10-16 00:00:00+00:00,2024-10-14 00:00:00+00:00,365,1910.1157950384336,1904.3940431455842,25.062386148126354,24.797702583119914
2846,2023-10-17 00:00:00+00:00,2024-10-15 00:00:00+00:00,365,1904.6338767072787,1898.87643727779,24.80879708761893,24.542462646342273
2847,2023-10-18 00:00:00+00:00,2024-10-16 00:00:00+00:00,365,1899.126608396842,1893.2898590071,24.554035357793644,24.284032102591897
2848,2023-10-19 00:00:00+00:00,2024-10-17 00:00:00+00:00,365,1893.5843179359233,1887.687066482838,24.809224742883835,24.53067904326515
2849,2023-10-20 00:00:00+00:00,2024-10-18 00:00:00+00:00,365,1888.1328251040559,1882.14377621225,26.0146019628625,25.714865421191085
2850,2023-10-21 00:00:00+00:00,2024-10-19 00:00:00+00:00,365,1883.0002825660977,1876.9285719907125,26.077176019369375,25.769533864887066
2851,2023-10-22 00:00:00+00:00,2024-10-20 00:00:00+00:00,365,1877.9429502126052,1871.7424196001105,25.911087981343677,25.595821791005125
2852,2023-10-23 00:00:00+00:00,2024-10-21 00:00:00+00:00,365,1872.9605987656928,1866.6676114294532,30.286380332840086,29.908691598075272
2853,2023-10-24 00:00:00+00:00,2024-10-22 00:00:00+00:00,365,1869.2013811986776,1862.4171877850663,31.636865652910057,31.208347857918184
2854,2023-10-25 00:00:00+00:00,2024-10-23 00:00:00+00:00,365,1865.3049517298668,1858.4416416387335,31.418367328020135,30.98447080632335
2855,2023-10-26 00:00:00+00:00,2024-10-24 00:00:00+00:00,365,1861.3186536753085,1854.5190577461208,31.16635469310305,30.736486162693843
2856,2023-10-27 00:00:00+00:00,2024-10-25 00:00:00+00:00,365,1857.2521633933395,1850.638540825101,30.90927232826286,30.49116098110381
2857,2023-10-28 00:00:00+00:00,2024-10-26 00:00:00+00:00,365,1853.0663343357728,1846.6437425466602,30.974486273945818,30.564081523594837
2858,2023-10-29 00:00:00+00:00,2024-10-27 00:00:00+00:00,365,1848.8656671150725,1842.6363732757536,31.39441474232063,30.987438429602072
2859,2023-10-30 00:00:00+00:00,2024-10-28 00:00:00+00:00,365,1844.6937450443586,1838.6338090428767,31.121851992017945,30.725940276692086
2860,2023-10-31 00:00:00+00:00,2024-10-29 00:00:00+00:00,365,1840.3499122421454,1834.4610837349915,31.07821969116803,30.690490645716135
2861,2023-11-01 00:00:00+00:00,2024-10-30 00:00:00+00:00,365,1836.0510431827136,1830.332653494583,30.916745330894408,30.53875189668493
2862,2023-11-02 00:00:00+00:00,2024-10-31 00:00:00+00:00,365,1832.078769347897,1826.4937764680512,30.654172559479516,30.284996838022437
2863,2023-11-03 00:00:00+00:00,2024-11-01 00:00:00+00:00,365,1827.9576741324204,1822.5826974918941,30.381762489834287,30.026469131047396
2864,2023-11-04 00:00:00+00:00,2024-11-02 00:00:00+00:00,365,1823.8092737882116,1818.6458622420878,30.62300077257063,30.2758488178728
2865,2023-11-05 00:00:00+00:00,2024-11-03 00:00:00+00:00,365,1819.7861192405574,1814.823866100221,30.3525117842741,30.01888432460232
2866,2023-11-06 00:00:00+00:00,2024-11-04 00:00:00+00:00,365,1815.8139949190995,1811.0616399744413,30.085453714201794,29.765938352368092
2867,2023-11-07 00:00:00+00:00,2024-11-05 00:00:00+00:00,365,1811.7304462529928,1807.1777076126427,30.472915618409285,30.160023623396135
2868,2023-11-08 00:00:00+00:00,2024-11-06 00:00:00+00:00,365,1807.4378530617473,1803.0617843997754,32.67150900050168,32.37754695967214
2869,2023-11-09 00:00:00+00:00,2024-11-07 00:00:00+00:00,365,1803.2255113901106,1799.0146855612845,32.60602371722551,32.32407170067989
2870,2023-11-10 00:00:00+00:00,2024-11-08 00:00:00+00:00,365,1799.197431109426,1795.1254623649293,32.75089211523001,32.47990839546563
2871,2023-11-11 00:00:00+00:00,2024-11-09 00:00:00+00:00,365,1795.2953305113356,1791.3610056545667,32.71359436593519,32.45263312740694
2872,2023-11-12 00:00:00+00:00,2024-11-10 00:00:00+00:00,365,1791.112988816235,1787.3595481408229,34.9581903958549,34.71852033908821
2873,2023-11-13 00:00:00+00:00,2024-11-11 00:00:00+00:00,365,1786.6147531930528,1783.0487366426835,39.25821425355405,39.04650059659369
2874,2023-11-14 00:00:00+00:00,2024-11-12 00:00:00+00:00,365,1781.9935078283509,1778.6631266485706,38.98385188252949,38.7861278482509
2875,2023-11-15 00:00:00+00:00,2024-11-13 00:00:00+00:00,365,1777.0489374008457,1773.9969497107404,40.18437764279962,40.00146044150601
2876,2023-11-16 00:00:00+00:00,2024-11-14 00:00:00+00:00,365,1772.7137761016686,1769.898499114573,39.92455497884435,39.75582474804579
2877,2023-11-17 00:00:00+00:00,2024-11-15 00:00:00+00:00,365,1767.847090239479,1765.3280013258857,39.96911144284579,39.818973813883005
2878,2023-11-18 00:00:00+00:00,2024-11-16 00:00:00+00:00,365,1763.087629830809,1760.8612701093298,39.685447735287084,39.55275675800661
2879,2023-11-19 00:00:00+00:00,2024-11-17 00:00:00+00:00,365,1758.3657737690069,1756.424258733362,39.40402524575247,39.28831100380001
2880,2023-11-20 00:00:00+00:00,2024-11-18 00:00:00+00:00,365,1753.8081911504319,1752.1315385518055,39.132393448850664,39.03246500075434
2881,2023-11-21 00:00:00+00:00,2024-11-19 00:00:00+00:00,365,1749.2185529496212,1747.7984876351393,39.338326044168234,39.254353913733745
2882,2023-11-22 00:00:00+00:00,2024-11-20 00:00:00+00:00,365,1744.2522230771629,1743.105184609421,42.00827096905548,41.93764220608846
2883,2023-11-23 00:00:00+00:00,2024-11-21 00:00:00+00:00,365,1739.4494706728651,1738.5604698665747,43.36085057653648,43.307658446790214
2884,2023-11-24 00:00:00+00:00,2024-11-22 00:00:00+00:00,365,1734.6188234131287,1733.9867913444923,43.208706634828225,43.170980808215745
2885,2023-11-25 00:00:00+00:00,2024-11-23 00:00:00+00:00,365,1729.9118980556,1729.527253514785,42.92775150813797,42.90479217747373
2886,2023-11-26 00:00:00+00:00,2024-11-24 00:00:00+00:00,365,1725.2148781748513,1725.0755287533875,42.64738763673057,42.63906990670774
2887,2023-11-27 00:00:00+00:00,2024-11-25 00:00:00+00:00,365,1720.6101890240661,1720.7013375656304,42.372534962115964,42.37797559439663
2888,2023-11-28 00:00:00+00:00,2024-11-26 00:00:00+00:00,365,1716.0109534163366,1716.3242642972161,42.98144326270483,43.000537159801425
2889,2023-11-29 00:00:00+00:00,2024-11-27 00:00:00+00:00,365,1711.407231209619,1711.9359718026385,42.70088167534581,42.733104362427625
2890,2023-11-30 00:00:00+00:00,2024-11-28 00:00:00+00:00,365,1706.8175820309602,1707.558685165031,42.42117773119674,42.46634228769153
2891,2023-12-01 00:00:00+00:00,2024-11-29 00:00:00+00:00,365,1702.1622687480242,1703.1068478147824,43.955926541671445,44.0159756244486
2892,2023-12-02 00:00:00+00:00,2024-11-30 00:00:00+00:00,365,1697.7108606680654,1698.8682673231353,45.09713401734552,45.1731124881453
2893,2023-12-03 00:00:00+00:00,2024-12-01 00:00:00+00:00,365,1693.4107851853648,1694.7364739579725,45.032183186265335,45.11963064053987
2894,2023-12-04 00:00:00+00:00,2024-12-02 00:00:00+00:00,365,1689.2650479239755,1690.745464692678,44.75871464893554,44.85636854807335
2895,2023-12-05 00:00:00+00:00,2024-12-03 00:00:00+00:00,365,1685.457649355492,1687.0619039380008,44.50756421370371,44.61338692424284
2896,2023-12-06 00:00:00+00:00,2024-12-04 00:00:00+00:00,365,1681.9205005793126,1683.6143527627544,44.27424047870765,44.38597338647602
2897,2023-12-07 00:00:00+00:00,2024-12-05 00:00:00+00:00,365,1678.3390700730479,1680.1774517964773,44.037995753018414,44.159262376844836
2898,2023-12-08 00:00:00+00:00,2024-12-06 00:00:00+00:00,365,1674.607222218901,1676.5886103899802,44.16972820281806,44.29954935123103
2899,2023-12-09 00:00:00+00:00,2024-12-07 00:00:00+00:00,365,1671.0265190153746,1673.1311807568175,43.94415878940261,44.082034625896206
2900,2023-12-10 00:00:00+00:00,2024-12-08 00:00:00+00:00,365,1667.3500089846848,1669.5855286357928,44.0022694590225,44.14794006380688
2901,2023-12-11 00:00:00+00:00,2024-12-09 00:00:00+00:00,365,1663.868235925062,1666.133965681283,43.77539067177237,43.923029823010914
2902,2023-12-12 00:00:00+00:00,2024-12-10 00:00:00+00:00,365,1659.930259291068,1662.3149997385199,43.5187848138832,43.674178922390325
2903,2023-12-13 00:00:00+00:00,2024-12-11 00:00:00+00:00,365,1655.8430661362124,1658.4123344132895,43.4369671323905,43.60384106536742
2904,2023-12-14 00:00:00+00:00,2024-12-12 00:00:00+00:00,365,1652.0329961275952,1654.769074285175,43.18950314704965,43.36721137906308
2905,2023-12-15 00:00:00+00:00,2024-12-13 00:00:00+00:00,365,1648.2112286676186,1651.107363044934,42.94127941243248,43.129383293325
2906,2023-12-16 00:00:00+00:00,2024-12-14 00:00:00+00:00,365,1644.226554585977,1647.2835846981343,42.703010763233166,42.9014936810479
2907,2023-12-17 00:00:00+00:00,2024-12-15 00:00:00+00:00,365,1640.2060524924445,1643.412296656537,43.543393055650455,43.74758042981778
2908,2023-12-18 00:00:00+00:00,2024-12-16 00:00:00+00:00,365,1636.0255412730075,1639.3873511330657,43.69971032801194,43.91220992100853
2909,2023-12-19 00:00:00+00:00,2024-12-17 00:00:00+00:00,365,1632.037686798205,1635.5432834447656,43.53033307257436,43.7515973900019
2910,2023-12-20 00:00:00+00:00,2024-12-18 00:00:00+00:00,365,1628.143389043959,1631.7889943937917,43.28453493282025,43.514636242431074
2911,2023-12-21 00:00:00+00:00,2024-12-19 00:00:00+00:00,365,1624.5448767647545,1628.3102700050836,43.05740601769137,43.295068033367095
2912,2023-12-22 00:00:00+00:00,2024-12-20 00:00:00+00:00,365,1620.988550478874,1624.8717971899882,42.832939774843105,43.078040400946335
2913,2023-12-23 00:00:00+00:00,2024-12-21 00:00:00+00:00,365,1617.4782589453562,1621.468245336035,42.61137912812766,42.863216890508234
2914,2023-12-24 00:00:00+00:00,2024-12-22 00:00:00+00:00,365,1613.9941968317798,1618.088108006724,42.39147401548672,42.649871245134264
2915,2023-12-25 00:00:00+00:00,2024-12-23 00:00:00+00:00,365,1610.4327457016925,1614.6210952828292,42.16668430554578,42.431042246476416
2916,2023-12-26 00:00:00+00:00,2024-12-24 00:00:00+00:00,365,1606.842576737034,1611.1183049749459,41.94008199914695,42.20995505798712
2917,2023-12-27 00:00:00+00:00,2024-12-25 00:00:00+00:00,365,1603.0914860582138,1607.4313802993413,41.70332272466731,41.977245777940674
2918,2023-12-28 00:00:00+00:00,2024-12-26 00:00:00+00:00,365,1599.5471461427423,1603.9889928719695,41.4796130309416,41.75997106517934
2919,2023-12-29 00:00:00+00:00,2024-12-27 00:00:00+00:00,365,1595.9374120408374,1600.4761611194624,41.251775822991135,41.53825008632148
2920,2023-12-30 00:00:00+00:00,2024-12-28 00:00:00+00:00,365,1592.195085823134,1596.8329624319535,41.01556973893872,41.30830067909706
2921,2023-12-31 00:00:00+00:00,2024-12-29 00:00:00+00:00,365,1588.5419183268207,1593.2729299398582,40.78499112593336,41.08360050996718
2922,2024-01-01 00:00:00+00:00,2024-12-30 00:00:00+00:00,365,1584.9190715996838,1589.7444513583678,40.55632628252903,40.86089194317952
2923,2024-01-02 00:00:00+00:00,2024-12-31 00:00:00+00:00,365,1581.547578244863,1586.4584426765605,40.34352622277379,40.6534874579104
2924,2024-01-03 00:00:00+00:00,2025-01-01 00:00:00+00:00,365,1578.2190197951923,1583.2627292356674,40.13343610470312,40.45178217790138
2925,2024-01-04 00:00:00+00:00,2025-01-02 00:00:00+00:00,365,1574.5714234460374,1579.6863506607547,39.9032091282942,40.22605028572351
2926,2024-01-05 00:00:00+00:00,2025-01-03 00:00:00+00:00,365,1571.107101563698,1576.2871839636496,39.6845499686909,40.01150355519897
2927,2024-01-06 00:00:00+00:00,2025-01-04 00:00:00+00:00,365,1567.6233186630573,1572.8702636368055,39.46466247925818,39.79583626085546
2928,2024-01-07 00:00:00+00:00,2025-01-05 00:00:00+00:00,365,1564.101699051358,1569.4158401953687,39.242386833146256,39.57780186559065
2929,2024-01-08 00:00:00+00:00,2025-01-06 00:00:00+00:00,365,1560.4615521577957,1565.8483489917526,39.01263004737051,39.35263092161702
2930,2024-01-09 00:00:00+00:00,2025-01-07 00:00:00+00:00,365,1557.2405965615724,1562.8420155780566,38.809331546910684,39.16287882580941
2931,2024-01-10 00:00:00+00:00,2025-01-08 00:00:00+00:00,365,1554.1661467878077,1559.7796765668893,38.61528012022282,38.9695917995617
2932,2024-01-11 00:00:00+00:00,2025-01-09 00:00:00+00:00,365,1551.2751279976865,1556.8946316200208,38.43280638928348,38.78749512236898
2933,2024-01-12 00:00:00+00:00,2025-01-10 00:00:00+00:00,365,1548.2541942153173,1553.8788675415758,38.24213275545128,38.59714778706037
2934,2024-01-13 00:00:00+00:00,2025-01-11 00:00:00+00:00,365,1544.7566730484377,1550.3761614634386,38.021378141700374,38.37606591493778
2935,2024-01-14 00:00:00+00:00,2025-01-12 00:00:00+00:00,365,1541.272594226544,1546.8856212955752,37.801471974473074,38.155751924036
2936,2024-01-15 00:00:00+00:00,2025-01-13 00:00:00+00:00,365,1537.6315132060158,1543.248044620344,37.57165622898622,37.926157363884585
2937,2024-01-16 00:00:00+00:00,2025-01-14 00:00:00+00:00,365,1534.0247171601982,1539.6430657140638,37.3440044636409,37.698620291751276
2938,2024-01-17 00:00:00+00:00,2025-01-15 00:00:00+00:00,365,1530.4004244971024,1536.031923571637,37.11524835644749,37.470694211875035
2939,2024-01-18 00:00:00+00:00,2025-01-16 00:00:00+00:00,365,1526.7127705978032,1532.3544321080303,36.882493049661704,37.23858033210543
2940,2024-01-19 00:00:00+00:00,2025-01-17 00:00:00+00:00,365,1522.6904388739229,1528.341449409172,36.628613732363554,36.985291101416955
2941,2024-01-20 00:00:00+00:00,2025-01-18 00:00:00+00:00,365,1518.7278075067493,1524.3809593630333,36.37850254928297,36.73531507305752
2942,2024-01-21 00:00:00+00:00,2025-01-19 00:00:00+00:00,365,1514.9254524917274,1520.519756892857,36.13850760067945,36.491605823206626
2943,2024-01-22 00:00:00+00:00,2025-01-20 00:00:00+00:00,365,1511.0319269475767,1516.5944905510992,35.89275820085663,36.24385302521077
2944,2024-01-23 00:00:00+00:00,2025-01-21 00:00:00+00:00,365,1506.6284318467704,1512.2569298374528,35.845304971530275,36.20286047649696
2945,2024-01-24 00:00:00+00:00,2025-01-22 00:00:00+00:00,365,1502.3266400868008,1508.0019903727707,35.83082270583377,36.19397748082214
2946,2024-01-25 00:00:00+00:00,2025-01-23 00:00:00+00:00,365,1498.0770612196397,1503.7997560911917,35.55890030817765,35.925084572353065
2947,2024-01-26 00:00:00+00:00,2025-01-24 00:00:00+00:00,365,1493.8071446315207,1499.5526491597336,38.12225074433521,38.51944900995189
2948,2024-01-27 00:00:00+00:00,2025-01-25 00:00:00+00:00,365,1489.8590685020508,1495.6203846005856,38.032265122430424,38.43248170074833
2949,2024-01-28 00:00:00+00:00,2025-01-26 00:00:00+00:00,365,1485.9809940310179,1491.7808687957036,37.76287013199524,38.16576523326997
2950,2024-01-29 00:00:00+00:00,2025-01-27 00:00:00+00:00,365,1482.1153719583458,1487.9435187200181,38.37921343078384,38.79362722689697
2951,2024-01-30 00:00:00+00:00,2025-01-28 00:00:00+00:00,365,1478.459264452903,1484.3131475165878,38.11924376078646,38.5354875517592
2952,2024-01-31 00:00:00+00:00,2025-01-29 00:00:00+00:00,365,1474.671484326283,1480.5706928762263,37.849911431779695,38.26937811805503
2953,2024-02-01 00:00:00+00:00,2025-01-30 00:00:00+00:00,365,1470.821915342985,1476.7473960250782,37.57618556985405,37.9975203515054
2954,2024-02-02 00:00:00+00:00,2025-01-31 00:00:00+00:00,365,1467.1204529763036,1473.058052373527,37.31299091582886,37.73518740583221
2955,2024-02-03 00:00:00+00:00,2025-02-01 00:00:00+00:00,365,1463.4752405869604,1469.4326447132494,37.053795949456244,37.477400666343485
2956,2024-02-04 00:00:00+00:00,2025-02-02 00:00:00+00:00,365,1459.8878466378865,1465.8707217220497,36.79871219721347,37.22412804150962
2957,2024-02-05 00:00:00+00:00,2025-02-03 00:00:00+00:00,365,1456.169869170043,1462.1329064049291,36.5959828070207,37.020703437569416
2958,2024-02-06 00:00:00+00:00,2025-02-04 00:00:00+00:00,365,1452.5560994712591,1458.504510500113,37.0327289015398,37.46450087571384
2959,2024-02-07 00:00:00+00:00,2025-02-05 00:00:00+00:00,365,1449.0632893402276,1454.985586487549,38.4629150714877,38.91247086354427
2960,2024-02-08 00:00:00+00:00,2025-02-06 00:00:00+00:00,365,1445.7302666420703,1451.6324191297836,39.83647246778082,40.303571217862036
2961,2024-02-09 00:00:00+00:00,2025-02-07 00:00:00+00:00,365,1442.5691678623248,1448.431248247403,42.48687789861333,42.98479831706253
2962,2024-02-10 00:00:00+00:00,2025-02-08 00:00:00+00:00,365,1439.6173070940094,1445.4599678758173,43.23943972116261,43.747499226845825
2963,2024-02-11 00:00:00+00:00,2025-02-09 00:00:00+00:00,365,1436.7695594493393,1442.5721742254286,43.664113192144264,44.17658098704446
2964,2024-02-12 00:00:00+00:00,2025-02-10 00:00:00+00:00,365,1433.981073888289,1439.7017655644327,45.8330463622923,46.36638353826695
2965,2024-02-13 00:00:00+00:00,2025-02-11 00:00:00+00:00,365,1431.519320207858,1437.0808483539108,45.60353831847629,46.12203675947579
2966,2024-02-14 00:00:00+00:00,2025-02-12 00:00:00+00:00,365,1428.9027280337405,1434.3629365480278,47.39493648007794,47.926830763705205
2967,2024-02-15 00:00:00+00:00,2025-02-13 00:00:00+00:00,365,1426.6164901190577,1431.916481438277,47.17222760831055,47.68851468390308
2968,2024-02-16 00:00:00+00:00,2025-02-14 00:00:00+00:00,365,1424.2493574048035,1429.4540504235472,46.941638546371905,47.44864234621961
2969,2024-02-17 00:00:00+00:00,2025-02-15 00:00:00+00:00,365,1421.9128342550882,1427.0088159052561,46.71403124829081,47.210445167667935
2970,2024-02-18 00:00:00+00:00,2025-02-16 00:00:00+00:00,365,1419.570403858761,1424.5554297608032,46.48584850868644,46.97145391626238
2971,2024-02-19 00:00:00+00:00,2025-02-17 00:00:00+00:00,365,1417.2848424834929,1422.1618079197021,46.263205540528105,46.738284473902134
2972,2024-02-20 00:00:00+00:00,2025-02-18 00:00:00+00:00,365,1415.0808130811702,1419.7437574553217,46.04850483139321,46.50273537057378
2973,2024-02-21 00:00:00+00:00,2025-02-19 00:00:00+00:00,365,1412.7515795101933,1417.340831347446,45.82160763169955,46.26865957339252
2974,2024-02-22 00:00:00+00:00,2025-02-20 00:00:00+00:00,365,1410.3228336920954,1414.8305883975968,45.58501666385471,46.02412974050303
2975,2024-02-23 00:00:00+00:00,2025-02-21 00:00:00+00:00,365,1407.9148619692494,1412.3416182922963,45.350449359114144,45.781672155290956
2976,2024-02-24 00:00:00+00:00,2025-02-22 00:00:00+00:00,365,1405.4443406512742,1409.7832916639632,46.47346520276637,46.90891200241662
2977,2024-02-25 00:00:00+00:00,2025-02-23 00:00:00+00:00,365,1403.0696142672368,1407.322664383947,46.52949813897453,46.959041505552115
2978,2024-02-26 00:00:00+00:00,2025-02-24 00:00:00+00:00,365,1400.8668174171257,1405.010335813527,50.10801073781723,50.560841669934554
2979,2024-02-27 00:00:00+00:00,2025-02-25 00:00:00+00:00,365,1399.0072011993502,1403.0744203292845,49.90477965140354,50.34927209804819
2980,2024-02-28 00:00:00+00:00,2025-02-26 00:00:00+00:00,365,1397.5376282373768,1401.5341352586006,49.74417505634181,50.180939618846466
2981,2024-02-29 00:00:00+00:00,2025-02-27 00:00:00+00:00,365,1396.4847041290623,1400.385292450424,49.62910458728562,50.05538652364729
2982,2024-03-01 00:00:00+00:00,2025-02-28 00:00:00+00:00,365,1395.2579845385715,1399.1749592034398,49.49504060531054,49.92311334902342
2983,2024-03-02 00:00:00+00:00,2025-03-01 00:00:00+00:00,365,1394.035425507856,1397.984611861755,49.361431316661516,49.79302436552893
2984,2024-03-03 00:00:00+00:00,2025-03-02 00:00:00+00:00,365,1392.4913356055263,1396.4736993838121,49.19268302044249,49.62790191637346
2985,2024-03-04 00:00:00+00:00,2025-03-03 00:00:00+00:00,365,1391.2830394819903,1395.2984047577875,49.060632476062196,49.49945799261112
2986,2024-03-05 00:00:00+00:00,2025-03-04 00:00:00+00:00,365,1390.4059045079023,1394.4122673001464,48.964773399328294,49.40261506528728
2987,2024-03-06 00:00:00+00:00,2025-03-05 00:00:00+00:00,365,1389.1078059932765,1393.1514659800964,48.82290865923962,49.26482640783403
2988,2024-03-07 00:00:00+00:00,2025-03-06 00:00:00+00:00,365,1387.976364788497,1392.043526610666,48.69925732566735,49.14374350934265
2989,2024-03-08 00:00:00+00:00,2025-03-07 00:00:00+00:00,365,1387.0382398898182,1391.12402634997,48.59673286899301,49.043254475555635
2990,2024-03-09 00:00:00+00:00,2025-03-08 00:00:00+00:00,365,1386.1983845531222,1390.294676026138,48.50494795613005,48.95261761956415
2991,2024-03-10 00:00:00+00:00,2025-03-09 00:00:00+00:00,365,1385.583222176911,1389.692371533787,48.43771896724342,48.88679382476054
2992,2024-03-11 00:00:00+00:00,2025-03-10 00:00:00+00:00,365,1385.0599260758245,1389.1827126587514,48.3805297288816,48.83109495212015
2993,2024-03-12 00:00:00+00:00,2025-03-11 00:00:00+00:00,365,1384.5797561193294,1388.6989385434656,48.32805359913562,48.7782249362058
2994,2024-03-13 00:00:00+00:00,2025-03-12 00:00:00+00:00,365,1384.0149728994759,1388.13954775905,48.26633037567591,48.71709103354357
2995,2024-03-14 00:00:00+00:00,2025-03-13 00:00:00+00:00,365,1383.6465070865984,1387.7684663268637,48.22606200914866,48.676536814941755
2996,2024-03-15 00:00:00+00:00,2025-03-14 00:00:00+00:00,365,1383.0645460261278,1387.194438671109,48.162461478329796,48.613803298748785
2997,2024-03-16 00:00:00+00:00,2025-03-15 00:00:00+00:00,365,1382.347942717967,1386.4960576372896,48.08414635747148,48.537479627833704
2998,2024-03-17 00:00:00+00:00,2025-03-16 00:00:00+00:00,365,1381.444911560975,1385.630228434999,47.985457175614144,48.44285612017216
2999,2024-03-18 00:00:00+00:00,2025-03-17 00:00:00+00:00,365,1380.6731985306342,1384.879077754876,47.90111930199451,48.360765435372485
3000,2024-03-19 00:00:00+00:00,2025-03-18 00:00:00+00:00,365,1379.9220197436116,1384.150065920848,47.81902554548805,48.281094229226944
3001,2024-03-20 00:00:00+00:00,2025-03-19 00:00:00+00:00,365,1378.6115493432255,1382.88626792918,47.67580872438394,48.1429780757975
3002,2024-03-21 00:00:00+00:00,2025-03-20 00:00:00+00:00,365,1377.8113089460767,1382.1049726633942,47.588353192565,48.05759299248959
3003,2024-03-22 00:00:00+00:00,2025-03-21 00:00:00+00:00,365,1376.857536917485,1381.1781781150787,47.48411871466098,47.95630679099488
3004,2024-03-23 00:00:00+00:00,2025-03-22 00:00:00+00:00,365,1375.7768288959408,1380.1312655857012,47.366011836900384,47.84189330680833
3005,2024-03-24 00:00:00+00:00,2025-03-23 00:00:00+00:00,365,1374.68784827566,1379.0690811948139,47.24700087516126,47.725810813190414
3006,2024-03-25 00:00:00+00:00,2025-03-24 00:00:00+00:00,365,1373.7393575219448,1378.1350120788072,47.14334356969775,47.62372959911143
3007,2024-03-26 00:00:00+00:00,2025-03-25 00:00:00+00:00,365,1372.9574915629291,1377.3573447333927,47.05789611728161,47.53874099879361
3008,2024-03-27 00:00:00+00:00,2025-03-26 00:00:00+00:00,365,1372.1984384180626,1376.6024521046788,46.97494179917962,47.4562413692503
3009,2024-03-28 00:00:00+00:00,2025-03-27 00:00:00+00:00,365,1371.3792226979692,1375.7886704024409,46.885412519315146,47.36730595458326
3010,2024-03-29 00:00:00+00:00,2025-03-28 00:00:00+00:00,365,1370.7580622333394,1375.1700920063493,46.817528019891405,47.299703640585314
3011,2024-03-30 00:00:00+00:00,2025-03-29 00:00:00+00:00,365,1370.1555783055137,1374.572547403397,46.7516846151994,47.23440003778931
3012,2024-03-31 00:00:00+00:00,2025-03-30 00:00:00+00:00,365,1369.549281839748,1373.9720524781037,46.68542455129559,47.16877400437083
3013,2024-04-01 00:00:00+00:00,2025-03-31 00:00:00+00:00,365,1369.0237522792158,1373.4480382264496,46.62799122580158,47.11150628179348
3014,2024-04-02 00:00:00+00:00,2025-04-01 00:00:00+00:00,365,1368.3075700854797,1372.737091399116,46.54972212709623,47.03380933834877
3015,2024-04-03 00:00:00+00:00,2025-04-02 00:00:00+00:00,365,1367.4315033454188,1371.8751002333574,46.45397979399996,46.93960527655279
3016,2024-04-04 00:00:00+00:00,2025-04-03 00:00:00+00:00,365,1366.5795903643339,1371.0357674090417,46.360877142484625,46.847877467278025
3017,2024-04-05 00:00:00+00:00,2025-04-04 00:00:00+00:00,365,1365.8405784072415,1370.3029223718772,46.28011305714435,46.767787343492174
3018,2024-04-06 00:00:00+00:00,2025-04-05 00:00:00+00:00,365,1365.086654801582,1369.5571725805544,46.197719328811296,46.68628690332897
3019,2024-04-07 00:00:00+00:00,2025-04-06 00:00:00+00:00,365,1364.6323849630492,1369.109133365924,46.14807373423779,46.637322232299056
3020,2024-04-08 00:00:00+00:00,2025-04-07 00:00:00+00:00,365,1364.1282370543738,1368.6105743266967,46.09297713623337,46.5828364226922
3021,2024-04-09 00:00:00+00:00,2025-04-08 00:00:00+00:00,365,1363.8946829228462,1368.3784699968105,46.0674528052273,46.5574705355413
3022,2024-04-10 00:00:00+00:00,2025-04-09 00:00:00+00:00,365,1363.235487335826,1367.7241612041119,45.99541157756503,46.485963368890935
3023,2024-04-11 00:00:00+00:00,2025-04-10 00:00:00+00:00,365,1362.7947495905341,1367.2860418250802,45.947244859108274,46.43808280271369
3024,2024-04-12 00:00:00+00:00,2025-04-11 00:00:00+00:00,365,1362.166921710351,1366.6613721880328,45.878631700677644,46.36981479785693
3025,2024-04-13 00:00:00+00:00,2025-04-12 00:00:00+00:00,365,1361.2903456969577,1365.7912375478859,45.78283371084336,46.27472076364014
3026,2024-04-14 00:00:00+00:00,2025-04-13 00:00:00+00:00,365,1360.3109635776625,1364.8254005698575,45.6758003938525,46.16916774874009
3027,2024-04-15 00:00:00+00:00,2025-04-14 00:00:00+00:00,365,1359.366077108681,1363.8909608384338,45.57253698832122,46.06704603137169
3028,2024-04-16 00:00:00+00:00,2025-04-15 00:00:00+00:00,365,1358.3013069357562,1362.8435612962885,45.45617190344189,45.952579323227994
3029,2024-04-17 00:00:00+00:00,2025-04-16 00:00:00+00:00,365,1357.246889530002,1361.8040032411557,45.34093823702373,45.838969584339246
3030,2024-04-18 00:00:00+00:00,2025-04-17 00:00:00+00:00,365,1355.9824833243297,1360.5618564207527,45.20275561396918,45.70321961325232
3031,2024-04-19 00:00:00+00:00,2025-04-18 00:00:00+00:00,365,1354.8961275242996,1359.492800475889,45.08403150984407,45.5863861510385
3032,2024-04-20 00:00:00+00:00,2025-04-19 00:00:00+00:00,365,1353.7999356630123,1358.4145269251098,44.96423245627712,45.46854532824865
3033,2024-04-21 00:00:00+00:00,2025-04-20 00:00:00+00:00,365,1352.7843341854477,1357.4129425716021,44.85324084968868,45.35908560513341
3034,2024-04-22 00:00:00+00:00,2025-04-21 00:00:00+00:00,365,1351.6897321099389,1356.3320233044171,44.733615538363715,45.240955641060346
3035,2024-04-23 00:00:00+00:00,2025-04-22 00:00:00+00:00,365,1350.5191698779008,1355.1698215979372,44.605688801729585,45.113942597625886
3036,2024-04-24 00:00:00+00:00,2025-04-23 00:00:00+00:00,365,1349.3061438558025,1353.966881327853,44.473121342937446,44.9824773761231
3037,2024-04-25 00:00:00+00:00,2025-04-24 00:00:00+00:00,365,1347.9502907579858,1352.6179925775277,44.32494480228743,44.83506194515437
3038,2024-04-26 00:00:00+00:00,2025-04-25 00:00:00+00:00,365,1346.5805421430211,1351.262246533833,44.175249668166735,44.686897104082625
3039,2024-04-27 00:00:00+00:00,2025-04-26 00:00:00+00:00,365,1345.161321777232,1349.8597140319494,44.02014793586155,44.5336191312602
3040,2024-04-28 00:00:00+00:00,2025-04-27 00:00:00+00:00,365,1343.7523209035892,1348.4607921994325,43.86616305684667,44.3807357561247
3041,2024-04-29 00:00:00+00:00,2025-04-28 00:00:00+00:00,365,1342.2660722480068,1346.992460751159,43.703736032352225,44.22026684184249
3042,2024-04-30 00:00:00+00:00,2025-04-29 00:00:00+00:00,365,1340.8755561211703,1345.616919312522,43.551771287997184,44.069938629865696
3043,2024-05-01 00:00:00+00:00,2025-04-30 00:00:00+00:00,365,1339.2411071923252,1344.0059080912142,43.37314796329084,43.89387673193135
3044,2024-05-02 00:00:00+00:00,2025-05-01 00:00:00+00:00,365,1337.3428721771643,1342.1354543752464,43.165696360797746,43.68946125246355
3045,2024-05-03 00:00:00+00:00,2025-05-02 00:00:00+00:00,365,1335.5189256072174,1340.3342659049993,42.96636348801056,43.492615534435764
3046,2024-05-04 00:00:00+00:00,2025-05-03 00:00:00+00:00,365,1334.014160621438,1338.8399244900877,42.80191287721567,43.32930407999559
3047,2024-05-05 00:00:00+00:00,2025-05-04 00:00:00+00:00,365,1332.6189872838982,1337.4540719951895,42.64943916225592,43.177849008000024
3048,2024-05-06 00:00:00+00:00,2025-05-05 00:00:00+00:00,365,1331.2190965719583,1336.0661359720832,42.49644990160713,43.02616623434364
3049,2024-05-07 00:00:00+00:00,2025-05-06 00:00:00+00:00,365,1329.7012658352596,1334.5669225314948,42.3305713796504,42.86232233290613
3050,2024-05-08 00:00:00+00:00,2025-05-07 00:00:00+00:00,365,1328.1109860878196,1332.9965901871485,42.15677515348039,42.69070609009135
3051,2024-05-09 00:00:00+00:00,2025-05-08 00:00:00+00:00,365,1326.2586056622458,1331.1691989186097,41.95433484201055,42.49099675799471
3052,2024-05-10 00:00:00+00:00,2025-05-09 00:00:00+00:00,365,1324.5658349124783,1329.481781032909,41.769337725274234,42.30658463743627
3053,2024-05-11 00:00:00+00:00,2025-05-10 00:00:00+00:00,365,1322.68387074469,1327.6024750098845,41.56366430795548,42.101201719653396
3054,2024-05-12 00:00:00+00:00,2025-05-11 00:00:00+00:00,365,1320.8154172843003,1325.7345302493104,41.359467429568035,41.89706043532627
3055,2024-05-13 00:00:00+00:00,2025-05-12 00:00:00+00:00,365,1319.0193334319474,1323.936701215993,41.16317957774427,41.70058185865294
3056,2024-05-14 00:00:00+00:00,2025-05-13 00:00:00+00:00,365,1317.3030304412607,1322.2107775440004,40.97561070300647,41.51196157261039
3057,2024-05-15 00:00:00+00:00,2025-05-14 00:00:00+00:00,365,1315.5033115010042,1320.4051796578733,40.77892558487754,41.31463396462532
3058,2024-05-16 00:00:00+00:00,2025-05-15 00:00:00+00:00,365,1314.023852612761,1318.9132697275359,40.61724059079756,41.15158823880532
3059,2024-05-17 00:00:00+00:00,2025-05-16 00:00:00+00:00,365,1312.4794141730126,1317.3610794167776,40.44845420411795,40.98195467669669
3060,2024-05-18 00:00:00+00:00,2025-05-17 00:00:00+00:00,365,1311.0524627478846,1315.9243053556197,40.292507570820014,40.82493456115402
3061,2024-05-19 00:00:00+00:00,2025-05-18 00:00:00+00:00,365,1309.5563883446443,1314.4180591789886,40.12900672402166,40.66032207608472
3062,2024-05-20 00:00:00+00:00,2025-05-19 00:00:00+00:00,365,1308.0245602092846,1312.8772634310653,39.96159847431268,40.4919337867168
3063,2024-05-21 00:00:00+00:00,2025-05-20 00:00:00+00:00,365,1306.7469024589832,1311.5924994008083,40.26935981884654,40.79498151846839
3064,2024-05-22 00:00:00+00:00,2025-05-21 00:00:00+00:00,365,1305.3486752906579,1310.188075574984,41.635576479894915,42.14721965903783
3065,2024-05-23 00:00:00+00:00,2025-05-22 00:00:00+00:00,365,1303.8408260107922,1308.6794244391072,42.3592335369267,42.86307297041297
3066,2024-05-24 00:00:00+00:00,2025-05-23 00:00:00+00:00,365,1302.3383744579323,1307.1895951980068,42.20278444315533,42.70793822799776
3067,2024-05-25 00:00:00+00:00,2025-05-24 00:00:00+00:00,365,1300.8742022346894,1305.7350759740407,42.05032134574926,42.556480289783785
3068,2024-05-26 00:00:00+00:00,2025-05-25 00:00:00+00:00,365,1299.3943882641006,1304.2961400450745,41.89622948554374,42.40664502777262
3069,2024-05-27 00:00:00+00:00,2025-05-26 00:00:00+00:00,365,1297.8822312420223,1302.7982878885032,41.73876976892669,42.25067486550481
3070,2024-05-28 00:00:00+00:00,2025-05-27 00:00:00+00:00,365,1296.4508875044717,1301.3595662985845,41.589725075812375,42.10086192244941
3071,2024-05-29 00:00:00+00:00,2025-05-28 00:00:00+00:00,365,1294.9900542689966,1299.8900103072206,41.4376096645659,41.94783821752026
3072,2024-05-30 00:00:00+00:00,2025-05-29 00:00:00+00:00,365,1293.5383182403082,1298.4273925152006,41.28644153827841,41.79553698180996
3073,2024-05-31 00:00:00+00:00,2025-05-30 00:00:00+00:00,365,1292.1780544696587,1297.0553341244158,41.144798345988406,41.65266562503902
3074,2024-06-01 00:00:00+00:00,2025-05-31 00:00:00+00:00,365,1290.7409450536288,1295.6056324012325,40.99515327732698,41.50170932937736
3075,2024-06-02 00:00:00+00:00,2025-06-01 00:00:00+00:00,365,1289.2962363244262,1294.1503810585496,40.84471689818576,41.350175156219535
